month,series_id,name,code,unit,value
1982-01,14,同時指標不含趨勢指數,SR0004,(點),107.0671314
1982-02,14,同時指標不含趨勢指數,SR0004,(點),104.0714361
1982-03,14,同時指標不含趨勢指數,SR0004,(點),101.4269256
1982-04,14,同時指標不含趨勢指數,SR0004,(點),99.20773481
1982-05,14,同時指標不含趨勢指數,SR0004,(點),97.42415806
1982-06,14,同時指標不含趨勢指數,SR0004,(點),96.10652529
1982-07,14,同時指標不含趨勢指數,SR0004,(點),95.25408446
1982-08,14,同時指標不含趨勢指數,SR0004,(點),94.79217801
1982-09,14,同時指標不含趨勢指數,SR0004,(點),94.65591245
1982-10,14,同時指標不含趨勢指數,SR0004,(點),94.67290685
1982-11,14,同時指標不含趨勢指數,SR0004,(點),94.85603183
1982-12,14,同時指標不含趨勢指數,SR0004,(點),95.23036588
1983-01,14,同時指標不含趨勢指數,SR0004,(點),95.70812624
1983-02,14,同時指標不含趨勢指數,SR0004,(點),96.33069243
1983-03,14,同時指標不含趨勢指數,SR0004,(點),96.85092546
1983-04,14,同時指標不含趨勢指數,SR0004,(點),97.64339124
1983-05,14,同時指標不含趨勢指數,SR0004,(點),98.71060099
1983-06,14,同時指標不含趨勢指數,SR0004,(點),99.91389404
1983-07,14,同時指標不含趨勢指數,SR0004,(點),101.0014662
1983-08,14,同時指標不含趨勢指數,SR0004,(點),101.9408268
1983-09,14,同時指標不含趨勢指數,SR0004,(點),102.7069483
1983-10,14,同時指標不含趨勢指數,SR0004,(點),103.3205991
1983-11,14,同時指標不含趨勢指數,SR0004,(點),103.9794612
1983-12,14,同時指標不含趨勢指數,SR0004,(點),104.7519046
1984-01,14,同時指標不含趨勢指數,SR0004,(點),105.6276401
1984-02,14,同時指標不含趨勢指數,SR0004,(點),106.301472
1984-03,14,同時指標不含趨勢指數,SR0004,(點),106.6831555
1984-04,14,同時指標不含趨勢指數,SR0004,(點),106.6943109
1984-05,14,同時指標不含趨勢指數,SR0004,(點),106.3967729
1984-06,14,同時指標不含趨勢指數,SR0004,(點),105.8111335
1984-07,14,同時指標不含趨勢指數,SR0004,(點),104.8686878
1984-08,14,同時指標不含趨勢指數,SR0004,(點),103.6149757
1984-09,14,同時指標不含趨勢指數,SR0004,(點),102.1680174
1984-10,14,同時指標不含趨勢指數,SR0004,(點),100.7029406
1984-11,14,同時指標不含趨勢指數,SR0004,(點),99.31479348
1984-12,14,同時指標不含趨勢指數,SR0004,(點),98.02559296
1985-01,14,同時指標不含趨勢指數,SR0004,(點),96.81457736
1985-02,14,同時指標不含趨勢指數,SR0004,(點),95.46283883
1985-03,14,同時指標不含趨勢指數,SR0004,(點),93.6844926
1985-04,14,同時指標不含趨勢指數,SR0004,(點),91.96967892
1985-05,14,同時指標不含趨勢指數,SR0004,(點),90.42696878
1985-06,14,同時指標不含趨勢指數,SR0004,(點),89.16875226
1985-07,14,同時指標不含趨勢指數,SR0004,(點),88.19801071
1985-08,14,同時指標不含趨勢指數,SR0004,(點),87.79356422
1985-09,14,同時指標不含趨勢指數,SR0004,(點),88.06155349
1985-10,14,同時指標不含趨勢指數,SR0004,(點),89.00157689
1985-11,14,同時指標不含趨勢指數,SR0004,(點),90.67382453
1985-12,14,同時指標不含趨勢指數,SR0004,(點),92.87732846
1986-01,14,同時指標不含趨勢指數,SR0004,(點),95.27524952
1986-02,14,同時指標不含趨勢指數,SR0004,(點),97.36006228
1986-03,14,同時指標不含趨勢指數,SR0004,(點),98.84835383
1986-04,14,同時指標不含趨勢指數,SR0004,(點),99.8240571
1986-05,14,同時指標不含趨勢指數,SR0004,(點),100.5833234
1986-06,14,同時指標不含趨勢指數,SR0004,(點),101.2179487
1986-07,14,同時指標不含趨勢指數,SR0004,(點),101.6823806
1986-08,14,同時指標不含趨勢指數,SR0004,(點),101.9223869
1986-09,14,同時指標不含趨勢指數,SR0004,(點),102.3577572
1986-10,14,同時指標不含趨勢指數,SR0004,(點),103.0925652
1986-11,14,同時指標不含趨勢指數,SR0004,(點),103.9435124
1986-12,14,同時指標不含趨勢指數,SR0004,(點),104.7245856
1987-01,14,同時指標不含趨勢指數,SR0004,(點),105.2930268
1987-02,14,同時指標不含趨勢指數,SR0004,(點),105.531545
1987-03,14,同時指標不含趨勢指數,SR0004,(點),105.3887315
1987-04,14,同時指標不含趨勢指數,SR0004,(點),104.9058708
1987-05,14,同時指標不含趨勢指數,SR0004,(點),104.2721816
1987-06,14,同時指標不含趨勢指數,SR0004,(點),103.6611723
1987-07,14,同時指標不含趨勢指數,SR0004,(點),103.1589683
1987-08,14,同時指標不含趨勢指數,SR0004,(點),102.7802279
1987-09,14,同時指標不含趨勢指數,SR0004,(點),102.393914
1987-10,14,同時指標不含趨勢指數,SR0004,(點),101.9868025
1987-11,14,同時指標不含趨勢指數,SR0004,(點),101.6104599
1987-12,14,同時指標不含趨勢指數,SR0004,(點),101.2113532
1988-01,14,同時指標不含趨勢指數,SR0004,(點),100.7611368
1988-02,14,同時指標不含趨勢指數,SR0004,(點),100.2719881
1988-03,14,同時指標不含趨勢指數,SR0004,(點),99.73016681
1988-04,14,同時指標不含趨勢指數,SR0004,(點),99.3594959
1988-05,14,同時指標不含趨勢指數,SR0004,(點),99.17343673
1988-06,14,同時指標不含趨勢指數,SR0004,(點),99.09624773
1988-07,14,同時指標不含趨勢指數,SR0004,(點),99.14018918
1988-08,14,同時指標不含趨勢指數,SR0004,(點),99.22416023
1988-09,14,同時指標不含趨勢指數,SR0004,(點),99.3687051
1988-10,14,同時指標不含趨勢指數,SR0004,(點),99.63088564
1988-11,14,同時指標不含趨勢指數,SR0004,(點),99.9709849
1988-12,14,同時指標不含趨勢指數,SR0004,(點),100.2845809
1989-01,14,同時指標不含趨勢指數,SR0004,(點),100.4372462
1989-02,14,同時指標不含趨勢指數,SR0004,(點),100.6119255
1989-03,14,同時指標不含趨勢指數,SR0004,(點),100.8261439
1989-04,14,同時指標不含趨勢指數,SR0004,(點),100.9015393
1989-05,14,同時指標不含趨勢指數,SR0004,(點),100.7636909
1989-06,14,同時指標不含趨勢指數,SR0004,(點),100.4388674
1989-07,14,同時指標不含趨勢指數,SR0004,(點),99.98622169
1989-08,14,同時指標不含趨勢指數,SR0004,(點),99.34607925
1989-09,14,同時指標不含趨勢指數,SR0004,(點),98.55437754
1989-10,14,同時指標不含趨勢指數,SR0004,(點),97.7237052
1989-11,14,同時指標不含趨勢指數,SR0004,(點),97.06457319
1989-12,14,同時指標不含趨勢指數,SR0004,(點),96.56670355
1990-01,14,同時指標不含趨勢指數,SR0004,(點),96.19411129
1990-02,14,同時指標不含趨勢指數,SR0004,(點),95.98329084
1990-03,14,同時指標不含趨勢指數,SR0004,(點),95.87168364
1990-04,14,同時指標不含趨勢指數,SR0004,(點),95.75088623
1990-05,14,同時指標不含趨勢指數,SR0004,(點),95.73532004
1990-06,14,同時指標不含趨勢指數,SR0004,(點),95.9361582
1990-07,14,同時指標不含趨勢指數,SR0004,(點),96.30917367
1990-08,14,同時指標不含趨勢指數,SR0004,(點),96.70719672
1990-09,14,同時指標不含趨勢指數,SR0004,(點),97.12022597
1990-10,14,同時指標不含趨勢指數,SR0004,(點),97.36557249
1990-11,14,同時指標不含趨勢指數,SR0004,(點),97.44173058
1990-12,14,同時指標不含趨勢指數,SR0004,(點),97.41659432
1991-01,14,同時指標不含趨勢指數,SR0004,(點),97.41528789
1991-02,14,同時指標不含趨勢指數,SR0004,(點),97.5624931
1991-03,14,同時指標不含趨勢指數,SR0004,(點),98.04672497
1991-04,14,同時指標不含趨勢指數,SR0004,(點),98.85810959
1991-05,14,同時指標不含趨勢指數,SR0004,(點),99.90321199
1991-06,14,同時指標不含趨勢指數,SR0004,(點),101.0266312
1991-07,14,同時指標不含趨勢指數,SR0004,(點),101.9325186
1991-08,14,同時指標不含趨勢指數,SR0004,(點),102.5914193
1991-09,14,同時指標不含趨勢指數,SR0004,(點),102.9615576
1991-10,14,同時指標不含趨勢指數,SR0004,(點),102.8972818
1991-11,14,同時指標不含趨勢指數,SR0004,(點),102.5601732
1991-12,14,同時指標不含趨勢指數,SR0004,(點),102.0763012
1992-01,14,同時指標不含趨勢指數,SR0004,(點),101.5304582
1992-02,14,同時指標不含趨勢指數,SR0004,(點),101.0599858
1992-03,14,同時指標不含趨勢指數,SR0004,(點),100.7715922
1992-04,14,同時指標不含趨勢指數,SR0004,(點),100.6599792
1992-05,14,同時指標不含趨勢指數,SR0004,(點),100.3896064
1992-06,14,同時指標不含趨勢指數,SR0004,(點),100.0223047
1992-07,14,同時指標不含趨勢指數,SR0004,(點),99.54907743
1992-08,14,同時指標不含趨勢指數,SR0004,(點),98.98964844
1992-09,14,同時指標不含趨勢指數,SR0004,(點),98.29695921
1992-10,14,同時指標不含趨勢指數,SR0004,(點),97.71391485
1992-11,14,同時指標不含趨勢指數,SR0004,(點),97.27397781
1992-12,14,同時指標不含趨勢指數,SR0004,(點),97.07504559
1993-01,14,同時指標不含趨勢指數,SR0004,(點),97.11832957
1993-02,14,同時指標不含趨勢指數,SR0004,(點),97.29435171
1993-03,14,同時指標不含趨勢指數,SR0004,(點),97.48916996
1993-04,14,同時指標不含趨勢指數,SR0004,(點),97.5864848
1993-05,14,同時指標不含趨勢指數,SR0004,(點),97.70396953
1993-06,14,同時指標不含趨勢指數,SR0004,(點),97.8065595
1993-07,14,同時指標不含趨勢指數,SR0004,(點),97.9340121
1993-08,14,同時指標不含趨勢指數,SR0004,(點),97.92000462
1993-09,14,同時指標不含趨勢指數,SR0004,(點),97.75109751
1993-10,14,同時指標不含趨勢指數,SR0004,(點),97.64544045
1993-11,14,同時指標不含趨勢指數,SR0004,(點),97.68250497
1993-12,14,同時指標不含趨勢指數,SR0004,(點),97.94216754
1994-01,14,同時指標不含趨勢指數,SR0004,(點),98.3814321
1994-02,14,同時指標不含趨勢指數,SR0004,(點),98.89487649
1994-03,14,同時指標不含趨勢指數,SR0004,(點),99.42172536
1994-04,14,同時指標不含趨勢指數,SR0004,(點),99.90529082
1994-05,14,同時指標不含趨勢指數,SR0004,(點),100.2669668
1994-06,14,同時指標不含趨勢指數,SR0004,(點),100.3905545
1994-07,14,同時指標不含趨勢指數,SR0004,(點),100.4959215
1994-08,14,同時指標不含趨勢指數,SR0004,(點),100.7571949
1994-09,14,同時指標不含趨勢指數,SR0004,(點),101.2639032
1994-10,14,同時指標不含趨勢指數,SR0004,(點),101.9359828
1994-11,14,同時指標不含趨勢指數,SR0004,(點),102.6285891
1994-12,14,同時指標不含趨勢指數,SR0004,(點),103.1891461
1995-01,14,同時指標不含趨勢指數,SR0004,(點),103.5747957
1995-02,14,同時指標不含趨勢指數,SR0004,(點),103.7995159
1995-03,14,同時指標不含趨勢指數,SR0004,(點),103.5293764
1995-04,14,同時指標不含趨勢指數,SR0004,(點),103.0425135
1995-05,14,同時指標不含趨勢指數,SR0004,(點),102.3489109
1995-06,14,同時指標不含趨勢指數,SR0004,(點),101.4269048
1995-07,14,同時指標不含趨勢指數,SR0004,(點),100.3308018
1995-08,14,同時指標不含趨勢指數,SR0004,(點),99.20054516
1995-09,14,同時指標不含趨勢指數,SR0004,(點),98.18087375
1995-10,14,同時指標不含趨勢指數,SR0004,(點),97.36743403
1995-11,14,同時指標不含趨勢指數,SR0004,(點),96.70299821
1995-12,14,同時指標不含趨勢指數,SR0004,(點),96.20131157
1996-01,14,同時指標不含趨勢指數,SR0004,(點),95.93897571
1996-02,14,同時指標不含趨勢指數,SR0004,(點),95.78562754
1996-03,14,同時指標不含趨勢指數,SR0004,(點),95.80629203
1996-04,14,同時指標不含趨勢指數,SR0004,(點),95.9263939
1996-05,14,同時指標不含趨勢指數,SR0004,(點),96.15993686
1996-06,14,同時指標不含趨勢指數,SR0004,(點),96.58636373
1996-07,14,同時指標不含趨勢指數,SR0004,(點),97.08354674
1996-08,14,同時指標不含趨勢指數,SR0004,(點),97.68901481
1996-09,14,同時指標不含趨勢指數,SR0004,(點),98.38687772
1996-10,14,同時指標不含趨勢指數,SR0004,(點),99.08128016
1996-11,14,同時指標不含趨勢指數,SR0004,(點),99.74185813
1996-12,14,同時指標不含趨勢指數,SR0004,(點),100.2934005
1997-01,14,同時指標不含趨勢指數,SR0004,(點),100.6532568
1997-02,14,同時指標不含趨勢指數,SR0004,(點),100.788649
1997-03,14,同時指標不含趨勢指數,SR0004,(點),100.7463085
1997-04,14,同時指標不含趨勢指數,SR0004,(點),100.5737314
1997-05,14,同時指標不含趨勢指數,SR0004,(點),100.3881012
1997-06,14,同時指標不含趨勢指數,SR0004,(點),100.2453089
1997-07,14,同時指標不含趨勢指數,SR0004,(點),100.2909794
1997-08,14,同時指標不含趨勢指數,SR0004,(點),100.4781215
1997-09,14,同時指標不含趨勢指數,SR0004,(點),100.8422548
1997-10,14,同時指標不含趨勢指數,SR0004,(點),101.1538498
1997-11,14,同時指標不含趨勢指數,SR0004,(點),101.2539751
1997-12,14,同時指標不含趨勢指數,SR0004,(點),101.0099999
1998-01,14,同時指標不含趨勢指數,SR0004,(點),100.4363633
1998-02,14,同時指標不含趨勢指數,SR0004,(點),99.84795324
1998-03,14,同時指標不含趨勢指數,SR0004,(點),99.00036463
1998-04,14,同時指標不含趨勢指數,SR0004,(點),98.12177583
1998-05,14,同時指標不含趨勢指數,SR0004,(點),97.40309212
1998-06,14,同時指標不含趨勢指數,SR0004,(點),96.86513772
1998-07,14,同時指標不含趨勢指數,SR0004,(點),96.58234726
1998-08,14,同時指標不含趨勢指數,SR0004,(點),96.59618483
1998-09,14,同時指標不含趨勢指數,SR0004,(點),96.65081842
1998-10,14,同時指標不含趨勢指數,SR0004,(點),96.6356463
1998-11,14,同時指標不含趨勢指數,SR0004,(點),96.67914952
1998-12,14,同時指標不含趨勢指數,SR0004,(點),96.85288864
1999-01,14,同時指標不含趨勢指數,SR0004,(點),97.24624974
1999-02,14,同時指標不含趨勢指數,SR0004,(點),98.01656573
1999-03,14,同時指標不含趨勢指數,SR0004,(點),98.85179186
1999-04,14,同時指標不含趨勢指數,SR0004,(點),99.52762295
1999-05,14,同時指標不含趨勢指數,SR0004,(點),99.96785303
1999-06,14,同時指標不含趨勢指數,SR0004,(點),100.1428253
1999-07,14,同時指標不含趨勢指數,SR0004,(點),100.1286999
1999-08,14,同時指標不含趨勢指數,SR0004,(點),100.0588131
1999-09,14,同時指標不含趨勢指數,SR0004,(點),100.1892811
1999-10,14,同時指標不含趨勢指數,SR0004,(點),100.9146002
1999-11,14,同時指標不含趨勢指數,SR0004,(點),102.0002912
1999-12,14,同時指標不含趨勢指數,SR0004,(點),103.2934034
2000-01,14,同時指標不含趨勢指數,SR0004,(點),104.7215598
2000-02,14,同時指標不含趨勢指數,SR0004,(點),106.1875111
2000-03,14,同時指標不含趨勢指數,SR0004,(點),107.5370104
2000-04,14,同時指標不含趨勢指數,SR0004,(點),108.7725747
2000-05,14,同時指標不含趨勢指數,SR0004,(點),109.7526518
2000-06,14,同時指標不含趨勢指數,SR0004,(點),110.3679924
2000-07,14,同時指標不含趨勢指數,SR0004,(點),110.51857
2000-08,14,同時指標不含趨勢指數,SR0004,(點),110.1893528
2000-09,14,同時指標不含趨勢指數,SR0004,(點),109.4209057
2000-10,14,同時指標不含趨勢指數,SR0004,(點),108.1375471
2000-11,14,同時指標不含趨勢指數,SR0004,(點),106.4639599
2000-12,14,同時指標不含趨勢指數,SR0004,(點),104.6434615
2001-01,14,同時指標不含趨勢指數,SR0004,(點),102.7437616
2001-02,14,同時指標不含趨勢指數,SR0004,(點),100.8298288
2001-03,14,同時指標不含趨勢指數,SR0004,(點),98.81466844
2001-04,14,同時指標不含趨勢指數,SR0004,(點),96.80138195
2001-05,14,同時指標不含趨勢指數,SR0004,(點),94.92352719
2001-06,14,同時指標不含趨勢指數,SR0004,(點),93.3119962
2001-07,14,同時指標不含趨勢指數,SR0004,(點),91.98741855
2001-08,14,同時指標不含趨勢指數,SR0004,(點),91.11183528
2001-09,14,同時指標不含趨勢指數,SR0004,(點),90.79799479
2001-10,14,同時指標不含趨勢指數,SR0004,(點),91.14186084
2001-11,14,同時指標不含趨勢指數,SR0004,(點),91.87830464
2001-12,14,同時指標不含趨勢指數,SR0004,(點),92.99710875
2002-01,14,同時指標不含趨勢指數,SR0004,(點),94.44275734
2002-02,14,同時指標不含趨勢指數,SR0004,(點),96.12494536
2002-03,14,同時指標不含趨勢指數,SR0004,(點),97.77031727
2002-04,14,同時指標不含趨勢指數,SR0004,(點),99.07619662
2002-05,14,同時指標不含趨勢指數,SR0004,(點),99.90270664
2002-06,14,同時指標不含趨勢指數,SR0004,(點),100.2008008
2002-07,14,同時指標不含趨勢指數,SR0004,(點),100.1866254
2002-08,14,同時指標不含趨勢指數,SR0004,(點),100.0226337
2002-09,14,同時指標不含趨勢指數,SR0004,(點),99.81468832
2002-10,14,同時指標不含趨勢指數,SR0004,(點),99.62551839
2002-11,14,同時指標不含趨勢指數,SR0004,(點),99.4106429
2002-12,14,同時指標不含趨勢指數,SR0004,(點),99.09789348
2003-01,14,同時指標不含趨勢指數,SR0004,(點),98.62464486
2003-02,14,同時指標不含趨勢指數,SR0004,(點),97.92127428
2003-03,14,同時指標不含趨勢指數,SR0004,(點),97.13176907
2003-04,14,同時指標不含趨勢指數,SR0004,(點),96.5026465
2003-05,14,同時指標不含趨勢指數,SR0004,(點),96.27580775
2003-06,14,同時指標不含趨勢指數,SR0004,(點),96.6484913
2003-07,14,同時指標不含趨勢指數,SR0004,(點),97.60684744
2003-08,14,同時指標不含趨勢指數,SR0004,(點),98.92390256
2003-09,14,同時指標不含趨勢指數,SR0004,(點),100.3743909
2003-10,14,同時指標不含趨勢指數,SR0004,(點),101.7944566
2003-11,14,同時指標不含趨勢指數,SR0004,(點),103.0482851
2003-12,14,同時指標不含趨勢指數,SR0004,(點),103.9924636
2004-01,14,同時指標不含趨勢指數,SR0004,(點),104.4797049
2004-02,14,同時指標不含趨勢指數,SR0004,(點),104.5089113
2004-03,14,同時指標不含趨勢指數,SR0004,(點),104.2916848
2004-04,14,同時指標不含趨勢指數,SR0004,(點),103.9905486
2004-05,14,同時指標不含趨勢指數,SR0004,(點),103.6206267
2004-06,14,同時指標不含趨勢指數,SR0004,(點),103.1915547
2004-07,14,同時指標不含趨勢指數,SR0004,(點),102.7144686
2004-08,14,同時指標不含趨勢指數,SR0004,(點),102.2272078
2004-09,14,同時指標不含趨勢指數,SR0004,(點),101.7938801
2004-10,14,同時指標不含趨勢指數,SR0004,(點),101.3316512
2004-11,14,同時指標不含趨勢指數,SR0004,(點),100.8602406
2004-12,14,同時指標不含趨勢指數,SR0004,(點),100.4368602
2005-01,14,同時指標不含趨勢指數,SR0004,(點),100.0395184
2005-02,14,同時指標不含趨勢指數,SR0004,(點),99.7397557
2005-03,14,同時指標不含趨勢指數,SR0004,(點),99.53394226
2005-04,14,同時指標不含趨勢指數,SR0004,(點),99.33685082
2005-05,14,同時指標不含趨勢指數,SR0004,(點),99.17074258
2005-06,14,同時指標不含趨勢指數,SR0004,(點),99.07512752
2005-07,14,同時指標不含趨勢指數,SR0004,(點),99.18690251
2005-08,14,同時指標不含趨勢指數,SR0004,(點),99.60108784
2005-09,14,同時指標不含趨勢指數,SR0004,(點),100.1959362
2005-10,14,同時指標不含趨勢指數,SR0004,(點),100.8053895
2005-11,14,同時指標不含趨勢指數,SR0004,(點),101.3553079
2005-12,14,同時指標不含趨勢指數,SR0004,(點),101.7395664
2006-01,14,同時指標不含趨勢指數,SR0004,(點),101.9246195
2006-02,14,同時指標不含趨勢指數,SR0004,(點),101.9089453
2006-03,14,同時指標不含趨勢指數,SR0004,(點),101.7100369
2006-04,14,同時指標不含趨勢指數,SR0004,(點),101.3987393
2006-05,14,同時指標不含趨勢指數,SR0004,(點),101.037735
2006-06,14,同時指標不含趨勢指數,SR0004,(點),100.6663419
2006-07,14,同時指標不含趨勢指數,SR0004,(點),100.2097064
2006-08,14,同時指標不含趨勢指數,SR0004,(點),99.91671938
2006-09,14,同時指標不含趨勢指數,SR0004,(點),99.72829467
2006-10,14,同時指標不含趨勢指數,SR0004,(點),99.69979576
2006-11,14,同時指標不含趨勢指數,SR0004,(點),99.81663869
2006-12,14,同時指標不含趨勢指數,SR0004,(點),99.99243174
2007-01,14,同時指標不含趨勢指數,SR0004,(點),100.2734791
2007-02,14,同時指標不含趨勢指數,SR0004,(點),100.6680904
2007-03,14,同時指標不含趨勢指數,SR0004,(點),101.2091487
2007-04,14,同時指標不含趨勢指數,SR0004,(點),101.9034643
2007-05,14,同時指標不含趨勢指數,SR0004,(點),102.7817637
2007-06,14,同時指標不含趨勢指數,SR0004,(點),103.7363777
2007-07,14,同時指標不含趨勢指數,SR0004,(點),104.805596
2007-08,14,同時指標不含趨勢指數,SR0004,(點),105.8881235
2007-09,14,同時指標不含趨勢指數,SR0004,(點),106.965224
2007-10,14,同時指標不含趨勢指數,SR0004,(點),108.0768863
2007-11,14,同時指標不含趨勢指數,SR0004,(點),109.1237606
2007-12,14,同時指標不含趨勢指數,SR0004,(點),110.0675573
2008-01,14,同時指標不含趨勢指數,SR0004,(點),110.8485239
2008-02,14,同時指標不含趨勢指數,SR0004,(點),111.3099448
2008-03,14,同時指標不含趨勢指數,SR0004,(點),111.4344923
2008-04,14,同時指標不含趨勢指數,SR0004,(點),111.1563026
2008-05,14,同時指標不含趨勢指數,SR0004,(點),110.2137928
2008-06,14,同時指標不含趨勢指數,SR0004,(點),108.3820732
2008-07,14,同時指標不含趨勢指數,SR0004,(點),105.4787396
2008-08,14,同時指標不含趨勢指數,SR0004,(點),101.5548263
2008-09,14,同時指標不含趨勢指數,SR0004,(點),96.38934054
2008-10,14,同時指標不含趨勢指數,SR0004,(點),90.21864181
2008-11,14,同時指標不含趨勢指數,SR0004,(點),83.92612405
2008-12,14,同時指標不含趨勢指數,SR0004,(點),78.86858284
2009-01,14,同時指標不含趨勢指數,SR0004,(點),76.01002981
2009-02,14,同時指標不含趨勢指數,SR0004,(點),75.53252879
2009-03,14,同時指標不含趨勢指數,SR0004,(點),76.83950395
2009-04,14,同時指標不含趨勢指數,SR0004,(點),79.49645661
2009-05,14,同時指標不含趨勢指數,SR0004,(點),82.93471986
2009-06,14,同時指標不含趨勢指數,SR0004,(點),86.75263595
2009-07,14,同時指標不含趨勢指數,SR0004,(點),90.41251107
2009-08,14,同時指標不含趨勢指數,SR0004,(點),93.63353776
2009-09,14,同時指標不含趨勢指數,SR0004,(點),96.41594107
2009-10,14,同時指標不含趨勢指數,SR0004,(點),98.7074374
2009-11,14,同時指標不含趨勢指數,SR0004,(點),100.5995079
2009-12,14,同時指標不含趨勢指數,SR0004,(點),102.2353186
2010-01,14,同時指標不含趨勢指數,SR0004,(點),103.6081542
2010-02,14,同時指標不含趨勢指數,SR0004,(點),104.7651512
2010-03,14,同時指標不含趨勢指數,SR0004,(點),105.5980219
2010-04,14,同時指標不含趨勢指數,SR0004,(點),106.1513182
2010-05,14,同時指標不含趨勢指數,SR0004,(點),106.4892837
2010-06,14,同時指標不含趨勢指數,SR0004,(點),106.699966
2010-07,14,同時指標不含趨勢指數,SR0004,(點),106.8579438
2010-08,14,同時指標不含趨勢指數,SR0004,(點),107.0021334
2010-09,14,同時指標不含趨勢指數,SR0004,(點),107.2248785
2010-10,14,同時指標不含趨勢指數,SR0004,(點),107.5232388
2010-11,14,同時指標不含趨勢指數,SR0004,(點),107.8651842
2010-12,14,同時指標不含趨勢指數,SR0004,(點),108.1002291
2011-01,14,同時指標不含趨勢指數,SR0004,(點),108.0595874
2011-02,14,同時指標不含趨勢指數,SR0004,(點),107.735116
2011-03,14,同時指標不含趨勢指數,SR0004,(點),107.0970857
2011-04,14,同時指標不含趨勢指數,SR0004,(點),106.1873487
2011-05,14,同時指標不含趨勢指數,SR0004,(點),105.1223214
2011-06,14,同時指標不含趨勢指數,SR0004,(點),103.9825824
2011-07,14,同時指標不含趨勢指數,SR0004,(點),102.8112006
2011-08,14,同時指標不含趨勢指數,SR0004,(點),101.647811
2011-09,14,同時指標不含趨勢指數,SR0004,(點),100.5313565
2011-10,14,同時指標不含趨勢指數,SR0004,(點),99.57407393
2011-11,14,同時指標不含趨勢指數,SR0004,(點),98.83701019
2011-12,14,同時指標不含趨勢指數,SR0004,(點),98.36874326
2012-01,14,同時指標不含趨勢指數,SR0004,(點),98.21466228
2012-02,14,同時指標不含趨勢指數,SR0004,(點),98.32235135
2012-03,14,同時指標不含趨勢指數,SR0004,(點),98.67924398
2012-04,14,同時指標不含趨勢指數,SR0004,(點),98.92424642
2012-05,14,同時指標不含趨勢指數,SR0004,(點),98.98385722
2012-06,14,同時指標不含趨勢指數,SR0004,(點),98.85111565
2012-07,14,同時指標不含趨勢指數,SR0004,(點),98.70476555
2012-08,14,同時指標不含趨勢指數,SR0004,(點),98.53244691
2012-09,14,同時指標不含趨勢指數,SR0004,(點),98.35755001
2012-10,14,同時指標不含趨勢指數,SR0004,(點),98.21395212
2012-11,14,同時指標不含趨勢指數,SR0004,(點),98.13218194
2012-12,14,同時指標不含趨勢指數,SR0004,(點),98.21381573
2013-01,14,同時指標不含趨勢指數,SR0004,(點),98.52960574
2013-02,14,同時指標不含趨勢指數,SR0004,(點),98.8862759
2013-03,14,同時指標不含趨勢指數,SR0004,(點),99.29196633
2013-04,14,同時指標不含趨勢指數,SR0004,(點),99.7168167
2013-05,14,同時指標不含趨勢指數,SR0004,(點),100.0726813
2013-06,14,同時指標不含趨勢指數,SR0004,(點),100.2341668
2013-07,14,同時指標不含趨勢指數,SR0004,(點),100.1341989
2013-08,14,同時指標不含趨勢指數,SR0004,(點),99.95632469
2013-09,14,同時指標不含趨勢指數,SR0004,(點),99.79591691
2013-10,14,同時指標不含趨勢指數,SR0004,(點),99.73899078
2013-11,14,同時指標不含趨勢指數,SR0004,(點),99.82941991
2013-12,14,同時指標不含趨勢指數,SR0004,(點),100.040652
2014-01,14,同時指標不含趨勢指數,SR0004,(點),100.3442946
2014-02,14,同時指標不含趨勢指數,SR0004,(點),100.8089144
2014-03,14,同時指標不含趨勢指數,SR0004,(點),101.3698524
2014-04,14,同時指標不含趨勢指數,SR0004,(點),101.9942571
2014-05,14,同時指標不含趨勢指數,SR0004,(點),102.5638649
2014-06,14,同時指標不含趨勢指數,SR0004,(點),103.0326955
2014-07,14,同時指標不含趨勢指數,SR0004,(點),103.3856328
2014-08,14,同時指標不含趨勢指數,SR0004,(點),103.6204972
2014-09,14,同時指標不含趨勢指數,SR0004,(點),103.6891476
2014-10,14,同時指標不含趨勢指數,SR0004,(點),103.6459997
2014-11,14,同時指標不含趨勢指數,SR0004,(點),103.5098948
2014-12,14,同時指標不含趨勢指數,SR0004,(點),103.2690849
2015-01,14,同時指標不含趨勢指數,SR0004,(點),102.9470608
2015-02,14,同時指標不含趨勢指數,SR0004,(點),102.4767486
2015-03,14,同時指標不含趨勢指數,SR0004,(點),101.8395245
2015-04,14,同時指標不含趨勢指數,SR0004,(點),101.0973774
2015-05,14,同時指標不含趨勢指數,SR0004,(點),100.2752343
2015-06,14,同時指標不含趨勢指數,SR0004,(點),99.40884669
2015-07,14,同時指標不含趨勢指數,SR0004,(點),98.54873944
2015-08,14,同時指標不含趨勢指數,SR0004,(點),97.71024775
2015-09,14,同時指標不含趨勢指數,SR0004,(點),97.00668062
2015-10,14,同時指標不含趨勢指數,SR0004,(點),96.49323778
2015-11,14,同時指標不含趨勢指數,SR0004,(點),96.0425186
2015-12,14,同時指標不含趨勢指數,SR0004,(點),95.72952663
2016-01,14,同時指標不含趨勢指數,SR0004,(點),95.6227237
2016-02,14,同時指標不含趨勢指數,SR0004,(點),95.7765642
2016-03,14,同時指標不含趨勢指數,SR0004,(點),96.27507354
2016-04,14,同時指標不含趨勢指數,SR0004,(點),97.10613778
2016-05,14,同時指標不含趨勢指數,SR0004,(點),98.06879055
2016-06,14,同時指標不含趨勢指數,SR0004,(點),99.0498251
2016-07,14,同時指標不含趨勢指數,SR0004,(點),100.0036813
2016-08,14,同時指標不含趨勢指數,SR0004,(點),100.857844
2016-09,14,同時指標不含趨勢指數,SR0004,(點),101.6362986
2016-10,14,同時指標不含趨勢指數,SR0004,(點),102.3086276
2016-11,14,同時指標不含趨勢指數,SR0004,(點),102.5955747
2016-12,14,同時指標不含趨勢指數,SR0004,(點),102.4417971
2017-01,14,同時指標不含趨勢指數,SR0004,(點),101.8710268
2017-02,14,同時指標不含趨勢指數,SR0004,(點),101.1031425
2017-03,14,同時指標不含趨勢指數,SR0004,(點),100.467424
2017-04,14,同時指標不含趨勢指數,SR0004,(點),100.1213323
2017-05,14,同時指標不含趨勢指數,SR0004,(點),100.1415169
2017-06,14,同時指標不含趨勢指數,SR0004,(點),100.5062269
2017-07,14,同時指標不含趨勢指數,SR0004,(點),101.0415741
2017-08,14,同時指標不含趨勢指數,SR0004,(點),101.625485
2017-09,14,同時指標不含趨勢指數,SR0004,(點),102.1252684
2017-10,14,同時指標不含趨勢指數,SR0004,(點),102.4354412
2017-11,14,同時指標不含趨勢指數,SR0004,(點),102.616765
2017-12,14,同時指標不含趨勢指數,SR0004,(點),102.6500114
2018-01,14,同時指標不含趨勢指數,SR0004,(點),102.5593194
2018-02,14,同時指標不含趨勢指數,SR0004,(點),102.4818597
2018-03,14,同時指標不含趨勢指數,SR0004,(點),102.4267265
2018-04,14,同時指標不含趨勢指數,SR0004,(點),102.3548541
2018-05,14,同時指標不含趨勢指數,SR0004,(點),102.3030284
2018-06,14,同時指標不含趨勢指數,SR0004,(點),102.1738064
2018-07,14,同時指標不含趨勢指數,SR0004,(點),101.9353183
2018-08,14,同時指標不含趨勢指數,SR0004,(點),101.5970758
2018-09,14,同時指標不含趨勢指數,SR0004,(點),101.1138867
2018-10,14,同時指標不含趨勢指數,SR0004,(點),100.455747
2018-11,14,同時指標不含趨勢指數,SR0004,(點),99.70125877
2018-12,14,同時指標不含趨勢指數,SR0004,(點),98.95128023
2019-01,14,同時指標不含趨勢指數,SR0004,(點),98.29531191
2019-02,14,同時指標不含趨勢指數,SR0004,(點),97.80481457
2019-03,14,同時指標不含趨勢指數,SR0004,(點),97.59254508
2019-04,14,同時指標不含趨勢指數,SR0004,(點),97.59931523
2019-05,14,同時指標不含趨勢指數,SR0004,(點),97.76168805
2019-06,14,同時指標不含趨勢指數,SR0004,(點),97.99293315
2019-07,14,同時指標不含趨勢指數,SR0004,(點),98.19561015
2019-08,14,同時指標不含趨勢指數,SR0004,(點),98.36760201
2019-09,14,同時指標不含趨勢指數,SR0004,(點),98.47629166
2019-10,14,同時指標不含趨勢指數,SR0004,(點),98.52971437
2019-11,14,同時指標不含趨勢指數,SR0004,(點),98.46818493
2019-12,14,同時指標不含趨勢指數,SR0004,(點),98.15774879
2020-01,14,同時指標不含趨勢指數,SR0004,(點),97.50529906
2020-02,14,同時指標不含趨勢指數,SR0004,(點),96.57735929
2020-03,14,同時指標不含趨勢指數,SR0004,(點),95.60330893
2020-04,14,同時指標不含趨勢指數,SR0004,(點),94.8104399
2020-05,14,同時指標不含趨勢指數,SR0004,(點),94.51301151
2020-06,14,同時指標不含趨勢指數,SR0004,(點),94.83110089
2020-07,14,同時指標不含趨勢指數,SR0004,(點),95.7096457
2020-08,14,同時指標不含趨勢指數,SR0004,(點),96.97756228
2020-09,14,同時指標不含趨勢指數,SR0004,(點),98.44111158
2020-10,14,同時指標不含趨勢指數,SR0004,(點),99.95957161
2020-11,14,同時指標不含趨勢指數,SR0004,(點),101.426577
2020-12,14,同時指標不含趨勢指數,SR0004,(點),102.6970717
2021-01,14,同時指標不含趨勢指數,SR0004,(點),103.7174643
2021-02,14,同時指標不含趨勢指數,SR0004,(點),104.4429373
2021-03,14,同時指標不含趨勢指數,SR0004,(點),104.8521547
2021-04,14,同時指標不含趨勢指數,SR0004,(點),105.0547208
2021-05,14,同時指標不含趨勢指數,SR0004,(點),105.1167629
2021-06,14,同時指標不含趨勢指數,SR0004,(點),105.1746034
2021-07,14,同時指標不含趨勢指數,SR0004,(點),105.4802965
2021-08,14,同時指標不含趨勢指數,SR0004,(點),106.0797951
2021-09,14,同時指標不含趨勢指數,SR0004,(點),106.9087289
2021-10,14,同時指標不含趨勢指數,SR0004,(點),107.8024752
2021-11,14,同時指標不含趨勢指數,SR0004,(點),108.5755154
2021-12,14,同時指標不含趨勢指數,SR0004,(點),109.1468687
2022-01,14,同時指標不含趨勢指數,SR0004,(點),109.4621531
2022-02,14,同時指標不含趨勢指數,SR0004,(點),109.4929253
2022-03,14,同時指標不含趨勢指數,SR0004,(點),109.1543372
2022-04,14,同時指標不含趨勢指數,SR0004,(點),108.512874
2022-05,14,同時指標不含趨勢指數,SR0004,(點),107.5698868
2022-06,14,同時指標不含趨勢指數,SR0004,(點),106.4242006
2022-07,14,同時指標不含趨勢指數,SR0004,(點),105.0492549
2022-08,14,同時指標不含趨勢指數,SR0004,(點),103.4421539
2022-09,14,同時指標不含趨勢指數,SR0004,(點),101.7280554
2022-10,14,同時指標不含趨勢指數,SR0004,(點),100.0193645
2022-11,14,同時指標不含趨勢指數,SR0004,(點),98.35708245
2022-12,14,同時指標不含趨勢指數,SR0004,(點),96.88623557
2023-01,14,同時指標不含趨勢指數,SR0004,(點),95.63171684
2023-02,14,同時指標不含趨勢指數,SR0004,(點),94.6441241
2023-03,14,同時指標不含趨勢指數,SR0004,(點),93.95716673
2023-04,14,同時指標不含趨勢指數,SR0004,(點),93.60000278
2023-05,14,同時指標不含趨勢指數,SR0004,(點),93.56265693
2023-06,14,同時指標不含趨勢指數,SR0004,(點),93.83191466
2023-07,14,同時指標不含趨勢指數,SR0004,(點),94.33596638
2023-08,14,同時指標不含趨勢指數,SR0004,(點),94.84851394
2023-09,14,同時指標不含趨勢指數,SR0004,(點),95.31126086
2023-10,14,同時指標不含趨勢指數,SR0004,(點),95.59327974
2023-11,14,同時指標不含趨勢指數,SR0004,(點),95.71263046
2023-12,14,同時指標不含趨勢指數,SR0004,(點),95.80088605
2024-01,14,同時指標不含趨勢指數,SR0004,(點),95.92812461
2024-02,14,同時指標不含趨勢指數,SR0004,(點),96.15733272
2024-03,14,同時指標不含趨勢指數,SR0004,(點),96.51927625
2024-04,14,同時指標不含趨勢指數,SR0004,(點),96.94671389
2024-05,14,同時指標不含趨勢指數,SR0004,(點),97.35646239
2024-06,14,同時指標不含趨勢指數,SR0004,(點),97.67833618
2024-07,14,同時指標不含趨勢指數,SR0004,(點),97.84312767
2024-08,14,同時指標不含趨勢指數,SR0004,(點),97.86183208
2024-09,14,同時指標不含趨勢指數,SR0004,(點),97.73792463
2024-10,14,同時指標不含趨勢指數,SR0004,(點),97.62136396
2024-11,14,同時指標不含趨勢指數,SR0004,(點),97.66806672
2024-12,14,同時指標不含趨勢指數,SR0004,(點),97.88065648
2025-01,14,同時指標不含趨勢指數,SR0004,(點),98.28392586
2025-02,14,同時指標不含趨勢指數,SR0004,(點),98.91165831
2025-03,14,同時指標不含趨勢指數,SR0004,(點),99.62797639
2025-04,14,同時指標不含趨勢指數,SR0004,(點),100.284763
2025-05,14,同時指標不含趨勢指數,SR0004,(點),100.6464224
2025-06,14,同時指標不含趨勢指數,SR0004,(點),100.6789645
2025-07,14,同時指標不含趨勢指數,SR0004,(點),100.5672482
2025-08,14,同時指標不含趨勢指數,SR0004,(點),100.4933251
2025-09,14,同時指標不含趨勢指數,SR0004,(點),100.538691
2025-10,14,同時指標不含趨勢指數,SR0004,(點),100.8071502
2025-11,14,同時指標不含趨勢指數,SR0004,(點),101.3059922
2025-12,14,同時指標不含趨勢指數,SR0004,(點),101.9677743
2026-01,14,同時指標不含趨勢指數,SR0004,(點),102.8238047
2026-02,14,同時指標不含趨勢指數,SR0004,(點),103.7413368
2026-03,14,同時指標不含趨勢指數,SR0004,(點),104.6226689
2026-04,14,同時指標不含趨勢指數,SR0004,(點),105.3302959
2026-05,14,同時指標不含趨勢指數,SR0004,(點),105.9461306
2026-06,14,同時指標不含趨勢指數,SR0004,(點),106.4237691
2026-07,14,同時指標不含趨勢指數,SR0004,(點),106.8049538
1982-01,13,同時指標綜合指數,SR0003,(點),13.15273358
1982-02,13,同時指標綜合指數,SR0003,(點),12.89447756
1982-03,13,同時指標綜合指數,SR0003,(點),12.67474449
1982-04,13,同時指標綜合指數,SR0003,(點),12.50400114
1982-05,13,同時指標綜合指數,SR0003,(點),12.38495112
1982-06,13,同時指標綜合指數,SR0003,(點),12.3229379
1982-07,13,同時指標綜合指數,SR0003,(點),12.31943934
1982-08,13,同時指標綜合指數,SR0003,(點),12.36630587
1982-09,13,同時指標綜合指數,SR0003,(點),12.45634728
1982-10,13,同時指標綜合指數,SR0003,(點),12.5678105
1982-11,13,同時指標綜合指數,SR0003,(點),12.70294219
1982-12,13,同時指標綜合指數,SR0003,(點),12.86567739
1983-01,13,同時指標綜合指數,SR0003,(點),13.04466485
1983-02,13,同時指標綜合指數,SR0003,(點),13.24586528
1983-03,13,同時指標綜合指數,SR0003,(點),13.43538473
1983-04,13,同時指標綜合指數,SR0003,(點),13.66509388
1983-05,13,同時指標綜合指數,SR0003,(點),13.93614529
1983-06,13,同時指標綜合指數,SR0003,(點),14.22957728
1983-07,13,同時指標綜合指數,SR0003,(點),14.50946716
1983-08,13,同時指標綜合指數,SR0003,(點),14.77040585
1983-09,13,同時指標綜合指數,SR0003,(點),15.00790822
1983-10,13,同時指標綜合指數,SR0003,(點),15.224121
1983-11,13,同時指標綜合指數,SR0003,(點),15.44759474
1983-12,13,同時指標綜合指數,SR0003,(點),15.68849581
1984-01,13,同時指標綜合指數,SR0003,(點),15.94546945
1984-02,13,同時指標綜合指數,SR0003,(點),16.1722785
1984-03,13,同時指標綜合指數,SR0003,(點),16.3542637
1984-04,13,同時指標綜合指數,SR0003,(點),16.4782687
1984-05,13,同時指標綜合指數,SR0003,(點),16.55269777
1984-06,13,同時指標綜合指數,SR0003,(點),16.57988036
1984-07,13,同時指標綜合指數,SR0003,(點),16.54824783
1984-08,13,同時指標綜合指數,SR0003,(點),16.46417192
1984-09,13,同時指標綜合指數,SR0003,(點),16.34589197
1984-10,13,同時指標綜合指數,SR0003,(點),16.22140606
1984-11,13,同時指標綜合指數,SR0003,(點),16.10650887
1984-12,13,同時指標綜合指數,SR0003,(點),16.00548928
1985-01,13,同時指標綜合指數,SR0003,(點),15.91569249
1985-02,13,同時指標綜合指數,SR0003,(點),15.80155485
1985-03,13,同時指標綜合指數,SR0003,(點),15.61531232
1985-04,13,同時指標綜合指數,SR0003,(點),15.43804634
1985-05,13,同時指標綜合指數,SR0003,(點),15.28856225
1985-06,13,同時指標綜合指數,SR0003,(點),15.18679267
1985-07,13,同時指標綜合指數,SR0003,(點),15.13442538
1985-08,13,同時指標綜合指數,SR0003,(點),15.18083666
1985-09,13,同時指標綜合指數,SR0003,(點),15.34679967
1985-10,13,同時指標綜合指數,SR0003,(點),15.63500407
1985-11,13,同時指標綜合指數,SR0003,(點),16.05892904
1985-12,13,同時指標綜合指數,SR0003,(點),16.58582295
1986-01,13,同時指標綜合指數,SR0003,(點),17.15730917
1986-02,13,同時指標綜合指數,SR0003,(點),17.68194788
1986-03,13,同時指標綜合指數,SR0003,(點),18.10613033
1986-04,13,同時指標綜合指數,SR0003,(點),18.44220941
1986-05,13,同時指標綜合指數,SR0003,(點),18.74249835
1986-06,13,同時指標綜合指數,SR0003,(點),19.0227218
1986-07,13,同時指標綜合指數,SR0003,(點),19.27312008
1986-08,13,同時指標綜合指數,SR0003,(點),19.48195723
1986-09,13,同時指標綜合指數,SR0003,(點),19.72850268
1986-10,13,同時指標綜合指數,SR0003,(點),20.0333407
1986-11,13,同時指標綜合指數,SR0003,(點),20.36139729
1986-12,13,同時指標綜合指數,SR0003,(點),20.67590053
1987-01,13,同時指標綜合指數,SR0003,(點),20.94755381
1987-02,13,同時指標綜合指數,SR0003,(點),21.15135883
1987-03,13,同時指標綜合指數,SR0003,(點),21.27502559
1987-04,13,同時指標綜合指數,SR0003,(點),21.32494952
1987-05,13,同時指標綜合指數,SR0003,(點),21.33818451
1987-06,13,同時指標綜合指數,SR0003,(點),21.34970546
1987-07,13,同時指標綜合指數,SR0003,(點),21.3773719
1987-08,13,同時指標綜合指數,SR0003,(點),21.42462636
1987-09,13,同時指標綜合指數,SR0003,(點),21.46446704
1987-10,13,同時指標綜合指數,SR0003,(點),21.49414871
1987-11,13,同時指標綜合指數,SR0003,(點),21.52464276
1987-12,13,同時指標綜合指數,SR0003,(點),21.54480534
1988-01,13,同時指標綜合指數,SR0003,(點),21.54868856
1988-02,13,同時指標綜合指數,SR0003,(點),21.53896937
1988-03,13,同時指標綜合指數,SR0003,(點),21.51280466
1988-04,13,同時指標綜合指數,SR0003,(點),21.51876961
1988-05,13,同時指標綜合指數,SR0003,(點),21.56045834
1988-06,13,同時指標綜合指數,SR0003,(點),21.62200208
1988-07,13,同時指標綜合指數,SR0003,(點),21.70652715
1988-08,13,同時指標綜合指數,SR0003,(點),21.79666074
1988-09,13,同時指標綜合指數,SR0003,(點),21.89717853
1988-10,13,同時指標綜合指數,SR0003,(點),22.02097372
1988-11,13,同時指標綜合指數,SR0003,(點),22.15962297
1988-12,13,同時指標綜合指數,SR0003,(點),22.2902094
1989-01,13,同時指標綜合指數,SR0003,(點),22.38288107
1989-02,13,同時指標綜合指數,SR0003,(點),22.47840495
1989-03,13,同時指標綜合指數,SR0003,(點),22.58093237
1989-04,13,同時指標綜合指數,SR0003,(點),22.65069426
1989-05,13,同時指標綜合指數,SR0003,(點),22.67096554
1989-06,13,同時指標綜合指數,SR0003,(點),22.64761831
1989-07,13,同時指標綜合指數,SR0003,(點),22.59404954
1989-08,13,同時指標綜合指數,SR0003,(點),22.49689518
1989-09,13,同時指標綜合指數,SR0003,(點),22.36439715
1989-10,13,同時指標綜合指數,SR0003,(點),22.22230672
1989-11,13,同時指標綜合指數,SR0003,(點),22.11889985
1989-12,13,同時指標綜合指數,SR0003,(點),22.05242517
1990-01,13,同時指標綜合指數,SR0003,(點),22.01521353
1990-02,13,同時指標綜合指數,SR0003,(點),22.01612893
1990-03,13,同時指標綜合指數,SR0003,(點),22.04131587
1990-04,13,同時指標綜合指數,SR0003,(點),22.06619421
1990-05,13,同時指標綜合指數,SR0003,(點),22.11738311
1990-06,13,同時指標綜合指數,SR0003,(點),22.22097366
1990-07,13,同時指標綜合指數,SR0003,(點),22.36720979
1990-08,13,同時指標綜合指數,SR0003,(點),22.52223398
1990-09,13,同時指標綜合指數,SR0003,(點),22.6838152
1990-10,13,同時指標綜合指數,SR0003,(點),22.80920614
1990-11,13,同時指標綜合指數,SR0003,(點),22.89767372
1990-12,13,同時指標綜合指數,SR0003,(點),22.96478288
1991-01,13,同時指標綜合指數,SR0003,(點),23.03978733
1991-02,13,同時指標綜合指數,SR0003,(點),23.15218635
1991-03,13,同時指標綜合指數,SR0003,(點),23.34705402
1991-04,13,同時指標綜合指數,SR0003,(點),23.62266886
1991-05,13,同時指標綜合指數,SR0003,(點),23.95723796
1991-06,13,同時指標綜合指數,SR0003,(點),24.31373243
1991-07,13,同時指標綜合指數,SR0003,(點),24.62065519
1991-08,13,同時指標綜合指數,SR0003,(點),24.87004603
1991-09,13,同時指標綜合指數,SR0003,(點),25.05084619
1991-10,13,同時指標綜合指數,SR0003,(點),25.126505
1991-11,13,同時指標綜合指數,SR0003,(點),25.13528912
1991-12,13,同時指標綜合指數,SR0003,(點),25.10735444
1992-01,13,同時指標綜合指數,SR0003,(點),25.06316932
1992-02,13,同時指標綜合指數,SR0003,(點),25.03657248
1992-03,13,同時指標綜合指數,SR0003,(點),25.05431689
1992-04,13,同時指標綜合指數,SR0003,(點),25.11562208
1992-05,13,同時指標綜合指數,SR0003,(點),25.13702782
1992-06,13,同時指標綜合指數,SR0003,(點),25.1337613
1992-07,13,同時指標綜合指數,SR0003,(點),25.10342498
1992-08,13,同時指標綜合指數,SR0003,(點),25.05086658
1992-09,13,同時指標綜合指數,SR0003,(點),24.96404548
1992-10,13,同時指標綜合指數,SR0003,(點),24.90464816
1992-11,13,同時指標綜合指數,SR0003,(點),24.88166316
1992-12,13,同時指標綜合指數,SR0003,(點),24.92073901
1993-01,13,同時指標綜合指數,SR0003,(點),25.0229759
1993-02,13,同時指標綜合指數,SR0003,(點),25.16085743
1993-03,13,同時指標綜合指數,SR0003,(點),25.30529149
1993-04,13,同時指標綜合指數,SR0003,(點),25.42612309
1993-05,13,同時指標綜合指數,SR0003,(點),25.55391599
1993-06,13,同時指標綜合指數,SR0003,(點),25.67958243
1993-07,13,同時指標綜合指數,SR0003,(點),25.81359678
1993-08,13,同時指標綜合指數,SR0003,(點),25.91204461
1993-09,13,同時指標綜合指數,SR0003,(點),25.97090611
1993-10,13,同時指標綜合指數,SR0003,(點),26.04784317
1993-11,13,同時指標綜合指數,SR0003,(點),26.16428
1993-12,13,同時指標綜合指數,SR0003,(點),26.34207303
1994-01,13,同時指標綜合指數,SR0003,(點),26.57022776
1994-02,13,同時指標綜合指數,SR0003,(點),26.82060726
1994-03,13,同時指標綜合指數,SR0003,(點),27.07673406
1994-04,13,同時指標綜合指數,SR0003,(點),27.32294957
1994-05,13,同時指標綜合指數,SR0003,(點),27.53729955
1994-06,13,同時指標綜合指數,SR0003,(點),27.68709174
1994-07,13,同時指標綜合指數,SR0003,(點),27.83217146
1994-08,13,同時指標綜合指數,SR0003,(點),28.02068867
1994-09,13,同時指標綜合指數,SR0003,(點),28.27798619
1994-10,13,同時指標綜合指數,SR0003,(點),28.58228128
1994-11,13,同時指標綜合指數,SR0003,(點),28.89320842
1994-12,13,同時指標綜合指數,SR0003,(點),29.16759115
1995-01,13,同時指標綜合指數,SR0003,(點),29.39274806
1995-02,13,同時指標綜合指數,SR0003,(點),29.57205719
1995-03,13,同時指標綜合指數,SR0003,(點),29.60952136
1995-04,13,同時指標綜合指數,SR0003,(點),29.5834678
1995-05,13,同時指標綜合指數,SR0003,(點),29.49623463
1995-06,13,同時指標綜合指數,SR0003,(點),29.34110146
1995-07,13,同時指標綜合指數,SR0003,(點),29.13335013
1995-08,13,同時指標綜合指數,SR0003,(點),28.91347671
1995-09,13,同時指標綜合指數,SR0003,(點),28.72399081
1995-10,13,同時指標綜合指數,SR0003,(點),28.59360702
1995-11,13,同時指標綜合指數,SR0003,(點),28.50637813
1995-12,13,同時指標綜合指數,SR0003,(點),28.46707551
1996-01,13,同時指標綜合指數,SR0003,(點),28.49917177
1996-02,13,同時指標綜合指數,SR0003,(點),28.56474177
1996-03,13,同時指標綜合指數,SR0003,(點),28.6837215
1996-04,13,同時指標綜合指數,SR0003,(點),28.83436329
1996-05,13,同時指標綜合指數,SR0003,(點),29.02127048
1996-06,13,同時指標綜合指數,SR0003,(點),29.2689226
1996-07,13,同時指標綜合指數,SR0003,(點),29.5408446
1996-08,13,同時指標綜合指數,SR0003,(點),29.84872052
1996-09,13,同時指標綜合指數,SR0003,(點),30.18802144
1996-10,13,同時指標綜合指數,SR0003,(點),30.5294889
1996-11,13,同時指標綜合指數,SR0003,(點),30.86362165
1996-12,13,同時指標綜合指數,SR0003,(點),31.16681217
1997-01,13,同時指標綜合指數,SR0003,(點),31.41272551
1997-02,13,同時指標綜合指數,SR0003,(點),31.59021263
1997-03,13,同時指標綜合指數,SR0003,(點),31.71297619
1997-04,13,同時指標綜合指數,SR0003,(點),31.79521991
1997-05,13,同時指標綜合指數,SR0003,(點),31.87354503
1997-06,13,同時指標綜合指數,SR0003,(點),31.96566688
1997-07,13,同時指標綜合指數,SR0003,(點),32.11836791
1997-08,13,同時指標綜合指數,SR0003,(點),32.31731014
1997-09,13,同時指標綜合指數,SR0003,(點),32.57458203
1997-10,13,同時指標綜合指數,SR0003,(點),32.81652038
1997-11,13,同時指標綜合指數,SR0003,(點),32.99122015
1997-12,13,同時指標綜合指數,SR0003,(點),33.05452022
1998-01,13,同時指標綜合指數,SR0003,(點),33.00986199
1998-02,13,同時指標綜合指數,SR0003,(點),32.9599455
1998-03,13,同時指標綜合指數,SR0003,(點),32.82383922
1998-04,13,同時指標綜合指數,SR0003,(點),32.67653997
1998-05,13,同時指標綜合指數,SR0003,(點),32.58187051
1998-06,13,同時指標綜合指數,SR0003,(點),32.54759688
1998-07,13,同時指標綜合指數,SR0003,(點),32.59965922
1998-08,13,同時指標綜合指數,SR0003,(點),32.7532226
1998-09,13,同時指標綜合指數,SR0003,(點),32.92238886
1998-10,13,同時指標綜合指數,SR0003,(點),33.0692933
1998-11,13,同時指標綜合指數,SR0003,(點),33.2374833
1998-12,13,同時指標綜合指數,SR0003,(點),33.45157937
1999-01,13,同時指標綜合指數,SR0003,(點),33.74276898
1999-02,13,同時指標綜合指數,SR0003,(點),34.16642443
1999-03,13,同時指標綜合指數,SR0003,(點),34.61448765
1999-04,13,同時指標綜合指數,SR0003,(點),35.00772
1999-05,13,同時指標綜合指數,SR0003,(點),35.31776589
1999-06,13,同時指標綜合指數,SR0003,(點),35.5323228
1999-07,13,同時指標綜合指數,SR0003,(點),35.676653
1999-08,13,同時指標綜合指數,SR0003,(點),35.79698284
1999-09,13,同時指標綜合指數,SR0003,(點),35.98444959
1999-10,13,同時指標綜合指數,SR0003,(點),36.3814978
1999-11,13,同時指標綜合指數,SR0003,(點),36.9049932
1999-12,13,同時指標綜合指數,SR0003,(點),37.50004317
2000-01,13,同時指標綜合指數,SR0003,(點),38.14027137
2000-02,13,同時指標綜合指數,SR0003,(點),38.78985827
2000-03,13,同時指標綜合指數,SR0003,(點),39.39172575
2000-04,13,同時指標綜合指數,SR0003,(點),39.94588088
2000-05,13,同時指標綜合指數,SR0003,(點),40.39951072
2000-06,13,同時指標綜合指數,SR0003,(點),40.71151951
2000-07,13,同時指標綜合指數,SR0003,(點),40.84425416
2000-08,13,同時指標綜合指數,SR0003,(點),40.79167865
2000-09,13,同時指標綜合指數,SR0003,(點),40.56876925
2000-10,13,同時指標綜合指數,SR0003,(點),40.14782181
2000-11,13,同時指標綜合指數,SR0003,(點),39.57578811
2000-12,13,同時指標綜合指數,SR0003,(點),38.94422581
2001-01,13,同時指標綜合指數,SR0003,(點),38.27977864
2001-02,13,同時指標綜合指數,SR0003,(點),37.60817822
2001-03,13,同時指標綜合指數,SR0003,(點),36.89845385
2001-04,13,同時指標綜合指數,SR0003,(點),36.19043295
2001-05,13,同時指標綜合指數,SR0003,(點),35.53536649
2001-06,13,同時指標綜合指數,SR0003,(點),34.9836009
2001-07,13,同時指標綜合指數,SR0003,(點),34.54422635
2001-08,13,同時指標綜合指數,SR0003,(點),34.27947848
2001-09,13,同時指標綜合指數,SR0003,(點),34.23343232
2001-10,13,同時指標綜合指數,SR0003,(點),34.44424874
2001-11,13,同時指標綜合指數,SR0003,(點),34.81377895
2001-12,13,同時指標綜合指數,SR0003,(點),35.33980839
2002-01,13,同時指標綜合指數,SR0003,(點),36.00289629
2002-02,13,同時指標綜合指數,SR0003,(點),36.7701104
2002-03,13,同時指標綜合指數,SR0003,(點),37.53782087
2002-04,13,同時指標綜合指數,SR0003,(點),38.1894977
2002-05,13,同時指標綜合指數,SR0003,(點),38.66958841
2002-06,13,同時指標綜合指數,SR0003,(點),38.95666382
2002-07,13,同時指標綜合指數,SR0003,(點),39.13223755
2002-08,13,同時指標綜合指數,SR0003,(點),39.25809838
2002-09,13,同時指標綜合指數,SR0003,(點),39.37483924
2002-10,13,同時指標綜合指數,SR0003,(點),39.50675048
2002-11,13,同時指標綜合指數,SR0003,(點),39.6358943
2002-12,13,同時指標綜合指數,SR0003,(點),39.73283642
2003-01,13,同時指標綜合指數,SR0003,(點),39.7712976
2003-02,13,同時指標綜合指數,SR0003,(點),39.72149536
2003-03,13,同時指標綜合指數,SR0003,(點),39.64003405
2003-04,13,同時指標綜合指數,SR0003,(點),39.62693006
2003-05,13,同時指標綜合指數,SR0003,(點),39.78274183
2003-06,13,同時指標綜合指數,SR0003,(點),40.19198068
2003-07,13,同時指標綜合指數,SR0003,(點),40.85295392
2003-08,13,同時指標綜合指數,SR0003,(點),41.67408448
2003-09,13,同時指標綜合指數,SR0003,(點),42.56203319
2003-10,13,同時指標綜合指數,SR0003,(點),43.4471336
2003-11,13,同時指標綜合指數,SR0003,(點),44.26989106
2003-12,13,同時指標綜合指數,SR0003,(點),44.96598773
2004-01,13,同時指標綜合指數,SR0003,(點),45.46784606
2004-02,13,同時指標綜合指數,SR0003,(點),45.77036075
2004-03,13,同時指標綜合指數,SR0003,(點),45.96229362
2004-04,13,同時指標綜合指數,SR0003,(點),46.11312657
2004-05,13,同時指標綜合指數,SR0003,(點),46.22849245
2004-06,13,同時指標綜合指數,SR0003,(點),46.31185004
2004-07,13,同時指標綜合指數,SR0003,(點),46.36755432
2004-08,13,同時指標綜合指數,SR0003,(點),46.41230316
2004-09,13,同時指標綜合指數,SR0003,(點),46.47525973
2004-10,13,同時指標綜合指數,SR0003,(點),46.51883445
2004-11,13,同時指標綜合指數,SR0003,(點),46.55198087
2004-12,13,同時指標綜合指數,SR0003,(點),46.60127307
2005-01,13,同時指標綜合指數,SR0003,(點),46.65690763
2005-02,13,同時指標綜合指數,SR0003,(點),46.75270283
2005-03,13,同時指標綜合指數,SR0003,(點),46.8877126
2005-04,13,同時指標綜合指數,SR0003,(點),47.02228796
2005-05,13,同時指標綜合指數,SR0003,(點),47.16708275
2005-06,13,同時指標綜合指數,SR0003,(點),47.34114882
2005-07,13,同時指標綜合指數,SR0003,(點),47.61057643
2005-08,13,同時指標綜合指數,SR0003,(點),48.02237241
2005-09,13,同時指標綜合指數,SR0003,(點),48.51927808
2005-10,13,同時指標綜合指數,SR0003,(點),49.02137685
2005-11,13,同時指標綜合指數,SR0003,(點),49.49223858
2005-12,13,同時指標綜合指數,SR0003,(點),49.87917019
2006-01,13,同時指標綜合指數,SR0003,(點),50.16442587
2006-02,13,同時指標綜合指數,SR0003,(點),50.34590935
2006-03,13,同時指標綜合指數,SR0003,(點),50.43103185
2006-04,13,同時指標綜合指數,SR0003,(點),50.45395775
2006-05,13,同時指標綜合指數,SR0003,(點),50.44532477
2006-06,13,同時指標綜合指數,SR0003,(點),50.42451175
2006-07,13,同時指標綜合指數,SR0003,(點),50.35377926
2006-08,13,同時指標綜合指數,SR0003,(點),50.35808401
2006-09,13,同時指標綜合指數,SR0003,(點),50.40816848
2006-10,13,同時指標綜合指數,SR0003,(點),50.53236647
2006-11,13,同時指標綜合指數,SR0003,(點),50.72369213
2006-12,13,同時指標綜合指數,SR0003,(點),50.93841443
2007-01,13,同時指標綜合指數,SR0003,(點),51.20006282
2007-02,13,同時指標綜合指數,SR0003,(點),51.51288234
2007-03,13,同時指標綜合指數,SR0003,(點),51.89368861
2007-04,13,同時指標綜合指數,SR0003,(點),52.34596847
2007-05,13,同時指標綜合指數,SR0003,(點),52.8854749
2007-06,13,同時指標綜合指數,SR0003,(點),53.45669073
2007-07,13,同時指標綜合指數,SR0003,(點),54.07908373
2007-08,13,同時指標綜合指數,SR0003,(點),54.70016731
2007-09,13,同時指標綜合指數,SR0003,(點),55.31003387
2007-10,13,同時指標綜合指數,SR0003,(點),55.92933702
2007-11,13,同時指標綜合指數,SR0003,(點),56.50689805
2007-12,13,同時指標綜合指數,SR0003,(點),57.02337561
2008-01,13,同時指標綜合指數,SR0003,(點),57.44866991
2008-02,13,同時指標綜合指數,SR0003,(點),57.7028207
2008-03,13,同時指標綜合指數,SR0003,(點),57.77854007
2008-04,13,同時指標綜合指數,SR0003,(點),57.64382587
2008-05,13,同時指標綜合指數,SR0003,(點),57.16552569
2008-06,13,同時指標綜合指數,SR0003,(點),56.22965935
2008-07,13,同時指標綜合指數,SR0003,(點),54.74413568
2008-08,13,同時指標綜合指數,SR0003,(點),52.73748613
2008-09,13,同時指標綜合指數,SR0003,(點),50.09603132
2008-10,13,同時指標綜合指數,SR0003,(點),46.94218855
2008-11,13,同時指標綜合指數,SR0003,(點),43.73420477
2008-12,13,同時指標綜合指數,SR0003,(點),41.17881782
2009-01,13,同時指標綜合指數,SR0003,(點),39.78281833
2009-02,13,同時指標綜合指數,SR0003,(點),39.64945228
2009-03,13,同時指標綜合指數,SR0003,(點),40.4760539
2009-04,13,同時指標綜合指數,SR0003,(點),42.04411829
2009-05,13,同時指標綜合指數,SR0003,(點),44.06221138
2009-06,13,同時指標綜合指數,SR0003,(點),46.32368859
2009-07,13,同時指標綜合指數,SR0003,(點),48.54478412
2009-08,13,同時指標綜合指數,SR0003,(點),50.57355023
2009-09,13,同時指標綜合指數,SR0003,(點),52.40611131
2009-10,13,同時指標綜合指數,SR0003,(點),54.00876069
2009-11,13,同時指標綜合指數,SR0003,(點),55.42526268
2009-12,13,同時指標綜合指數,SR0003,(點),56.72868366
2010-01,13,同時指標綜合指數,SR0003,(點),57.91007423
2010-02,13,同時指標綜合指數,SR0003,(點),58.99037393
2010-03,13,同時指標綜合指數,SR0003,(點),59.90293858
2010-04,13,同時指標綜合指數,SR0003,(點),60.66655163
2010-05,13,同時指標綜合指數,SR0003,(點),61.31208829
2010-06,13,同時指標綜合指數,SR0003,(點),61.88542036
2010-07,13,同時指標綜合指數,SR0003,(點),62.42620686
2010-08,13,同時指標綜合指數,SR0003,(點),62.95457169
2010-09,13,同時指標綜合指數,SR0003,(點),63.52313875
2010-10,13,同時指標綜合指數,SR0003,(點),64.12938992
2010-11,13,同時指標綜合指數,SR0003,(點),64.75347018
2010-12,13,同時指標綜合指數,SR0003,(點),65.30366424
2011-01,13,同時指標綜合指數,SR0003,(點),65.67515175
2011-02,13,同時指標綜合指數,SR0003,(點),65.85928117
2011-03,13,同時指標綜合指數,SR0003,(點),65.8345269
2011-04,13,同時指標綜合指數,SR0003,(點),65.62372656
2011-05,13,同時指標綜合指數,SR0003,(點),65.29707872
2011-06,13,同時指標綜合指數,SR0003,(點),64.90426406
2011-07,13,同時指標綜合指數,SR0003,(點),64.47267775
2011-08,13,同時指標綜合指數,SR0003,(點),64.02821712
2011-09,13,同時指標綜合指數,SR0003,(點),63.59686781
2011-10,13,同時指標綜合指數,SR0003,(點),63.25160015
2011-11,13,同時指標綜合指數,SR0003,(點),63.0338279
2011-12,13,同時指標綜合指數,SR0003,(點),62.97745134
2012-01,13,同時指標綜合指數,SR0003,(點),63.11461653
2012-02,13,同時指標綜合指數,SR0003,(點),63.41462893
2012-03,13,同時指標綜合指數,SR0003,(點),63.87192312
2012-04,13,同時指標綜合指數,SR0003,(點),64.25429862
2012-05,13,同時指標綜合指數,SR0003,(點),64.51366136
2012-06,13,同時指標綜合指數,SR0003,(點),64.6447507
2012-07,13,同時指標綜合指數,SR0003,(點),64.76406796
2012-08,13,同時指標綜合指數,SR0003,(點),64.86382597
2012-09,13,同時指標綜合指數,SR0003,(點),64.95969445
2012-10,13,同時指標綜合指數,SR0003,(點),65.07444696
2012-11,13,同時指標綜合指數,SR0003,(點),65.22887299
2012-12,13,同時指標綜合指數,SR0003,(點),65.49134284
2013-01,13,同時指標綜合指數,SR0003,(點),65.91040323
2013-02,13,同時指標綜合指數,SR0003,(點),66.35794765
2013-03,13,同時指標綜合指數,SR0003,(點),66.8397432
2013-04,13,同時指標綜合指數,SR0003,(點),67.33588336
2013-05,13,同時指標綜合指數,SR0003,(點),67.78664609
2013-06,13,同時指標綜合指數,SR0003,(點),68.10618062
2013-07,13,同時指標綜合指數,SR0003,(點),68.24726639
2013-08,13,同時指標綜合指數,SR0003,(點),68.33340746
2013-09,13,同時指標綜合指數,SR0003,(點),68.42912851
2013-10,13,同時指標綜合指數,SR0003,(點),68.5932615
2013-11,13,同時指標綜合指數,SR0003,(點),68.8562256
2013-12,13,同時指標綜合指數,SR0003,(點),69.20002534
2014-01,13,同時指標綜合指數,SR0003,(點),69.60512908
2014-02,13,同時指標綜合指數,SR0003,(點),70.11918651
2014-03,13,同時指標綜合指數,SR0003,(點),70.69741164
2014-04,13,同時指標綜合指數,SR0003,(點),71.31675605
2014-05,13,同時指標綜合指數,SR0003,(點),71.89407407
2014-06,13,同時指標綜合指數,SR0003,(點),72.39625382
2014-07,13,同時指標綜合指數,SR0003,(點),72.81173569
2014-08,13,同時指標綜合指數,SR0003,(點),73.13815719
2014-09,13,同時指標綜合指數,SR0003,(點),73.34082395
2014-10,13,同時指標綜合指數,SR0003,(點),73.45766216
2014-11,13,同時指標綜合指數,SR0003,(點),73.50186899
2014-12,13,同時指標綜合指數,SR0003,(點),73.46519521
2015-01,13,同時指標綜合指數,SR0003,(點),73.364651
2015-02,13,同時指標綜合指數,SR0003,(點),73.15290716
2015-03,13,同時指標綜合指數,SR0003,(點),72.81713455
2015-04,13,同時指標綜合指數,SR0003,(點),72.40230168
2015-05,13,同時指標綜合指數,SR0003,(點),71.92717658
2015-06,13,同時指標綜合指數,SR0003,(點),71.41845646
2015-07,13,同時指標綜合指數,SR0003,(點),70.91361353
2015-08,13,同時指標綜合指數,SR0003,(點),70.42492217
2015-09,13,同時指標綜合指數,SR0003,(點),70.03535594
2015-10,13,同時指標綜合指數,SR0003,(點),69.78629421
2015-11,13,同時指標綜合指數,SR0003,(點),69.58698049
2015-12,13,同時指標綜合指數,SR0003,(點),69.49277214
2016-01,13,同時指標綜合指數,SR0003,(點),69.5545371
2016-02,13,同時指標綜合指數,SR0003,(點),69.81321721
2016-03,13,同時指標綜合指數,SR0003,(點),70.33161291
2016-04,13,同時指標綜合指數,SR0003,(點),71.10264329
2016-05,13,同時指標綜合指數,SR0003,(點),71.98053167
2016-06,13,同時指標綜合指數,SR0003,(點),72.88261679
2016-07,13,同時指標綜合指數,SR0003,(點),73.77522975
2016-08,13,同時指標綜合指數,SR0003,(點),74.60433529
2016-09,13,同時指標綜合指數,SR0003,(點),75.3868299
2016-10,13,同時指標綜合指數,SR0003,(點),76.09929381
2016-11,13,同時指標綜合指數,SR0003,(點),76.53241118
2016-12,13,同時指標綜合指數,SR0003,(點),76.64194948
2017-01,13,同時指標綜合指數,SR0003,(點),76.44246723
2017-02,13,同時指標綜合指數,SR0003,(點),76.09631342
2017-03,13,同時指標綜合指數,SR0003,(點),75.85040916
2017-04,13,同時指標綜合指數,SR0003,(點),75.82462546
2017-05,13,同時指標綜合指數,SR0003,(點),76.07897087
2017-06,13,同時指標綜合指數,SR0003,(點),76.59924538
2017-07,13,同時指標綜合指數,SR0003,(點),77.2547676
2017-08,13,同時指標綜合指數,SR0003,(點),77.95293395
2017-09,13,同時指標綜合指數,SR0003,(點),78.59178993
2017-10,13,同時指標綜合指數,SR0003,(點),79.08909201
2017-11,13,同時指標綜合指數,SR0003,(點),79.49034613
2017-12,13,同時指標綜合指數,SR0003,(點),79.77956061
2018-01,13,同時指標綜合指數,SR0003,(點),79.97442792
2018-02,13,同時指標綜合指數,SR0003,(點),80.18139696
2018-03,13,同時指標綜合指數,SR0003,(點),80.40788721
2018-04,13,同時指標綜合指數,SR0003,(點),80.62356769
2018-05,13,同時指標綜合指數,SR0003,(點),80.85772754
2018-06,13,同時指標綜合指數,SR0003,(點),81.03367847
2018-07,13,同時指標綜合指數,SR0003,(點),81.12592684
2018-08,13,同時指標綜合指數,SR0003,(點),81.14172412
2018-09,13,同時指標綜合指數,SR0003,(點),81.04461192
2018-10,13,同時指標綜合指數,SR0003,(點),80.80983168
2018-11,13,同時指標綜合指數,SR0003,(點),80.4999194
2018-12,13,同時指標綜合指數,SR0003,(點),80.19631705
2019-01,13,同時指標綜合指數,SR0003,(點),79.9723866
2019-02,13,同時指標綜合指數,SR0003,(點),79.88781364
2019-03,13,同時指標綜合指數,SR0003,(點),80.03702268
2019-04,13,同時指標綜合指數,SR0003,(點),80.37432305
2019-05,13,同時指標綜合指數,SR0003,(點),80.84969821
2019-06,13,同時指標綜合指數,SR0003,(點),81.39286586
2019-07,13,同時指標綜合指數,SR0003,(點),81.9233015
2019-08,13,同時指標綜合指數,SR0003,(點),82.43883312
2019-09,13,同時指標綜合指數,SR0003,(點),82.91147464
2019-10,13,同時指標綜合指數,SR0003,(點),83.34701713
2019-11,13,同時指標綜合指數,SR0003,(點),83.69371398
2019-12,13,同時指標綜合指數,SR0003,(點),83.83529172
2020-01,13,同時指標綜合指數,SR0003,(點),83.6881331
2020-02,13,同時指標綜合指數,SR0003,(點),83.30449255
2020-03,13,同時指標綜合指數,SR0003,(點),82.87867057
2020-04,13,同時指標綜合指數,SR0003,(點),82.60688603
2020-05,13,同時指標綜合指數,SR0003,(點),82.76528674
2020-06,13,同時指標綜合指數,SR0003,(點),83.46444796
2020-07,13,同時指標綜合指數,SR0003,(點),84.66187058
2020-08,13,同時指標綜合指數,SR0003,(點),86.21056648
2020-09,13,同時指標綜合指數,SR0003,(點),87.9398715
2020-10,13,同時指標綜合指數,SR0003,(點),89.72294784
2020-11,13,同時指標綜合指數,SR0003,(點),91.46125087
2020-12,13,同時指標綜合指數,SR0003,(點),93.01929068
2021-01,13,同時指標綜合指數,SR0003,(點),94.34253698
2021-02,13,同時指標綜合指數,SR0003,(點),95.38395432
2021-03,13,同時指標綜合指數,SR0003,(點),96.1178719
2021-04,13,同時指標綜合指數,SR0003,(點),96.63942385
2021-05,13,同時指標綜合指數,SR0003,(點),97.00565516
2021-06,13,同時指標綜合指數,SR0003,(點),97.33991123
2021-07,13,同時指標綜合指數,SR0003,(點),97.87477277
2021-08,13,同時指標綜合指數,SR0003,(點),98.653589
2021-09,13,同時指標綜合指數,SR0003,(點),99.61714129
2021-10,13,同時指標綜合指數,SR0003,(點),100.6121117
2021-11,13,同時指標綜合指數,SR0003,(點),101.4648932
2021-12,13,同時指標綜合指數,SR0003,(點),102.0993893
2022-01,13,同時指標綜合指數,SR0003,(點),102.4649839
2022-02,13,同時指標綜合指數,SR0003,(點),102.5362173
2022-03,13,同時指標綜合指數,SR0003,(點),102.2357917
2022-04,13,同時指標綜合指數,SR0003,(點),101.6291318
2022-05,13,同時指標綜合指數,SR0003,(點),100.7215448
2022-06,13,同時指標綜合指數,SR0003,(點),99.61024549
2022-07,13,同時指標綜合指數,SR0003,(點),98.27543322
2022-08,13,同時指標綜合指數,SR0003,(點),96.71969411
2022-09,13,同時指標綜合指數,SR0003,(點),95.06529562
2022-10,13,同時指標綜合指數,SR0003,(點),93.42215424
2022-11,13,同時指標綜合指數,SR0003,(點),91.83300019
2022-12,13,同時指標綜合指數,SR0003,(點),90.43722809
2023-01,13,同時指標綜合指數,SR0003,(點),89.26164585
2023-02,13,同時指標綜合指數,SR0003,(點),88.35681041
2023-03,13,同時指標綜合指數,SR0003,(點),87.75740937
2023-04,13,同時指標綜合指數,SR0003,(點),87.49394619
2023-05,13,同時指標綜合指數,SR0003,(點),87.56055548
2023-06,13,同時指標綜合指數,SR0003,(點),87.94857496
2023-07,13,同時指標綜合指數,SR0003,(點),88.59460347
2023-08,13,同時指標綜合指數,SR0003,(點),89.2896204
2023-09,13,同時指標綜合指數,SR0003,(點),89.98115797
2023-10,13,同時指標綜合指數,SR0003,(點),90.54706486
2023-11,13,同時指標綜合指數,SR0003,(點),91.00467682
2023-12,13,同時指標綜合指數,SR0003,(點),91.4793676
2024-01,13,同時指標綜合指數,SR0003,(點),92.03930512
2024-02,13,同時指標綜合指數,SR0003,(點),92.74701116
2024-03,13,同時指標綜合指數,SR0003,(點),93.63514112
2024-04,13,同時指標綜合指數,SR0003,(點),94.64160857
2024-05,13,同時指標綜合指數,SR0003,(點),95.68716352
2024-06,13,同時指標綜合指數,SR0003,(點),96.70312235
2024-07,13,同時指標綜合指數,SR0003,(點),97.61943234
2024-08,13,同時指標綜合指數,SR0003,(點),98.44402686
2024-09,13,同時指標綜合指數,SR0003,(點),99.17694697
2024-10,13,同時指標綜合指數,SR0003,(點),99.9677424
2024-11,13,同時指標綜合指數,SR0003,(點),100.9773992
2024-12,13,同時指標綜合指數,SR0003,(點),102.213133
2025-01,13,同時指標綜合指數,SR0003,(點),103.7059811
2025-02,13,同時指標綜合指數,SR0003,(點),105.498012
2025-03,13,同時指標綜合指數,SR0003,(點),107.4502984
2025-04,13,同時指標綜合指數,SR0003,(點),109.4042782
2025-05,13,同時指標綜合指數,SR0003,(點),111.0972539
2025-06,13,同時指標綜合指數,SR0003,(點),112.4788331
2025-07,13,同時指標綜合指數,SR0003,(點),113.7433199
2025-08,13,同時指標綜合指數,SR0003,(點),115.0913477
2025-09,13,同時指標綜合指數,SR0003,(點),116.6171099
2025-10,13,同時指標綜合指數,SR0003,(點),118.4459022
2025-11,13,同時指標綜合指數,SR0003,(點),120.5947138
2025-12,13,同時指標綜合指數,SR0003,(點),122.9912692
2026-01,13,同時指標綜合指數,SR0003,(點),125.6800905
2026-02,13,同時指標綜合指數,SR0003,(點),128.5048741
2026-03,13,同時指標綜合指數,SR0003,(點),131.3448686
2026-04,13,同時指標綜合指數,SR0003,(點),134.0222918
2026-05,13,同時指標綜合指數,SR0003,(點),136.6330172
2026-06,13,同時指標綜合指數,SR0003,(點),139.1109671
2026-07,13,同時指標綜合指數,SR0003,(點),141.5038118
1984-01,2,景氣對策信號,SR0030,(燈號),5
1984-01,12,景氣對策信號,SR0005,(分),42
1984-02,2,景氣對策信號,SR0030,(燈號),5
1984-02,12,景氣對策信號,SR0005,(分),39
1984-03,2,景氣對策信號,SR0030,(燈號),4
1984-03,12,景氣對策信號,SR0005,(分),37
1984-04,2,景氣對策信號,SR0030,(燈號),4
1984-04,12,景氣對策信號,SR0005,(分),34
1984-05,2,景氣對策信號,SR0030,(燈號),4
1984-05,12,景氣對策信號,SR0005,(分),37
1984-06,2,景氣對策信號,SR0030,(燈號),3
1984-06,12,景氣對策信號,SR0005,(分),30
1984-07,2,景氣對策信號,SR0030,(燈號),3
1984-07,12,景氣對策信號,SR0005,(分),30
1984-08,2,景氣對策信號,SR0030,(燈號),3
1984-08,12,景氣對策信號,SR0005,(分),27
1984-09,2,景氣對策信號,SR0030,(燈號),3
1984-09,12,景氣對策信號,SR0005,(分),25
1984-10,2,景氣對策信號,SR0030,(燈號),3
1984-10,12,景氣對策信號,SR0005,(分),28
1984-11,2,景氣對策信號,SR0030,(燈號),2
1984-11,12,景氣對策信號,SR0005,(分),21
1984-12,2,景氣對策信號,SR0030,(燈號),2
1984-12,12,景氣對策信號,SR0005,(分),21
1985-01,2,景氣對策信號,SR0030,(燈號),1
1985-01,12,景氣對策信號,SR0005,(分),16
1985-02,2,景氣對策信號,SR0030,(燈號),2
1985-02,12,景氣對策信號,SR0005,(分),19
1985-03,2,景氣對策信號,SR0030,(燈號),1
1985-03,12,景氣對策信號,SR0005,(分),14
1985-04,2,景氣對策信號,SR0030,(燈號),1
1985-04,12,景氣對策信號,SR0005,(分),14
1985-05,2,景氣對策信號,SR0030,(燈號),1
1985-05,12,景氣對策信號,SR0005,(分),14
1985-06,2,景氣對策信號,SR0030,(燈號),1
1985-06,12,景氣對策信號,SR0005,(分),12
1985-07,2,景氣對策信號,SR0030,(燈號),1
1985-07,12,景氣對策信號,SR0005,(分),12
1985-08,2,景氣對策信號,SR0030,(燈號),1
1985-08,12,景氣對策信號,SR0005,(分),13
1985-09,2,景氣對策信號,SR0030,(燈號),1
1985-09,12,景氣對策信號,SR0005,(分),14
1985-10,2,景氣對策信號,SR0030,(燈號),1
1985-10,12,景氣對策信號,SR0005,(分),15
1985-11,2,景氣對策信號,SR0030,(燈號),1
1985-11,12,景氣對策信號,SR0005,(分),15
1985-12,2,景氣對策信號,SR0030,(燈號),2
1985-12,12,景氣對策信號,SR0005,(分),22
1986-01,2,景氣對策信號,SR0030,(燈號),2
1986-01,12,景氣對策信號,SR0005,(分),21
1986-02,2,景氣對策信號,SR0030,(燈號),2
1986-02,12,景氣對策信號,SR0005,(分),19
1986-03,2,景氣對策信號,SR0030,(燈號),4
1986-03,12,景氣對策信號,SR0005,(分),33
1986-04,2,景氣對策信號,SR0030,(燈號),3
1986-04,12,景氣對策信號,SR0005,(分),28
1986-05,2,景氣對策信號,SR0030,(燈號),3
1986-05,12,景氣對策信號,SR0005,(分),29
1986-06,2,景氣對策信號,SR0030,(燈號),4
1986-06,12,景氣對策信號,SR0005,(分),37
1986-07,2,景氣對策信號,SR0030,(燈號),4
1986-07,12,景氣對策信號,SR0005,(分),34
1986-08,2,景氣對策信號,SR0030,(燈號),5
1986-08,12,景氣對策信號,SR0005,(分),39
1986-09,2,景氣對策信號,SR0030,(燈號),4
1986-09,12,景氣對策信號,SR0005,(分),36
1986-10,2,景氣對策信號,SR0030,(燈號),4
1986-10,12,景氣對策信號,SR0005,(分),36
1986-11,2,景氣對策信號,SR0030,(燈號),5
1986-11,12,景氣對策信號,SR0005,(分),38
1986-12,2,景氣對策信號,SR0030,(燈號),4
1986-12,12,景氣對策信號,SR0005,(分),37
1987-01,2,景氣對策信號,SR0030,(燈號),4
1987-01,12,景氣對策信號,SR0005,(分),36
1987-02,2,景氣對策信號,SR0030,(燈號),5
1987-02,12,景氣對策信號,SR0005,(分),40
1987-03,2,景氣對策信號,SR0030,(燈號),4
1987-03,12,景氣對策信號,SR0005,(分),32
1987-04,2,景氣對策信號,SR0030,(燈號),5
1987-04,12,景氣對策信號,SR0005,(分),41
1987-05,2,景氣對策信號,SR0030,(燈號),5
1987-05,12,景氣對策信號,SR0005,(分),39
1987-06,2,景氣對策信號,SR0030,(燈號),5
1987-06,12,景氣對策信號,SR0005,(分),38
1987-07,2,景氣對策信號,SR0030,(燈號),4
1987-07,12,景氣對策信號,SR0005,(分),34
1987-08,2,景氣對策信號,SR0030,(燈號),4
1987-08,12,景氣對策信號,SR0005,(分),36
1987-09,2,景氣對策信號,SR0030,(燈號),4
1987-09,12,景氣對策信號,SR0005,(分),37
1987-10,2,景氣對策信號,SR0030,(燈號),3
1987-10,12,景氣對策信號,SR0005,(分),31
1987-11,2,景氣對策信號,SR0030,(燈號),4
1987-11,12,景氣對策信號,SR0005,(分),35
1987-12,2,景氣對策信號,SR0030,(燈號),4
1987-12,12,景氣對策信號,SR0005,(分),32
1988-01,2,景氣對策信號,SR0030,(燈號),3
1988-01,12,景氣對策信號,SR0005,(分),29
1988-02,2,景氣對策信號,SR0030,(燈號),4
1988-02,12,景氣對策信號,SR0005,(分),33
1988-03,2,景氣對策信號,SR0030,(燈號),3
1988-03,12,景氣對策信號,SR0005,(分),28
1988-04,2,景氣對策信號,SR0030,(燈號),3
1988-04,12,景氣對策信號,SR0005,(分),27
1988-05,2,景氣對策信號,SR0030,(燈號),3
1988-05,12,景氣對策信號,SR0005,(分),31
1988-06,2,景氣對策信號,SR0030,(燈號),3
1988-06,12,景氣對策信號,SR0005,(分),30
1988-07,2,景氣對策信號,SR0030,(燈號),3
1988-07,12,景氣對策信號,SR0005,(分),30
1988-08,2,景氣對策信號,SR0030,(燈號),3
1988-08,12,景氣對策信號,SR0005,(分),31
1988-09,2,景氣對策信號,SR0030,(燈號),3
1988-09,12,景氣對策信號,SR0005,(分),28
1988-10,2,景氣對策信號,SR0030,(燈號),3
1988-10,12,景氣對策信號,SR0005,(分),29
1988-11,2,景氣對策信號,SR0030,(燈號),4
1988-11,12,景氣對策信號,SR0005,(分),33
1988-12,2,景氣對策信號,SR0030,(燈號),4
1988-12,12,景氣對策信號,SR0005,(分),32
1989-01,2,景氣對策信號,SR0030,(燈號),4
1989-01,12,景氣對策信號,SR0005,(分),36
1989-02,2,景氣對策信號,SR0030,(燈號),4
1989-02,12,景氣對策信號,SR0005,(分),34
1989-03,2,景氣對策信號,SR0030,(燈號),5
1989-03,12,景氣對策信號,SR0005,(分),40
1989-04,2,景氣對策信號,SR0030,(燈號),5
1989-04,12,景氣對策信號,SR0005,(分),39
1989-05,2,景氣對策信號,SR0030,(燈號),4
1989-05,12,景氣對策信號,SR0005,(分),34
1989-06,2,景氣對策信號,SR0030,(燈號),3
1989-06,12,景氣對策信號,SR0005,(分),30
1989-07,2,景氣對策信號,SR0030,(燈號),4
1989-07,12,景氣對策信號,SR0005,(分),32
1989-08,2,景氣對策信號,SR0030,(燈號),3
1989-08,12,景氣對策信號,SR0005,(分),27
1989-09,2,景氣對策信號,SR0030,(燈號),3
1989-09,12,景氣對策信號,SR0005,(分),24
1989-10,2,景氣對策信號,SR0030,(燈號),3
1989-10,12,景氣對策信號,SR0005,(分),25
1989-11,2,景氣對策信號,SR0030,(燈號),3
1989-11,12,景氣對策信號,SR0005,(分),24
1989-12,2,景氣對策信號,SR0030,(燈號),3
1989-12,12,景氣對策信號,SR0005,(分),25
1990-01,2,景氣對策信號,SR0030,(燈號),3
1990-01,12,景氣對策信號,SR0005,(分),23
1990-02,2,景氣對策信號,SR0030,(燈號),3
1990-02,12,景氣對策信號,SR0005,(分),27
1990-03,2,景氣對策信號,SR0030,(燈號),2
1990-03,12,景氣對策信號,SR0005,(分),21
1990-04,2,景氣對策信號,SR0030,(燈號),2
1990-04,12,景氣對策信號,SR0005,(分),20
1990-05,2,景氣對策信號,SR0030,(燈號),2
1990-05,12,景氣對策信號,SR0005,(分),17
1990-06,2,景氣對策信號,SR0030,(燈號),1
1990-06,12,景氣對策信號,SR0005,(分),14
1990-07,2,景氣對策信號,SR0030,(燈號),2
1990-07,12,景氣對策信號,SR0005,(分),17
1990-08,2,景氣對策信號,SR0030,(燈號),2
1990-08,12,景氣對策信號,SR0005,(分),17
1990-09,2,景氣對策信號,SR0030,(燈號),2
1990-09,12,景氣對策信號,SR0005,(分),18
1990-10,2,景氣對策信號,SR0030,(燈號),2
1990-10,12,景氣對策信號,SR0005,(分),21
1990-11,2,景氣對策信號,SR0030,(燈號),2
1990-11,12,景氣對策信號,SR0005,(分),20
1990-12,2,景氣對策信號,SR0030,(燈號),1
1990-12,12,景氣對策信號,SR0005,(分),15
1991-01,2,景氣對策信號,SR0030,(燈號),2
1991-01,12,景氣對策信號,SR0005,(分),20
1991-02,2,景氣對策信號,SR0030,(燈號),2
1991-02,12,景氣對策信號,SR0005,(分),19
1991-03,2,景氣對策信號,SR0030,(燈號),2
1991-03,12,景氣對策信號,SR0005,(分),19
1991-04,2,景氣對策信號,SR0030,(燈號),2
1991-04,12,景氣對策信號,SR0005,(分),20
1991-05,2,景氣對策信號,SR0030,(燈號),3
1991-05,12,景氣對策信號,SR0005,(分),23
1991-06,2,景氣對策信號,SR0030,(燈號),3
1991-06,12,景氣對策信號,SR0005,(分),24
1991-07,2,景氣對策信號,SR0030,(燈號),3
1991-07,12,景氣對策信號,SR0005,(分),29
1991-08,2,景氣對策信號,SR0030,(燈號),3
1991-08,12,景氣對策信號,SR0005,(分),27
1991-09,2,景氣對策信號,SR0030,(燈號),3
1991-09,12,景氣對策信號,SR0005,(分),27
1991-10,2,景氣對策信號,SR0030,(燈號),3
1991-10,12,景氣對策信號,SR0005,(分),30
1991-11,2,景氣對策信號,SR0030,(燈號),3
1991-11,12,景氣對策信號,SR0005,(分),30
1991-12,2,景氣對策信號,SR0030,(燈號),3
1991-12,12,景氣對策信號,SR0005,(分),28
1992-01,2,景氣對策信號,SR0030,(燈號),3
1992-01,12,景氣對策信號,SR0005,(分),29
1992-02,2,景氣對策信號,SR0030,(燈號),3
1992-02,12,景氣對策信號,SR0005,(分),29
1992-03,2,景氣對策信號,SR0030,(燈號),3
1992-03,12,景氣對策信號,SR0005,(分),28
1992-04,2,景氣對策信號,SR0030,(燈號),3
1992-04,12,景氣對策信號,SR0005,(分),28
1992-05,2,景氣對策信號,SR0030,(燈號),3
1992-05,12,景氣對策信號,SR0005,(分),24
1992-06,2,景氣對策信號,SR0030,(燈號),3
1992-06,12,景氣對策信號,SR0005,(分),25
1992-07,2,景氣對策信號,SR0030,(燈號),3
1992-07,12,景氣對策信號,SR0005,(分),25
1992-08,2,景氣對策信號,SR0030,(燈號),3
1992-08,12,景氣對策信號,SR0005,(分),25
1992-09,2,景氣對策信號,SR0030,(燈號),2
1992-09,12,景氣對策信號,SR0005,(分),22
1992-10,2,景氣對策信號,SR0030,(燈號),3
1992-10,12,景氣對策信號,SR0005,(分),25
1992-11,2,景氣對策信號,SR0030,(燈號),2
1992-11,12,景氣對策信號,SR0005,(分),21
1992-12,2,景氣對策信號,SR0030,(燈號),3
1992-12,12,景氣對策信號,SR0005,(分),24
1993-01,2,景氣對策信號,SR0030,(燈號),2
1993-01,12,景氣對策信號,SR0005,(分),19
1993-02,2,景氣對策信號,SR0030,(燈號),3
1993-02,12,景氣對策信號,SR0005,(分),23
1993-03,2,景氣對策信號,SR0030,(燈號),3
1993-03,12,景氣對策信號,SR0005,(分),24
1993-04,2,景氣對策信號,SR0030,(燈號),2
1993-04,12,景氣對策信號,SR0005,(分),20
1993-05,2,景氣對策信號,SR0030,(燈號),2
1993-05,12,景氣對策信號,SR0005,(分),20
1993-06,2,景氣對策信號,SR0030,(燈號),2
1993-06,12,景氣對策信號,SR0005,(分),17
1993-07,2,景氣對策信號,SR0030,(燈號),2
1993-07,12,景氣對策信號,SR0005,(分),21
1993-08,2,景氣對策信號,SR0030,(燈號),2
1993-08,12,景氣對策信號,SR0005,(分),22
1993-09,2,景氣對策信號,SR0030,(燈號),3
1993-09,12,景氣對策信號,SR0005,(分),23
1993-10,2,景氣對策信號,SR0030,(燈號),3
1993-10,12,景氣對策信號,SR0005,(分),24
1993-11,2,景氣對策信號,SR0030,(燈號),2
1993-11,12,景氣對策信號,SR0005,(分),21
1993-12,2,景氣對策信號,SR0030,(燈號),3
1993-12,12,景氣對策信號,SR0005,(分),27
1994-01,2,景氣對策信號,SR0030,(燈號),4
1994-01,12,景氣對策信號,SR0005,(分),32
1994-02,2,景氣對策信號,SR0030,(燈號),3
1994-02,12,景氣對策信號,SR0005,(分),29
1994-03,2,景氣對策信號,SR0030,(燈號),3
1994-03,12,景氣對策信號,SR0005,(分),26
1994-04,2,景氣對策信號,SR0030,(燈號),3
1994-04,12,景氣對策信號,SR0005,(分),30
1994-05,2,景氣對策信號,SR0030,(燈號),3
1994-05,12,景氣對策信號,SR0005,(分),30
1994-06,2,景氣對策信號,SR0030,(燈號),4
1994-06,12,景氣對策信號,SR0005,(分),32
1994-07,2,景氣對策信號,SR0030,(燈號),3
1994-07,12,景氣對策信號,SR0005,(分),30
1994-08,2,景氣對策信號,SR0030,(燈號),4
1994-08,12,景氣對策信號,SR0005,(分),33
1994-09,2,景氣對策信號,SR0030,(燈號),4
1994-09,12,景氣對策信號,SR0005,(分),34
1994-10,2,景氣對策信號,SR0030,(燈號),4
1994-10,12,景氣對策信號,SR0005,(分),36
1994-11,2,景氣對策信號,SR0030,(燈號),5
1994-11,12,景氣對策信號,SR0005,(分),39
1994-12,2,景氣對策信號,SR0030,(燈號),3
1994-12,12,景氣對策信號,SR0005,(分),31
1995-01,2,景氣對策信號,SR0030,(燈號),3
1995-01,12,景氣對策信號,SR0005,(分),30
1995-02,2,景氣對策信號,SR0030,(燈號),4
1995-02,12,景氣對策信號,SR0005,(分),34
1995-03,2,景氣對策信號,SR0030,(燈號),3
1995-03,12,景氣對策信號,SR0005,(分),30
1995-04,2,景氣對策信號,SR0030,(燈號),3
1995-04,12,景氣對策信號,SR0005,(分),29
1995-05,2,景氣對策信號,SR0030,(燈號),3
1995-05,12,景氣對策信號,SR0005,(分),28
1995-06,2,景氣對策信號,SR0030,(燈號),3
1995-06,12,景氣對策信號,SR0005,(分),25
1995-07,2,景氣對策信號,SR0030,(燈號),3
1995-07,12,景氣對策信號,SR0005,(分),23
1995-08,2,景氣對策信號,SR0030,(燈號),2
1995-08,12,景氣對策信號,SR0005,(分),21
1995-09,2,景氣對策信號,SR0030,(燈號),2
1995-09,12,景氣對策信號,SR0005,(分),22
1995-10,2,景氣對策信號,SR0030,(燈號),1
1995-10,12,景氣對策信號,SR0005,(分),15
1995-11,2,景氣對策信號,SR0030,(燈號),1
1995-11,12,景氣對策信號,SR0005,(分),13
1995-12,2,景氣對策信號,SR0030,(燈號),1
1995-12,12,景氣對策信號,SR0005,(分),16
1996-01,2,景氣對策信號,SR0030,(燈號),2
1996-01,12,景氣對策信號,SR0005,(分),18
1996-02,2,景氣對策信號,SR0030,(燈號),2
1996-02,12,景氣對策信號,SR0005,(分),18
1996-03,2,景氣對策信號,SR0030,(燈號),1
1996-03,12,景氣對策信號,SR0005,(分),13
1996-04,2,景氣對策信號,SR0030,(燈號),2
1996-04,12,景氣對策信號,SR0005,(分),21
1996-05,2,景氣對策信號,SR0030,(燈號),1
1996-05,12,景氣對策信號,SR0005,(分),15
1996-06,2,景氣對策信號,SR0030,(燈號),2
1996-06,12,景氣對策信號,SR0005,(分),17
1996-07,2,景氣對策信號,SR0030,(燈號),2
1996-07,12,景氣對策信號,SR0005,(分),19
1996-08,2,景氣對策信號,SR0030,(燈號),2
1996-08,12,景氣對策信號,SR0005,(分),20
1996-09,2,景氣對策信號,SR0030,(燈號),3
1996-09,12,景氣對策信號,SR0005,(分),24
1996-10,2,景氣對策信號,SR0030,(燈號),2
1996-10,12,景氣對策信號,SR0005,(分),22
1996-11,2,景氣對策信號,SR0030,(燈號),3
1996-11,12,景氣對策信號,SR0005,(分),26
1996-12,2,景氣對策信號,SR0030,(燈號),3
1996-12,12,景氣對策信號,SR0005,(分),28
1997-01,2,景氣對策信號,SR0030,(燈號),3
1997-01,12,景氣對策信號,SR0005,(分),26
1997-02,2,景氣對策信號,SR0030,(燈號),3
1997-02,12,景氣對策信號,SR0005,(分),24
1997-03,2,景氣對策信號,SR0030,(燈號),3
1997-03,12,景氣對策信號,SR0005,(分),31
1997-04,2,景氣對策信號,SR0030,(燈號),3
1997-04,12,景氣對策信號,SR0005,(分),24
1997-05,2,景氣對策信號,SR0030,(燈號),3
1997-05,12,景氣對策信號,SR0005,(分),24
1997-06,2,景氣對策信號,SR0030,(燈號),3
1997-06,12,景氣對策信號,SR0005,(分),28
1997-07,2,景氣對策信號,SR0030,(燈號),3
1997-07,12,景氣對策信號,SR0005,(分),30
1997-08,2,景氣對策信號,SR0030,(燈號),3
1997-08,12,景氣對策信號,SR0005,(分),26
1997-09,2,景氣對策信號,SR0030,(燈號),3
1997-09,12,景氣對策信號,SR0005,(分),31
1997-10,2,景氣對策信號,SR0030,(燈號),3
1997-10,12,景氣對策信號,SR0005,(分),26
1997-11,2,景氣對策信號,SR0030,(燈號),3
1997-11,12,景氣對策信號,SR0005,(分),28
1997-12,2,景氣對策信號,SR0030,(燈號),3
1997-12,12,景氣對策信號,SR0005,(分),29
1998-01,2,景氣對策信號,SR0030,(燈號),3
1998-01,12,景氣對策信號,SR0005,(分),23
1998-02,2,景氣對策信號,SR0030,(燈號),3
1998-02,12,景氣對策信號,SR0005,(分),27
1998-03,2,景氣對策信號,SR0030,(燈號),3
1998-03,12,景氣對策信號,SR0005,(分),25
1998-04,2,景氣對策信號,SR0030,(燈號),2
1998-04,12,景氣對策信號,SR0005,(分),20
1998-05,2,景氣對策信號,SR0030,(燈號),2
1998-05,12,景氣對策信號,SR0005,(分),19
1998-06,2,景氣對策信號,SR0030,(燈號),2
1998-06,12,景氣對策信號,SR0005,(分),20
1998-07,2,景氣對策信號,SR0030,(燈號),1
1998-07,12,景氣對策信號,SR0005,(分),16
1998-08,2,景氣對策信號,SR0030,(燈號),2
1998-08,12,景氣對策信號,SR0005,(分),22
1998-09,2,景氣對策信號,SR0030,(燈號),2
1998-09,12,景氣對策信號,SR0005,(分),18
1998-10,2,景氣對策信號,SR0030,(燈號),1
1998-10,12,景氣對策信號,SR0005,(分),16
1998-11,2,景氣對策信號,SR0030,(燈號),2
1998-11,12,景氣對策信號,SR0005,(分),19
1998-12,2,景氣對策信號,SR0030,(燈號),1
1998-12,12,景氣對策信號,SR0005,(分),14
1999-01,2,景氣對策信號,SR0030,(燈號),2
1999-01,12,景氣對策信號,SR0005,(分),18
1999-02,2,景氣對策信號,SR0030,(燈號),2
1999-02,12,景氣對策信號,SR0005,(分),17
1999-03,2,景氣對策信號,SR0030,(燈號),1
1999-03,12,景氣對策信號,SR0005,(分),16
1999-04,2,景氣對策信號,SR0030,(燈號),2
1999-04,12,景氣對策信號,SR0005,(分),20
1999-05,2,景氣對策信號,SR0030,(燈號),2
1999-05,12,景氣對策信號,SR0005,(分),22
1999-06,2,景氣對策信號,SR0030,(燈號),3
1999-06,12,景氣對策信號,SR0005,(分),25
1999-07,2,景氣對策信號,SR0030,(燈號),3
1999-07,12,景氣對策信號,SR0005,(分),24
1999-08,2,景氣對策信號,SR0030,(燈號),3
1999-08,12,景氣對策信號,SR0005,(分),23
1999-09,2,景氣對策信號,SR0030,(燈號),2
1999-09,12,景氣對策信號,SR0005,(分),19
1999-10,2,景氣對策信號,SR0030,(燈號),3
1999-10,12,景氣對策信號,SR0005,(分),26
1999-11,2,景氣對策信號,SR0030,(燈號),3
1999-11,12,景氣對策信號,SR0005,(分),26
1999-12,2,景氣對策信號,SR0030,(燈號),3
1999-12,12,景氣對策信號,SR0005,(分),28
2000-01,2,景氣對策信號,SR0030,(燈號),4
2000-01,12,景氣對策信號,SR0005,(分),32
2000-02,2,景氣對策信號,SR0030,(燈號),3
2000-02,12,景氣對策信號,SR0005,(分),30
2000-03,2,景氣對策信號,SR0030,(燈號),3
2000-03,12,景氣對策信號,SR0005,(分),29
2000-04,2,景氣對策信號,SR0030,(燈號),3
2000-04,12,景氣對策信號,SR0005,(分),28
2000-05,2,景氣對策信號,SR0030,(燈號),3
2000-05,12,景氣對策信號,SR0005,(分),29
2000-06,2,景氣對策信號,SR0030,(燈號),3
2000-06,12,景氣對策信號,SR0005,(分),27
2000-07,2,景氣對策信號,SR0030,(燈號),3
2000-07,12,景氣對策信號,SR0005,(分),26
2000-08,2,景氣對策信號,SR0030,(燈號),3
2000-08,12,景氣對策信號,SR0005,(分),28
2000-09,2,景氣對策信號,SR0030,(燈號),3
2000-09,12,景氣對策信號,SR0005,(分),28
2000-10,2,景氣對策信號,SR0030,(燈號),3
2000-10,12,景氣對策信號,SR0005,(分),23
2000-11,2,景氣對策信號,SR0030,(燈號),2
2000-11,12,景氣對策信號,SR0005,(分),17
2000-12,2,景氣對策信號,SR0030,(燈號),1
2000-12,12,景氣對策信號,SR0005,(分),16
2001-01,2,景氣對策信號,SR0030,(燈號),1
2001-01,12,景氣對策信號,SR0005,(分),10
2001-02,2,景氣對策信號,SR0030,(燈號),1
2001-02,12,景氣對策信號,SR0005,(分),10
2001-03,2,景氣對策信號,SR0030,(燈號),1
2001-03,12,景氣對策信號,SR0005,(分),10
2001-04,2,景氣對策信號,SR0030,(燈號),1
2001-04,12,景氣對策信號,SR0005,(分),9
2001-05,2,景氣對策信號,SR0030,(燈號),1
2001-05,12,景氣對策信號,SR0005,(分),9
2001-06,2,景氣對策信號,SR0030,(燈號),1
2001-06,12,景氣對策信號,SR0005,(分),9
2001-07,2,景氣對策信號,SR0030,(燈號),1
2001-07,12,景氣對策信號,SR0005,(分),9
2001-08,2,景氣對策信號,SR0030,(燈號),1
2001-08,12,景氣對策信號,SR0005,(分),11
2001-09,2,景氣對策信號,SR0030,(燈號),1
2001-09,12,景氣對策信號,SR0005,(分),9
2001-10,2,景氣對策信號,SR0030,(燈號),1
2001-10,12,景氣對策信號,SR0005,(分),9
2001-11,2,景氣對策信號,SR0030,(燈號),1
2001-11,12,景氣對策信號,SR0005,(分),10
2001-12,2,景氣對策信號,SR0030,(燈號),1
2001-12,12,景氣對策信號,SR0005,(分),15
2002-01,2,景氣對策信號,SR0030,(燈號),1
2002-01,12,景氣對策信號,SR0005,(分),15
2002-02,2,景氣對策信號,SR0030,(燈號),1
2002-02,12,景氣對策信號,SR0005,(分),15
2002-03,2,景氣對策信號,SR0030,(燈號),2
2002-03,12,景氣對策信號,SR0005,(分),20
2002-04,2,景氣對策信號,SR0030,(燈號),3
2002-04,12,景氣對策信號,SR0005,(分),26
2002-05,2,景氣對策信號,SR0030,(燈號),3
2002-05,12,景氣對策信號,SR0005,(分),25
2002-06,2,景氣對策信號,SR0030,(燈號),3
2002-06,12,景氣對策信號,SR0005,(分),25
2002-07,2,景氣對策信號,SR0030,(燈號),3
2002-07,12,景氣對策信號,SR0005,(分),29
2002-08,2,景氣對策信號,SR0030,(燈號),3
2002-08,12,景氣對策信號,SR0005,(分),24
2002-09,2,景氣對策信號,SR0030,(燈號),3
2002-09,12,景氣對策信號,SR0005,(分),29
2002-10,2,景氣對策信號,SR0030,(燈號),3
2002-10,12,景氣對策信號,SR0005,(分),23
2002-11,2,景氣對策信號,SR0030,(燈號),3
2002-11,12,景氣對策信號,SR0005,(分),26
2002-12,2,景氣對策信號,SR0030,(燈號),3
2002-12,12,景氣對策信號,SR0005,(分),24
2003-01,2,景氣對策信號,SR0030,(燈號),2
2003-01,12,景氣對策信號,SR0005,(分),20
2003-02,2,景氣對策信號,SR0030,(燈號),2
2003-02,12,景氣對策信號,SR0005,(分),22
2003-03,2,景氣對策信號,SR0030,(燈號),2
2003-03,12,景氣對策信號,SR0005,(分),17
2003-04,2,景氣對策信號,SR0030,(燈號),1
2003-04,12,景氣對策信號,SR0005,(分),14
2003-05,2,景氣對策信號,SR0030,(燈號),1
2003-05,12,景氣對策信號,SR0005,(分),14
2003-06,2,景氣對策信號,SR0030,(燈號),2
2003-06,12,景氣對策信號,SR0005,(分),20
2003-07,2,景氣對策信號,SR0030,(燈號),3
2003-07,12,景氣對策信號,SR0005,(分),24
2003-08,2,景氣對策信號,SR0030,(燈號),3
2003-08,12,景氣對策信號,SR0005,(分),26
2003-09,2,景氣對策信號,SR0030,(燈號),3
2003-09,12,景氣對策信號,SR0005,(分),29
2003-10,2,景氣對策信號,SR0030,(燈號),3
2003-10,12,景氣對策信號,SR0005,(分),31
2003-11,2,景氣對策信號,SR0030,(燈號),3
2003-11,12,景氣對策信號,SR0005,(分),30
2003-12,2,景氣對策信號,SR0030,(燈號),4
2003-12,12,景氣對策信號,SR0005,(分),34
2004-01,2,景氣對策信號,SR0030,(燈號),4
2004-01,12,景氣對策信號,SR0005,(分),35
2004-02,2,景氣對策信號,SR0030,(燈號),4
2004-02,12,景氣對策信號,SR0005,(分),34
2004-03,2,景氣對策信號,SR0030,(燈號),4
2004-03,12,景氣對策信號,SR0005,(分),36
2004-04,2,景氣對策信號,SR0030,(燈號),4
2004-04,12,景氣對策信號,SR0005,(分),37
2004-05,2,景氣對策信號,SR0030,(燈號),5
2004-05,12,景氣對策信號,SR0005,(分),39
2004-06,2,景氣對策信號,SR0030,(燈號),4
2004-06,12,景氣對策信號,SR0005,(分),36
2004-07,2,景氣對策信號,SR0030,(燈號),4
2004-07,12,景氣對策信號,SR0005,(分),35
2004-08,2,景氣對策信號,SR0030,(燈號),4
2004-08,12,景氣對策信號,SR0005,(分),33
2004-09,2,景氣對策信號,SR0030,(燈號),4
2004-09,12,景氣對策信號,SR0005,(分),32
2004-10,2,景氣對策信號,SR0030,(燈號),3
2004-10,12,景氣對策信號,SR0005,(分),29
2004-11,2,景氣對策信號,SR0030,(燈號),3
2004-11,12,景氣對策信號,SR0005,(分),28
2004-12,2,景氣對策信號,SR0030,(燈號),3
2004-12,12,景氣對策信號,SR0005,(分),26
2005-01,2,景氣對策信號,SR0030,(燈號),3
2005-01,12,景氣對策信號,SR0005,(分),23
2005-02,2,景氣對策信號,SR0030,(燈號),3
2005-02,12,景氣對策信號,SR0005,(分),23
2005-03,2,景氣對策信號,SR0030,(燈號),2
2005-03,12,景氣對策信號,SR0005,(分),22
2005-04,2,景氣對策信號,SR0030,(燈號),2
2005-04,12,景氣對策信號,SR0005,(分),20
2005-05,2,景氣對策信號,SR0030,(燈號),2
2005-05,12,景氣對策信號,SR0005,(分),18
2005-06,2,景氣對策信號,SR0030,(燈號),2
2005-06,12,景氣對策信號,SR0005,(分),20
2005-07,2,景氣對策信號,SR0030,(燈號),2
2005-07,12,景氣對策信號,SR0005,(分),19
2005-08,2,景氣對策信號,SR0030,(燈號),3
2005-08,12,景氣對策信號,SR0005,(分),23
2005-09,2,景氣對策信號,SR0030,(燈號),3
2005-09,12,景氣對策信號,SR0005,(分),23
2005-10,2,景氣對策信號,SR0030,(燈號),3
2005-10,12,景氣對策信號,SR0005,(分),24
2005-11,2,景氣對策信號,SR0030,(燈號),3
2005-11,12,景氣對策信號,SR0005,(分),24
2005-12,2,景氣對策信號,SR0030,(燈號),3
2005-12,12,景氣對策信號,SR0005,(分),27
2006-01,2,景氣對策信號,SR0030,(燈號),3
2006-01,12,景氣對策信號,SR0005,(分),28
2006-02,2,景氣對策信號,SR0030,(燈號),3
2006-02,12,景氣對策信號,SR0005,(分),28
2006-03,2,景氣對策信號,SR0030,(燈號),3
2006-03,12,景氣對策信號,SR0005,(分),23
2006-04,2,景氣對策信號,SR0030,(燈號),3
2006-04,12,景氣對策信號,SR0005,(分),23
2006-05,2,景氣對策信號,SR0030,(燈號),3
2006-05,12,景氣對策信號,SR0005,(分),24
2006-06,2,景氣對策信號,SR0030,(燈號),2
2006-06,12,景氣對策信號,SR0005,(分),21
2006-07,2,景氣對策信號,SR0030,(燈號),2
2006-07,12,景氣對策信號,SR0005,(分),21
2006-08,2,景氣對策信號,SR0030,(燈號),2
2006-08,12,景氣對策信號,SR0005,(分),22
2006-09,2,景氣對策信號,SR0030,(燈號),2
2006-09,12,景氣對策信號,SR0005,(分),22
2006-10,2,景氣對策信號,SR0030,(燈號),2
2006-10,12,景氣對策信號,SR0005,(分),20
2006-11,2,景氣對策信號,SR0030,(燈號),2
2006-11,12,景氣對策信號,SR0005,(分),21
2006-12,2,景氣對策信號,SR0030,(燈號),1
2006-12,12,景氣對策信號,SR0005,(分),16
2007-01,2,景氣對策信號,SR0030,(燈號),2
2007-01,12,景氣對策信號,SR0005,(分),18
2007-02,2,景氣對策信號,SR0030,(燈號),2
2007-02,12,景氣對策信號,SR0005,(分),19
2007-03,2,景氣對策信號,SR0030,(燈號),3
2007-03,12,景氣對策信號,SR0005,(分),23
2007-04,2,景氣對策信號,SR0030,(燈號),2
2007-04,12,景氣對策信號,SR0005,(分),18
2007-05,2,景氣對策信號,SR0030,(燈號),2
2007-05,12,景氣對策信號,SR0005,(分),20
2007-06,2,景氣對策信號,SR0030,(燈號),3
2007-06,12,景氣對策信號,SR0005,(分),25
2007-07,2,景氣對策信號,SR0030,(燈號),3
2007-07,12,景氣對策信號,SR0005,(分),30
2007-08,2,景氣對策信號,SR0030,(燈號),3
2007-08,12,景氣對策信號,SR0005,(分),30
2007-09,2,景氣對策信號,SR0030,(燈號),4
2007-09,12,景氣對策信號,SR0005,(分),32
2007-10,2,景氣對策信號,SR0030,(燈號),4
2007-10,12,景氣對策信號,SR0005,(分),32
2007-11,2,景氣對策信號,SR0030,(燈號),3
2007-11,12,景氣對策信號,SR0005,(分),28
2007-12,2,景氣對策信號,SR0030,(燈號),3
2007-12,12,景氣對策信號,SR0005,(分),29
2008-01,2,景氣對策信號,SR0030,(燈號),3
2008-01,12,景氣對策信號,SR0005,(分),29
2008-02,2,景氣對策信號,SR0030,(燈號),3
2008-02,12,景氣對策信號,SR0005,(分),27
2008-03,2,景氣對策信號,SR0030,(燈號),3
2008-03,12,景氣對策信號,SR0005,(分),26
2008-04,2,景氣對策信號,SR0030,(燈號),3
2008-04,12,景氣對策信號,SR0005,(分),27
2008-05,2,景氣對策信號,SR0030,(燈號),2
2008-05,12,景氣對策信號,SR0005,(分),22
2008-06,2,景氣對策信號,SR0030,(燈號),2
2008-06,12,景氣對策信號,SR0005,(分),20
2008-07,2,景氣對策信號,SR0030,(燈號),1
2008-07,12,景氣對策信號,SR0005,(分),16
2008-08,2,景氣對策信號,SR0030,(燈號),2
2008-08,12,景氣對策信號,SR0005,(分),18
2008-09,2,景氣對策信號,SR0030,(燈號),1
2008-09,12,景氣對策信號,SR0005,(分),12
2008-10,2,景氣對策信號,SR0030,(燈號),1
2008-10,12,景氣對策信號,SR0005,(分),12
2008-11,2,景氣對策信號,SR0030,(燈號),1
2008-11,12,景氣對策信號,SR0005,(分),11
2008-12,2,景氣對策信號,SR0030,(燈號),1
2008-12,12,景氣對策信號,SR0005,(分),9
2009-01,2,景氣對策信號,SR0030,(燈號),1
2009-01,12,景氣對策信號,SR0005,(分),9
2009-02,2,景氣對策信號,SR0030,(燈號),1
2009-02,12,景氣對策信號,SR0005,(分),10
2009-03,2,景氣對策信號,SR0030,(燈號),1
2009-03,12,景氣對策信號,SR0005,(分),10
2009-04,2,景氣對策信號,SR0030,(燈號),1
2009-04,12,景氣對策信號,SR0005,(分),11
2009-05,2,景氣對策信號,SR0030,(燈號),1
2009-05,12,景氣對策信號,SR0005,(分),12
2009-06,2,景氣對策信號,SR0030,(燈號),2
2009-06,12,景氣對策信號,SR0005,(分),17
2009-07,2,景氣對策信號,SR0030,(燈號),2
2009-07,12,景氣對策信號,SR0005,(分),18
2009-08,2,景氣對策信號,SR0030,(燈號),2
2009-08,12,景氣對策信號,SR0005,(分),18
2009-09,2,景氣對策信號,SR0030,(燈號),2
2009-09,12,景氣對策信號,SR0005,(分),20
2009-10,2,景氣對策信號,SR0030,(燈號),3
2009-10,12,景氣對策信號,SR0005,(分),26
2009-11,2,景氣對策信號,SR0030,(燈號),4
2009-11,12,景氣對策信號,SR0005,(分),37
2009-12,2,景氣對策信號,SR0030,(燈號),4
2009-12,12,景氣對策信號,SR0005,(分),37
2010-01,2,景氣對策信號,SR0030,(燈號),5
2010-01,12,景氣對策信號,SR0005,(分),38
2010-02,2,景氣對策信號,SR0030,(燈號),5
2010-02,12,景氣對策信號,SR0005,(分),38
2010-03,2,景氣對策信號,SR0030,(燈號),5
2010-03,12,景氣對策信號,SR0005,(分),39
2010-04,2,景氣對策信號,SR0030,(燈號),5
2010-04,12,景氣對策信號,SR0005,(分),39
2010-05,2,景氣對策信號,SR0030,(燈號),4
2010-05,12,景氣對策信號,SR0005,(分),37
2010-06,2,景氣對策信號,SR0030,(燈號),4
2010-06,12,景氣對策信號,SR0005,(分),37
2010-07,2,景氣對策信號,SR0030,(燈號),5
2010-07,12,景氣對策信號,SR0005,(分),38
2010-08,2,景氣對策信號,SR0030,(燈號),5
2010-08,12,景氣對策信號,SR0005,(分),38
2010-09,2,景氣對策信號,SR0030,(燈號),4
2010-09,12,景氣對策信號,SR0005,(分),37
2010-10,2,景氣對策信號,SR0030,(燈號),4
2010-10,12,景氣對策信號,SR0005,(分),34
2010-11,2,景氣對策信號,SR0030,(燈號),4
2010-11,12,景氣對策信號,SR0005,(分),32
2010-12,2,景氣對策信號,SR0030,(燈號),4
2010-12,12,景氣對策信號,SR0005,(分),34
2011-01,2,景氣對策信號,SR0030,(燈號),4
2011-01,12,景氣對策信號,SR0005,(分),34
2011-02,2,景氣對策信號,SR0030,(燈號),4
2011-02,12,景氣對策信號,SR0005,(分),34
2011-03,2,景氣對策信號,SR0030,(燈號),3
2011-03,12,景氣對策信號,SR0005,(分),31
2011-04,2,景氣對策信號,SR0030,(燈號),3
2011-04,12,景氣對策信號,SR0005,(分),29
2011-05,2,景氣對策信號,SR0030,(燈號),3
2011-05,12,景氣對策信號,SR0005,(分),27
2011-06,2,景氣對策信號,SR0030,(燈號),3
2011-06,12,景氣對策信號,SR0005,(分),25
2011-07,2,景氣對策信號,SR0030,(燈號),3
2011-07,12,景氣對策信號,SR0005,(分),23
2011-08,2,景氣對策信號,SR0030,(燈號),2
2011-08,12,景氣對策信號,SR0005,(分),20
2011-09,2,景氣對策信號,SR0030,(燈號),2
2011-09,12,景氣對策信號,SR0005,(分),21
2011-10,2,景氣對策信號,SR0030,(燈號),2
2011-10,12,景氣對策信號,SR0005,(分),19
2011-11,2,景氣對策信號,SR0030,(燈號),1
2011-11,12,景氣對策信號,SR0005,(分),16
2011-12,2,景氣對策信號,SR0030,(燈號),1
2011-12,12,景氣對策信號,SR0005,(分),14
2012-01,2,景氣對策信號,SR0030,(燈號),1
2012-01,12,景氣對策信號,SR0005,(分),13
2012-02,2,景氣對策信號,SR0030,(燈號),1
2012-02,12,景氣對策信號,SR0005,(分),15
2012-03,2,景氣對策信號,SR0030,(燈號),1
2012-03,12,景氣對策信號,SR0005,(分),14
2012-04,2,景氣對策信號,SR0030,(燈號),1
2012-04,12,景氣對策信號,SR0005,(分),14
2012-05,2,景氣對策信號,SR0030,(燈號),1
2012-05,12,景氣對策信號,SR0005,(分),15
2012-06,2,景氣對策信號,SR0030,(燈號),1
2012-06,12,景氣對策信號,SR0005,(分),15
2012-07,2,景氣對策信號,SR0030,(燈號),1
2012-07,12,景氣對策信號,SR0005,(分),16
2012-08,2,景氣對策信號,SR0030,(燈號),1
2012-08,12,景氣對策信號,SR0005,(分),15
2012-09,2,景氣對策信號,SR0030,(燈號),2
2012-09,12,景氣對策信號,SR0005,(分),20
2012-10,2,景氣對策信號,SR0030,(燈號),2
2012-10,12,景氣對策信號,SR0005,(分),19
2012-11,2,景氣對策信號,SR0030,(燈號),2
2012-11,12,景氣對策信號,SR0005,(分),21
2012-12,2,景氣對策信號,SR0030,(燈號),2
2012-12,12,景氣對策信號,SR0005,(分),22
2013-01,2,景氣對策信號,SR0030,(燈號),2
2013-01,12,景氣對策信號,SR0005,(分),19
2013-02,2,景氣對策信號,SR0030,(燈號),2
2013-02,12,景氣對策信號,SR0005,(分),20
2013-03,2,景氣對策信號,SR0030,(燈號),2
2013-03,12,景氣對策信號,SR0005,(分),18
2013-04,2,景氣對策信號,SR0030,(燈號),2
2013-04,12,景氣對策信號,SR0005,(分),17
2013-05,2,景氣對策信號,SR0030,(燈號),2
2013-05,12,景氣對策信號,SR0005,(分),19
2013-06,2,景氣對策信號,SR0030,(燈號),3
2013-06,12,景氣對策信號,SR0005,(分),23
2013-07,2,景氣對策信號,SR0030,(燈號),2
2013-07,12,景氣對策信號,SR0005,(分),20
2013-08,2,景氣對策信號,SR0030,(燈號),2
2013-08,12,景氣對策信號,SR0005,(分),20
2013-09,2,景氣對策信號,SR0030,(燈號),2
2013-09,12,景氣對策信號,SR0005,(分),20
2013-10,2,景氣對策信號,SR0030,(燈號),2
2013-10,12,景氣對策信號,SR0005,(分),21
2013-11,2,景氣對策信號,SR0030,(燈號),2
2013-11,12,景氣對策信號,SR0005,(分),21
2013-12,2,景氣對策信號,SR0030,(燈號),3
2013-12,12,景氣對策信號,SR0005,(分),24
2014-01,2,景氣對策信號,SR0030,(燈號),2
2014-01,12,景氣對策信號,SR0005,(分),22
2014-02,2,景氣對策信號,SR0030,(燈號),3
2014-02,12,景氣對策信號,SR0005,(分),25
2014-03,2,景氣對策信號,SR0030,(燈號),3
2014-03,12,景氣對策信號,SR0005,(分),25
2014-04,2,景氣對策信號,SR0030,(燈號),3
2014-04,12,景氣對策信號,SR0005,(分),29
2014-05,2,景氣對策信號,SR0030,(燈號),3
2014-05,12,景氣對策信號,SR0005,(分),24
2014-06,2,景氣對策信號,SR0030,(燈號),3
2014-06,12,景氣對策信號,SR0005,(分),26
2014-07,2,景氣對策信號,SR0030,(燈號),3
2014-07,12,景氣對策信號,SR0005,(分),27
2014-08,2,景氣對策信號,SR0030,(燈號),3
2014-08,12,景氣對策信號,SR0005,(分),29
2014-09,2,景氣對策信號,SR0030,(燈號),3
2014-09,12,景氣對策信號,SR0005,(分),27
2014-10,2,景氣對策信號,SR0030,(燈號),3
2014-10,12,景氣對策信號,SR0005,(分),24
2014-11,2,景氣對策信號,SR0030,(燈號),3
2014-11,12,景氣對策信號,SR0005,(分),25
2014-12,2,景氣對策信號,SR0030,(燈號),2
2014-12,12,景氣對策信號,SR0005,(分),22
2015-01,2,景氣對策信號,SR0030,(燈號),3
2015-01,12,景氣對策信號,SR0005,(分),23
2015-02,2,景氣對策信號,SR0030,(燈號),3
2015-02,12,景氣對策信號,SR0005,(分),24
2015-03,2,景氣對策信號,SR0030,(燈號),2
2015-03,12,景氣對策信號,SR0005,(分),22
2015-04,2,景氣對策信號,SR0030,(燈號),1
2015-04,12,景氣對策信號,SR0005,(分),16
2015-05,2,景氣對策信號,SR0030,(燈號),2
2015-05,12,景氣對策信號,SR0005,(分),18
2015-06,2,景氣對策信號,SR0030,(燈號),1
2015-06,12,景氣對策信號,SR0005,(分),16
2015-07,2,景氣對策信號,SR0030,(燈號),1
2015-07,12,景氣對策信號,SR0005,(分),14
2015-08,2,景氣對策信號,SR0030,(燈號),1
2015-08,12,景氣對策信號,SR0005,(分),14
2015-09,2,景氣對策信號,SR0030,(燈號),1
2015-09,12,景氣對策信號,SR0005,(分),14
2015-10,2,景氣對策信號,SR0030,(燈號),1
2015-10,12,景氣對策信號,SR0005,(分),15
2015-11,2,景氣對策信號,SR0030,(燈號),1
2015-11,12,景氣對策信號,SR0005,(分),15
2015-12,2,景氣對策信號,SR0030,(燈號),1
2015-12,12,景氣對策信號,SR0005,(分),14
2016-01,2,景氣對策信號,SR0030,(燈號),1
2016-01,12,景氣對策信號,SR0005,(分),14
2016-02,2,景氣對策信號,SR0030,(燈號),1
2016-02,12,景氣對策信號,SR0005,(分),16
2016-03,2,景氣對策信號,SR0030,(燈號),1
2016-03,12,景氣對策信號,SR0005,(分),16
2016-04,2,景氣對策信號,SR0030,(燈號),2
2016-04,12,景氣對策信號,SR0005,(分),17
2016-05,2,景氣對策信號,SR0030,(燈號),2
2016-05,12,景氣對策信號,SR0005,(分),20
2016-06,2,景氣對策信號,SR0030,(燈號),2
2016-06,12,景氣對策信號,SR0005,(分),20
2016-07,2,景氣對策信號,SR0030,(燈號),3
2016-07,12,景氣對策信號,SR0005,(分),23
2016-08,2,景氣對策信號,SR0030,(燈號),3
2016-08,12,景氣對策信號,SR0005,(分),25
2016-09,2,景氣對策信號,SR0030,(燈號),3
2016-09,12,景氣對策信號,SR0005,(分),23
2016-10,2,景氣對策信號,SR0030,(燈號),3
2016-10,12,景氣對策信號,SR0005,(分),24
2016-11,2,景氣對策信號,SR0030,(燈號),3
2016-11,12,景氣對策信號,SR0005,(分),26
2016-12,2,景氣對策信號,SR0030,(燈號),3
2016-12,12,景氣對策信號,SR0005,(分),28
2017-01,2,景氣對策信號,SR0030,(燈號),3
2017-01,12,景氣對策信號,SR0005,(分),29
2017-02,2,景氣對策信號,SR0030,(燈號),3
2017-02,12,景氣對策信號,SR0005,(分),28
2017-03,2,景氣對策信號,SR0030,(燈號),3
2017-03,12,景氣對策信號,SR0005,(分),24
2017-04,2,景氣對策信號,SR0030,(燈號),2
2017-04,12,景氣對策信號,SR0005,(分),21
2017-05,2,景氣對策信號,SR0030,(燈號),2
2017-05,12,景氣對策信號,SR0005,(分),20
2017-06,2,景氣對策信號,SR0030,(燈號),2
2017-06,12,景氣對策信號,SR0005,(分),22
2017-07,2,景氣對策信號,SR0030,(燈號),2
2017-07,12,景氣對策信號,SR0005,(分),22
2017-08,2,景氣對策信號,SR0030,(燈號),3
2017-08,12,景氣對策信號,SR0005,(分),25
2017-09,2,景氣對策信號,SR0030,(燈號),3
2017-09,12,景氣對策信號,SR0005,(分),28
2017-10,2,景氣對策信號,SR0030,(燈號),3
2017-10,12,景氣對策信號,SR0005,(分),23
2017-11,2,景氣對策信號,SR0030,(燈號),3
2017-11,12,景氣對策信號,SR0005,(分),23
2017-12,2,景氣對策信號,SR0030,(燈號),2
2017-12,12,景氣對策信號,SR0005,(分),22
2018-01,2,景氣對策信號,SR0030,(燈號),2
2018-01,12,景氣對策信號,SR0005,(分),20
2018-02,2,景氣對策信號,SR0030,(燈號),3
2018-02,12,景氣對策信號,SR0005,(分),24
2018-03,2,景氣對策信號,SR0030,(燈號),3
2018-03,12,景氣對策信號,SR0005,(分),23
2018-04,2,景氣對策信號,SR0030,(燈號),3
2018-04,12,景氣對策信號,SR0005,(分),26
2018-05,2,景氣對策信號,SR0030,(燈號),3
2018-05,12,景氣對策信號,SR0005,(分),29
2018-06,2,景氣對策信號,SR0030,(燈號),2
2018-06,12,景氣對策信號,SR0005,(分),22
2018-07,2,景氣對策信號,SR0030,(燈號),3
2018-07,12,景氣對策信號,SR0005,(分),26
2018-08,2,景氣對策信號,SR0030,(燈號),3
2018-08,12,景氣對策信號,SR0005,(分),24
2018-09,2,景氣對策信號,SR0030,(燈號),2
2018-09,12,景氣對策信號,SR0005,(分),22
2018-10,2,景氣對策信號,SR0030,(燈號),2
2018-10,12,景氣對策信號,SR0005,(分),22
2018-11,2,景氣對策信號,SR0030,(燈號),2
2018-11,12,景氣對策信號,SR0005,(分),17
2018-12,2,景氣對策信號,SR0030,(燈號),1
2018-12,12,景氣對策信號,SR0005,(分),16
2019-01,2,景氣對策信號,SR0030,(燈號),2
2019-01,12,景氣對策信號,SR0005,(分),20
2019-02,2,景氣對策信號,SR0030,(燈號),2
2019-02,12,景氣對策信號,SR0005,(分),17
2019-03,2,景氣對策信號,SR0030,(燈號),2
2019-03,12,景氣對策信號,SR0005,(分),20
2019-04,2,景氣對策信號,SR0030,(燈號),2
2019-04,12,景氣對策信號,SR0005,(分),21
2019-05,2,景氣對策信號,SR0030,(燈號),2
2019-05,12,景氣對策信號,SR0005,(分),18
2019-06,2,景氣對策信號,SR0030,(燈號),2
2019-06,12,景氣對策信號,SR0005,(分),21
2019-07,2,景氣對策信號,SR0030,(燈號),2
2019-07,12,景氣對策信號,SR0005,(分),22
2019-08,2,景氣對策信號,SR0030,(燈號),2
2019-08,12,景氣對策信號,SR0005,(分),20
2019-09,2,景氣對策信號,SR0030,(燈號),2
2019-09,12,景氣對策信號,SR0005,(分),19
2019-10,2,景氣對策信號,SR0030,(燈號),2
2019-10,12,景氣對策信號,SR0005,(分),19
2019-11,2,景氣對策信號,SR0030,(燈號),3
2019-11,12,景氣對策信號,SR0005,(分),24
2019-12,2,景氣對策信號,SR0030,(燈號),3
2019-12,12,景氣對策信號,SR0005,(分),27
2020-01,2,景氣對策信號,SR0030,(燈號),3
2020-01,12,景氣對策信號,SR0005,(分),25
2020-02,2,景氣對策信號,SR0030,(燈號),3
2020-02,12,景氣對策信號,SR0005,(分),24
2020-03,2,景氣對策信號,SR0030,(燈號),2
2020-03,12,景氣對策信號,SR0005,(分),20
2020-04,2,景氣對策信號,SR0030,(燈號),2
2020-04,12,景氣對策信號,SR0005,(分),19
2020-05,2,景氣對策信號,SR0030,(燈號),2
2020-05,12,景氣對策信號,SR0005,(分),19
2020-06,2,景氣對策信號,SR0030,(燈號),2
2020-06,12,景氣對策信號,SR0005,(分),19
2020-07,2,景氣對策信號,SR0030,(燈號),2
2020-07,12,景氣對策信號,SR0005,(分),21
2020-08,2,景氣對策信號,SR0030,(燈號),3
2020-08,12,景氣對策信號,SR0005,(分),26
2020-09,2,景氣對策信號,SR0030,(燈號),3
2020-09,12,景氣對策信號,SR0005,(分),27
2020-10,2,景氣對策信號,SR0030,(燈號),3
2020-10,12,景氣對策信號,SR0005,(分),28
2020-11,2,景氣對策信號,SR0030,(燈號),3
2020-11,12,景氣對策信號,SR0005,(分),30
2020-12,2,景氣對策信號,SR0030,(燈號),4
2020-12,12,景氣對策信號,SR0005,(分),34
2021-01,2,景氣對策信號,SR0030,(燈號),4
2021-01,12,景氣對策信號,SR0005,(分),37
2021-02,2,景氣對策信號,SR0030,(燈號),5
2021-02,12,景氣對策信號,SR0005,(分),40
2021-03,2,景氣對策信號,SR0030,(燈號),5
2021-03,12,景氣對策信號,SR0005,(分),40
2021-04,2,景氣對策信號,SR0030,(燈號),5
2021-04,12,景氣對策信號,SR0005,(分),41
2021-05,2,景氣對策信號,SR0030,(燈號),5
2021-05,12,景氣對策信號,SR0005,(分),41
2021-06,2,景氣對策信號,SR0030,(燈號),5
2021-06,12,景氣對策信號,SR0005,(分),40
2021-07,2,景氣對策信號,SR0030,(燈號),5
2021-07,12,景氣對策信號,SR0005,(分),38
2021-08,2,景氣對策信號,SR0030,(燈號),5
2021-08,12,景氣對策信號,SR0005,(分),39
2021-09,2,景氣對策信號,SR0030,(燈號),5
2021-09,12,景氣對策信號,SR0005,(分),38
2021-10,2,景氣對策信號,SR0030,(燈號),5
2021-10,12,景氣對策信號,SR0005,(分),39
2021-11,2,景氣對策信號,SR0030,(燈號),4
2021-11,12,景氣對策信號,SR0005,(分),37
2021-12,2,景氣對策信號,SR0030,(燈號),5
2021-12,12,景氣對策信號,SR0005,(分),38
2022-01,2,景氣對策信號,SR0030,(燈號),4
2022-01,12,景氣對策信號,SR0005,(分),36
2022-02,2,景氣對策信號,SR0030,(燈號),4
2022-02,12,景氣對策信號,SR0005,(分),34
2022-03,2,景氣對策信號,SR0030,(燈號),3
2022-03,12,景氣對策信號,SR0005,(分),31
2022-04,2,景氣對策信號,SR0030,(燈號),3
2022-04,12,景氣對策信號,SR0005,(分),28
2022-05,2,景氣對策信號,SR0030,(燈號),3
2022-05,12,景氣對策信號,SR0005,(分),28
2022-06,2,景氣對策信號,SR0030,(燈號),3
2022-06,12,景氣對策信號,SR0005,(分),27
2022-07,2,景氣對策信號,SR0030,(燈號),3
2022-07,12,景氣對策信號,SR0005,(分),24
2022-08,2,景氣對策信號,SR0030,(燈號),3
2022-08,12,景氣對策信號,SR0005,(分),23
2022-09,2,景氣對策信號,SR0030,(燈號),2
2022-09,12,景氣對策信號,SR0005,(分),17
2022-10,2,景氣對策信號,SR0030,(燈號),2
2022-10,12,景氣對策信號,SR0005,(分),18
2022-11,2,景氣對策信號,SR0030,(燈號),1
2022-11,12,景氣對策信號,SR0005,(分),12
2022-12,2,景氣對策信號,SR0030,(燈號),1
2022-12,12,景氣對策信號,SR0005,(分),12
2023-01,2,景氣對策信號,SR0030,(燈號),1
2023-01,12,景氣對策信號,SR0005,(分),11
2023-02,2,景氣對策信號,SR0030,(燈號),1
2023-02,12,景氣對策信號,SR0005,(分),10
2023-03,2,景氣對策信號,SR0030,(燈號),1
2023-03,12,景氣對策信號,SR0005,(分),11
2023-04,2,景氣對策信號,SR0030,(燈號),1
2023-04,12,景氣對策信號,SR0005,(分),11
2023-05,2,景氣對策信號,SR0030,(燈號),1
2023-05,12,景氣對策信號,SR0005,(分),12
2023-06,2,景氣對策信號,SR0030,(燈號),1
2023-06,12,景氣對策信號,SR0005,(分),13
2023-07,2,景氣對策信號,SR0030,(燈號),1
2023-07,12,景氣對策信號,SR0005,(分),15
2023-08,2,景氣對策信號,SR0030,(燈號),1
2023-08,12,景氣對策信號,SR0005,(分),15
2023-09,2,景氣對策信號,SR0030,(燈號),2
2023-09,12,景氣對策信號,SR0005,(分),17
2023-10,2,景氣對策信號,SR0030,(燈號),1
2023-10,12,景氣對策信號,SR0005,(分),16
2023-11,2,景氣對策信號,SR0030,(燈號),2
2023-11,12,景氣對策信號,SR0005,(分),20
2023-12,2,景氣對策信號,SR0030,(燈號),2
2023-12,12,景氣對策信號,SR0005,(分),22
2024-01,2,景氣對策信號,SR0030,(燈號),3
2024-01,12,景氣對策信號,SR0005,(分),27
2024-02,2,景氣對策信號,SR0030,(燈號),3
2024-02,12,景氣對策信號,SR0005,(分),29
2024-03,2,景氣對策信號,SR0030,(燈號),3
2024-03,12,景氣對策信號,SR0005,(分),31
2024-04,2,景氣對策信號,SR0030,(燈號),4
2024-04,12,景氣對策信號,SR0005,(分),35
2024-05,2,景氣對策信號,SR0030,(燈號),4
2024-05,12,景氣對策信號,SR0005,(分),36
2024-06,2,景氣對策信號,SR0030,(燈號),5
2024-06,12,景氣對策信號,SR0005,(分),38
2024-07,2,景氣對策信號,SR0030,(燈號),4
2024-07,12,景氣對策信號,SR0005,(分),35
2024-08,2,景氣對策信號,SR0030,(燈號),5
2024-08,12,景氣對策信號,SR0005,(分),39
2024-09,2,景氣對策信號,SR0030,(燈號),4
2024-09,12,景氣對策信號,SR0005,(分),34
2024-10,2,景氣對策信號,SR0030,(燈號),4
2024-10,12,景氣對策信號,SR0005,(分),32
2024-11,2,景氣對策信號,SR0030,(燈號),4
2024-11,12,景氣對策信號,SR0005,(分),34
2024-12,2,景氣對策信號,SR0030,(燈號),5
2024-12,12,景氣對策信號,SR0005,(分),38
2025-01,2,景氣對策信號,SR0030,(燈號),4
2025-01,12,景氣對策信號,SR0005,(分),35
2025-02,2,景氣對策信號,SR0030,(燈號),4
2025-02,12,景氣對策信號,SR0005,(分),37
2025-03,2,景氣對策信號,SR0030,(燈號),4
2025-03,12,景氣對策信號,SR0005,(分),35
2025-04,2,景氣對策信號,SR0030,(燈號),4
2025-04,12,景氣對策信號,SR0005,(分),33
2025-05,2,景氣對策信號,SR0030,(燈號),3
2025-05,12,景氣對策信號,SR0005,(分),31
2025-06,2,景氣對策信號,SR0030,(燈號),3
2025-06,12,景氣對策信號,SR0005,(分),29
2025-07,2,景氣對策信號,SR0030,(燈號),3
2025-07,12,景氣對策信號,SR0005,(分),29
2025-08,2,景氣對策信號,SR0030,(燈號),3
2025-08,12,景氣對策信號,SR0005,(分),31
2025-09,2,景氣對策信號,SR0030,(燈號),4
2025-09,12,景氣對策信號,SR0005,(分),34
2025-10,2,景氣對策信號,SR0030,(燈號),4
2025-10,12,景氣對策信號,SR0005,(分),35
2025-11,2,景氣對策信號,SR0030,(燈號),4
2025-11,12,景氣對策信號,SR0005,(分),37
2025-12,2,景氣對策信號,SR0030,(燈號),5
2025-12,12,景氣對策信號,SR0005,(分),38
2026-01,2,景氣對策信號,SR0030,(燈號),5
2026-01,12,景氣對策信號,SR0005,(分),39
2026-02,2,景氣對策信號,SR0030,(燈號),5
2026-02,12,景氣對策信號,SR0005,(分),41
2026-03,2,景氣對策信號,SR0030,(燈號),5
2026-03,12,景氣對策信號,SR0005,(分),39
2026-04,2,景氣對策信號,SR0030,(燈號),5
2026-04,12,景氣對策信號,SR0005,(分),40
2026-05,2,景氣對策信號,SR0030,(燈號),5
2026-05,12,景氣對策信號,SR0005,(分),39
2026-06,2,景氣對策信號,SR0030,(燈號),5
2026-06,12,景氣對策信號,SR0005,(分),41
2026-07,2,景氣對策信號,SR0030,(燈號),5
2026-07,12,景氣對策信號,SR0005,(分),41
1982-01,26,落後指標不含趨勢指數,SR0044,(點),106.9334253
1982-02,26,落後指標不含趨勢指數,SR0044,(點),107.9246953
1982-03,26,落後指標不含趨勢指數,SR0044,(點),107.8827252
1982-04,26,落後指標不含趨勢指數,SR0044,(點),107.1222078
1982-05,26,落後指標不含趨勢指數,SR0044,(點),105.9831657
1982-06,26,落後指標不含趨勢指數,SR0044,(點),104.7027237
1982-07,26,落後指標不含趨勢指數,SR0044,(點),103.212803
1982-08,26,落後指標不含趨勢指數,SR0044,(點),101.4067946
1982-09,26,落後指標不含趨勢指數,SR0044,(點),99.24762538
1982-10,26,落後指標不含趨勢指數,SR0044,(點),96.89247376
1982-11,26,落後指標不含趨勢指數,SR0044,(點),94.43316672
1982-12,26,落後指標不含趨勢指數,SR0044,(點),92.10101837
1983-01,26,落後指標不含趨勢指數,SR0044,(點),90.25814107
1983-02,26,落後指標不含趨勢指數,SR0044,(點),89.16427799
1983-03,26,落後指標不含趨勢指數,SR0044,(點),89.00590142
1983-04,26,落後指標不含趨勢指數,SR0044,(點),89.49648883
1983-05,26,落後指標不含趨勢指數,SR0044,(點),90.4302608
1983-06,26,落後指標不含趨勢指數,SR0044,(點),91.55934654
1983-07,26,落後指標不含趨勢指數,SR0044,(點),92.75787909
1983-08,26,落後指標不含趨勢指數,SR0044,(點),93.88689521
1983-09,26,落後指標不含趨勢指數,SR0044,(點),94.87998363
1983-10,26,落後指標不含趨勢指數,SR0044,(點),95.72502046
1983-11,26,落後指標不含趨勢指數,SR0044,(點),96.42859156
1983-12,26,落後指標不含趨勢指數,SR0044,(點),97.09863938
1984-01,26,落後指標不含趨勢指數,SR0044,(點),97.97120145
1984-02,26,落後指標不含趨勢指數,SR0044,(點),99.494927
1984-03,26,落後指標不含趨勢指數,SR0044,(點),101.3065004
1984-04,26,落後指標不含趨勢指數,SR0044,(點),102.9600572
1984-05,26,落後指標不含趨勢指數,SR0044,(點),104.2734148
1984-06,26,落後指標不含趨勢指數,SR0044,(點),105.2684492
1984-07,26,落後指標不含趨勢指數,SR0044,(點),106.0320246
1984-08,26,落後指標不含趨勢指數,SR0044,(點),106.62836
1984-09,26,落後指標不含趨勢指數,SR0044,(點),107.0753336
1984-10,26,落後指標不含趨勢指數,SR0044,(點),107.2872625
1984-11,26,落後指標不含趨勢指數,SR0044,(點),107.1411327
1984-12,26,落後指標不含趨勢指數,SR0044,(點),106.6250784
1985-01,26,落後指標不含趨勢指數,SR0044,(點),105.9036389
1985-02,26,落後指標不含趨勢指數,SR0044,(點),105.2519387
1985-03,26,落後指標不含趨勢指數,SR0044,(點),104.9360229
1985-04,26,落後指標不含趨勢指數,SR0044,(點),104.6001707
1985-05,26,落後指標不含趨勢指數,SR0044,(點),104.113161
1985-06,26,落後指標不含趨勢指數,SR0044,(點),103.3337227
1985-07,26,落後指標不含趨勢指數,SR0044,(點),102.1415964
1985-08,26,落後指標不含趨勢指數,SR0044,(點),100.821824
1985-09,26,落後指標不含趨勢指數,SR0044,(點),99.54886209
1985-10,26,落後指標不含趨勢指數,SR0044,(點),98.30895782
1985-11,26,落後指標不含趨勢指數,SR0044,(點),97.12245494
1985-12,26,落後指標不含趨勢指數,SR0044,(點),96.09745069
1986-01,26,落後指標不含趨勢指數,SR0044,(點),95.33115583
1986-02,26,落後指標不含趨勢指數,SR0044,(點),94.83472471
1986-03,26,落後指標不含趨勢指數,SR0044,(點),94.63262075
1986-04,26,落後指標不含趨勢指數,SR0044,(點),94.84329181
1986-05,26,落後指標不含趨勢指數,SR0044,(點),95.06975197
1986-06,26,落後指標不含趨勢指數,SR0044,(點),95.12598249
1986-07,26,落後指標不含趨勢指數,SR0044,(點),95.0515667
1986-08,26,落後指標不含趨勢指數,SR0044,(點),94.95543116
1986-09,26,落後指標不含趨勢指數,SR0044,(點),94.93609652
1986-10,26,落後指標不含趨勢指數,SR0044,(點),95.0716025
1986-11,26,落後指標不含趨勢指數,SR0044,(點),95.39143038
1986-12,26,落後指標不含趨勢指數,SR0044,(點),95.78889386
1987-01,26,落後指標不含趨勢指數,SR0044,(點),96.25865379
1987-02,26,落後指標不含趨勢指數,SR0044,(點),96.90459833
1987-03,26,落後指標不含趨勢指數,SR0044,(點),97.66715119
1987-04,26,落後指標不含趨勢指數,SR0044,(點),98.45022017
1987-05,26,落後指標不含趨勢指數,SR0044,(點),99.24003261
1987-06,26,落後指標不含趨勢指數,SR0044,(點),99.93470223
1987-07,26,落後指標不含趨勢指數,SR0044,(點),100.4174298
1987-08,26,落後指標不含趨勢指數,SR0044,(點),100.5832681
1987-09,26,落後指標不含趨勢指數,SR0044,(點),100.4172538
1987-10,26,落後指標不含趨勢指數,SR0044,(點),100.0643865
1987-11,26,落後指標不含趨勢指數,SR0044,(點),99.646726
1987-12,26,落後指標不含趨勢指數,SR0044,(點),99.27412711
1988-01,26,落後指標不含趨勢指數,SR0044,(點),99.12253917
1988-02,26,落後指標不含趨勢指數,SR0044,(點),98.37370465
1988-03,26,落後指標不含趨勢指數,SR0044,(點),97.75417398
1988-04,26,落後指標不含趨勢指數,SR0044,(點),97.25733153
1988-05,26,落後指標不含趨勢指數,SR0044,(點),96.9871166
1988-06,26,落後指標不含趨勢指數,SR0044,(點),96.95584836
1988-07,26,落後指標不含趨勢指數,SR0044,(點),97.18418008
1988-08,26,落後指標不含趨勢指數,SR0044,(點),97.63267325
1988-09,26,落後指標不含趨勢指數,SR0044,(點),98.23419516
1988-10,26,落後指標不含趨勢指數,SR0044,(點),98.95699597
1988-11,26,落後指標不含趨勢指數,SR0044,(點),99.66598057
1988-12,26,落後指標不含趨勢指數,SR0044,(點),100.2549816
1989-01,26,落後指標不含趨勢指數,SR0044,(點),100.7360151
1989-02,26,落後指標不含趨勢指數,SR0044,(點),101.0197476
1989-03,26,落後指標不含趨勢指數,SR0044,(點),101.1604299
1989-04,26,落後指標不含趨勢指數,SR0044,(點),101.3809537
1989-05,26,落後指標不含趨勢指數,SR0044,(點),101.8125798
1989-06,26,落後指標不含趨勢指數,SR0044,(點),102.4873872
1989-07,26,落後指標不含趨勢指數,SR0044,(點),103.262114
1989-08,26,落後指標不含趨勢指數,SR0044,(點),103.9623895
1989-09,26,落後指標不含趨勢指數,SR0044,(點),104.5944174
1989-10,26,落後指標不含趨勢指數,SR0044,(點),105.085161
1989-11,26,落後指標不含趨勢指數,SR0044,(點),105.3382761
1989-12,26,落後指標不含趨勢指數,SR0044,(點),105.2917488
1990-01,26,落後指標不含趨勢指數,SR0044,(點),104.79851
1990-02,26,落後指標不含趨勢指數,SR0044,(點),103.8360436
1990-03,26,落後指標不含趨勢指數,SR0044,(點),102.5527805
1990-04,26,落後指標不含趨勢指數,SR0044,(點),101.1606954
1990-05,26,落後指標不含趨勢指數,SR0044,(點),99.6142775
1990-06,26,落後指標不含趨勢指數,SR0044,(點),98.00853166
1990-07,26,落後指標不含趨勢指數,SR0044,(點),96.47515549
1990-08,26,落後指標不含趨勢指數,SR0044,(點),95.08210966
1990-09,26,落後指標不含趨勢指數,SR0044,(點),94.01139094
1990-10,26,落後指標不含趨勢指數,SR0044,(點),93.33657291
1990-11,26,落後指標不含趨勢指數,SR0044,(點),93.22375087
1990-12,26,落後指標不含趨勢指數,SR0044,(點),93.82320379
1991-01,26,落後指標不含趨勢指數,SR0044,(點),94.89013977
1991-02,26,落後指標不含趨勢指數,SR0044,(點),95.89939301
1991-03,26,落後指標不含趨勢指數,SR0044,(點),96.15671955
1991-04,26,落後指標不含趨勢指數,SR0044,(點),95.86640676
1991-05,26,落後指標不含趨勢指數,SR0044,(點),95.32825883
1991-06,26,落後指標不含趨勢指數,SR0044,(點),94.78066238
1991-07,26,落後指標不含趨勢指數,SR0044,(點),94.2002044
1991-08,26,落後指標不含趨勢指數,SR0044,(點),93.78070222
1991-09,26,落後指標不含趨勢指數,SR0044,(點),93.74661415
1991-10,26,落後指標不含趨勢指數,SR0044,(點),94.15935586
1991-11,26,落後指標不含趨勢指數,SR0044,(點),95.01391966
1991-12,26,落後指標不含趨勢指數,SR0044,(點),96.2316273
1992-01,26,落後指標不含趨勢指數,SR0044,(點),97.48653884
1992-02,26,落後指標不含趨勢指數,SR0044,(點),98.3526535
1992-03,26,落後指標不含趨勢指數,SR0044,(點),99.03887897
1992-04,26,落後指標不含趨勢指數,SR0044,(點),99.62198426
1992-05,26,落後指標不含趨勢指數,SR0044,(點),100.1438994
1992-06,26,落後指標不含趨勢指數,SR0044,(點),100.5616176
1992-07,26,落後指標不含趨勢指數,SR0044,(點),100.8443046
1992-08,26,落後指標不含趨勢指數,SR0044,(點),101.0691889
1992-09,26,落後指標不含趨勢指數,SR0044,(點),101.291262
1992-10,26,落後指標不含趨勢指數,SR0044,(點),101.565291
1992-11,26,落後指標不含趨勢指數,SR0044,(點),101.9343467
1992-12,26,落後指標不含趨勢指數,SR0044,(點),102.2618232
1993-01,26,落後指標不含趨勢指數,SR0044,(點),102.3928609
1993-02,26,落後指標不含趨勢指數,SR0044,(點),102.1893927
1993-03,26,落後指標不含趨勢指數,SR0044,(點),101.6542958
1993-04,26,落後指標不含趨勢指數,SR0044,(點),101.0484391
1993-05,26,落後指標不含趨勢指數,SR0044,(點),100.5360323
1993-06,26,落後指標不含趨勢指數,SR0044,(點),100.1003488
1993-07,26,落後指標不含趨勢指數,SR0044,(點),99.73237411
1993-08,26,落後指標不含趨勢指數,SR0044,(點),99.63315211
1993-09,26,落後指標不含趨勢指數,SR0044,(點),99.8501542
1993-10,26,落後指標不含趨勢指數,SR0044,(點),100.2797637
1993-11,26,落後指標不含趨勢指數,SR0044,(點),100.8333804
1993-12,26,落後指標不含趨勢指數,SR0044,(點),101.3631634
1994-01,26,落後指標不含趨勢指數,SR0044,(點),101.7428334
1994-02,26,落後指標不含趨勢指數,SR0044,(點),101.8574173
1994-03,26,落後指標不含趨勢指數,SR0044,(點),101.5304167
1994-04,26,落後指標不含趨勢指數,SR0044,(點),101.0099198
1994-05,26,落後指標不含趨勢指數,SR0044,(點),100.4995953
1994-06,26,落後指標不含趨勢指數,SR0044,(點),100.0559011
1994-07,26,落後指標不含趨勢指數,SR0044,(點),99.68749987
1994-08,26,落後指標不含趨勢指數,SR0044,(點),100.0739977
1994-09,26,落後指標不含趨勢指數,SR0044,(點),100.44788
1994-10,26,落後指標不含趨勢指數,SR0044,(點),100.7657204
1994-11,26,落後指標不含趨勢指數,SR0044,(點),101.0097057
1994-12,26,落後指標不含趨勢指數,SR0044,(點),101.1681138
1995-01,26,落後指標不含趨勢指數,SR0044,(點),101.1949639
1995-02,26,落後指標不含趨勢指數,SR0044,(點),101.2160652
1995-03,26,落後指標不含趨勢指數,SR0044,(點),101.3296762
1995-04,26,落後指標不含趨勢指數,SR0044,(點),101.5452041
1995-05,26,落後指標不含趨勢指數,SR0044,(點),101.8606658
1995-06,26,落後指標不含趨勢指數,SR0044,(點),102.2450118
1995-07,26,落後指標不含趨勢指數,SR0044,(點),102.6204527
1995-08,26,落後指標不含趨勢指數,SR0044,(點),102.8581335
1995-09,26,落後指標不含趨勢指數,SR0044,(點),102.9157432
1995-10,26,落後指標不含趨勢指數,SR0044,(點),102.9125562
1995-11,26,落後指標不含趨勢指數,SR0044,(點),102.8985118
1995-12,26,落後指標不含趨勢指數,SR0044,(點),102.8621743
1996-01,26,落後指標不含趨勢指數,SR0044,(點),102.7738152
1996-02,26,落後指標不含趨勢指數,SR0044,(點),102.5020615
1996-03,26,落後指標不含趨勢指數,SR0044,(點),101.9029196
1996-04,26,落後指標不含趨勢指數,SR0044,(點),100.91743
1996-05,26,落後指標不含趨勢指數,SR0044,(點),99.61604952
1996-06,26,落後指標不含趨勢指數,SR0044,(點),98.12422142
1996-07,26,落後指標不含趨勢指數,SR0044,(點),96.57975479
1996-08,26,落後指標不含趨勢指數,SR0044,(點),95.07300186
1996-09,26,落後指標不含趨勢指數,SR0044,(點),93.72478033
1996-10,26,落後指標不含趨勢指數,SR0044,(點),92.65147396
1996-11,26,落後指標不含趨勢指數,SR0044,(點),92.02531457
1996-12,26,落後指標不含趨勢指數,SR0044,(點),91.91319179
1997-01,26,落後指標不含趨勢指數,SR0044,(點),92.24701288
1997-02,26,落後指標不含趨勢指數,SR0044,(點),92.75409631
1997-03,26,落後指標不含趨勢指數,SR0044,(點),93.03325808
1997-04,26,落後指標不含趨勢指數,SR0044,(點),93.33639694
1997-05,26,落後指標不含趨勢指數,SR0044,(點),93.83739569
1997-06,26,落後指標不含趨勢指數,SR0044,(點),94.63044733
1997-07,26,落後指標不含趨勢指數,SR0044,(點),95.70297256
1997-08,26,落後指標不含趨勢指數,SR0044,(點),97.11663423
1997-09,26,落後指標不含趨勢指數,SR0044,(點),98.85823218
1997-10,26,落後指標不含趨勢指數,SR0044,(點),100.8393354
1997-11,26,落後指標不含趨勢指數,SR0044,(點),102.8862816
1997-12,26,落後指標不含趨勢指數,SR0044,(點),104.8066276
1998-01,26,落後指標不含趨勢指數,SR0044,(點),106.3310848
1998-02,26,落後指標不含趨勢指數,SR0044,(點),107.139399
1998-03,26,落後指標不含趨勢指數,SR0044,(點),107.5407894
1998-04,26,落後指標不含趨勢指數,SR0044,(點),107.5219663
1998-05,26,落後指標不含趨勢指數,SR0044,(點),107.1397765
1998-06,26,落後指標不含趨勢指數,SR0044,(點),106.4444759
1998-07,26,落後指標不含趨勢指數,SR0044,(點),105.5507692
1998-08,26,落後指標不含趨勢指數,SR0044,(點),104.5225116
1998-09,26,落後指標不含趨勢指數,SR0044,(點),103.4709614
1998-10,26,落後指標不含趨勢指數,SR0044,(點),102.4827267
1998-11,26,落後指標不含趨勢指數,SR0044,(點),101.545256
1998-12,26,落後指標不含趨勢指數,SR0044,(點),100.6382049
1999-01,26,落後指標不含趨勢指數,SR0044,(點),99.69891961
1999-02,26,落後指標不含趨勢指數,SR0044,(點),98.57023374
1999-03,26,落後指標不含趨勢指數,SR0044,(點),97.36870576
1999-04,26,落後指標不含趨勢指數,SR0044,(點),96.34056723
1999-05,26,落後指標不含趨勢指數,SR0044,(點),95.70669426
1999-06,26,落後指標不含趨勢指數,SR0044,(點),95.50554172
1999-07,26,落後指標不含趨勢指數,SR0044,(點),95.64835575
1999-08,26,落後指標不含趨勢指數,SR0044,(點),96.09760404
1999-09,26,落後指標不含趨勢指數,SR0044,(點),96.81992528
1999-10,26,落後指標不含趨勢指數,SR0044,(點),97.75092137
1999-11,26,落後指標不含趨勢指數,SR0044,(點),99.0224919
1999-12,26,落後指標不含趨勢指數,SR0044,(點),100.5136043
2000-01,26,落後指標不含趨勢指數,SR0044,(點),101.8968634
2000-02,26,落後指標不含趨勢指數,SR0044,(點),102.9973156
2000-03,26,落後指標不含趨勢指數,SR0044,(點),103.6803391
2000-04,26,落後指標不含趨勢指數,SR0044,(點),104.148159
2000-05,26,落後指標不含趨勢指數,SR0044,(點),104.5708649
2000-06,26,落後指標不含趨勢指數,SR0044,(點),105.0769254
2000-07,26,落後指標不含趨勢指數,SR0044,(點),105.8052669
2000-08,26,落後指標不含趨勢指數,SR0044,(點),106.7378236
2000-09,26,落後指標不含趨勢指數,SR0044,(點),107.8224108
2000-10,26,落後指標不含趨勢指數,SR0044,(點),109.0851363
2000-11,26,落後指標不含趨勢指數,SR0044,(點),110.3400637
2000-12,26,落後指標不含趨勢指數,SR0044,(點),111.3478625
2001-01,26,落後指標不含趨勢指數,SR0044,(點),111.8835626
2001-02,26,落後指標不含趨勢指數,SR0044,(點),111.8184637
2001-03,26,落後指標不含趨勢指數,SR0044,(點),111.2747644
2001-04,26,落後指標不含趨勢指數,SR0044,(點),110.3305433
2001-05,26,落後指標不含趨勢指數,SR0044,(點),109.0321433
2001-06,26,落後指標不含趨勢指數,SR0044,(點),107.4125585
2001-07,26,落後指標不含趨勢指數,SR0044,(點),105.504156
2001-08,26,落後指標不含趨勢指數,SR0044,(點),103.4480496
2001-09,26,落後指標不含趨勢指數,SR0044,(點),101.38806
2001-10,26,落後指標不含趨勢指數,SR0044,(點),99.5095542
2001-11,26,落後指標不含趨勢指數,SR0044,(點),97.93423993
2001-12,26,落後指標不含趨勢指數,SR0044,(點),96.71574762
2002-01,26,落後指標不含趨勢指數,SR0044,(點),95.83701747
2002-02,26,落後指標不含趨勢指數,SR0044,(點),95.12942884
2002-03,26,落後指標不含趨勢指數,SR0044,(點),94.58703154
2002-04,26,落後指標不含趨勢指數,SR0044,(點),94.25504418
2002-05,26,落後指標不含趨勢指數,SR0044,(點),94.12914967
2002-06,26,落後指標不含趨勢指數,SR0044,(點),94.06188783
2002-07,26,落後指標不含趨勢指數,SR0044,(點),94.01875255
2002-08,26,落後指標不含趨勢指數,SR0044,(點),93.99126332
2002-09,26,落後指標不含趨勢指數,SR0044,(點),93.97134574
2002-10,26,落後指標不含趨勢指數,SR0044,(點),93.98067703
2002-11,26,落後指標不含趨勢指數,SR0044,(點),94.01283659
2002-12,26,落後指標不含趨勢指數,SR0044,(點),94.09613349
2003-01,26,落後指標不含趨勢指數,SR0044,(點),94.22557365
2003-02,26,落後指標不含趨勢指數,SR0044,(點),94.45908772
2003-03,26,落後指標不含趨勢指數,SR0044,(點),94.66383499
2003-04,26,落後指標不含趨勢指數,SR0044,(點),94.69757646
2003-05,26,落後指標不含趨勢指數,SR0044,(點),94.54668675
2003-06,26,落後指標不含趨勢指數,SR0044,(點),94.14885201
2003-07,26,落後指標不含趨勢指數,SR0044,(點),93.61199996
2003-08,26,落後指標不含趨勢指數,SR0044,(點),93.0312751
2003-09,26,落後指標不含趨勢指數,SR0044,(點),92.46611253
2003-10,26,落後指標不含趨勢指數,SR0044,(點),92.05040319
2003-11,26,落後指標不含趨勢指數,SR0044,(點),91.90011993
2003-12,26,落後指標不含趨勢指數,SR0044,(點),92.1014503
2004-01,26,落後指標不含趨勢指數,SR0044,(點),92.63992289
2004-02,26,落後指標不含趨勢指數,SR0044,(點),93.55173182
2004-03,26,落後指標不含趨勢指數,SR0044,(點),94.72636606
2004-04,26,落後指標不含趨勢指數,SR0044,(點),95.92069318
2004-05,26,落後指標不含趨勢指數,SR0044,(點),96.99691783
2004-06,26,落後指標不含趨勢指數,SR0044,(點),97.96235468
2004-07,26,落後指標不含趨勢指數,SR0044,(點),98.83934804
2004-08,26,落後指標不含趨勢指數,SR0044,(點),99.69666815
2004-09,26,落後指標不含趨勢指數,SR0044,(點),100.5977956
2004-10,26,落後指標不含趨勢指數,SR0044,(點),101.5683901
2004-11,26,落後指標不含趨勢指數,SR0044,(點),102.5815266
2004-12,26,落後指標不含趨勢指數,SR0044,(點),103.4522154
2005-01,26,落後指標不含趨勢指數,SR0044,(點),103.965182
2005-02,26,落後指標不含趨勢指數,SR0044,(點),103.9246613
2005-03,26,落後指標不含趨勢指數,SR0044,(點),103.5346188
2005-04,26,落後指標不含趨勢指數,SR0044,(點),102.9669833
2005-05,26,落後指標不含趨勢指數,SR0044,(點),102.3419942
2005-06,26,落後指標不含趨勢指數,SR0044,(點),101.7295341
2005-07,26,落後指標不含趨勢指數,SR0044,(點),101.2148972
2005-08,26,落後指標不含趨勢指數,SR0044,(點),100.8613245
2005-09,26,落後指標不含趨勢指數,SR0044,(點),100.7115682
2005-10,26,落後指標不含趨勢指數,SR0044,(點),100.7446575
2005-11,26,落後指標不含趨勢指數,SR0044,(點),100.9462636
2005-12,26,落後指標不含趨勢指數,SR0044,(點),101.293124
2006-01,26,落後指標不含趨勢指數,SR0044,(點),101.6772904
2006-02,26,落後指標不含趨勢指數,SR0044,(點),102.0413327
2006-03,26,落後指標不含趨勢指數,SR0044,(點),102.3545464
2006-04,26,落後指標不含趨勢指數,SR0044,(點),102.5865568
2006-05,26,落後指標不含趨勢指數,SR0044,(點),102.6801855
2006-06,26,落後指標不含趨勢指數,SR0044,(點),102.6067155
2006-07,26,落後指標不含趨勢指數,SR0044,(點),102.477463
2006-08,26,落後指標不含趨勢指數,SR0044,(點),102.3856174
2006-09,26,落後指標不含趨勢指數,SR0044,(點),102.4302147
2006-10,26,落後指標不含趨勢指數,SR0044,(點),102.6323131
2006-11,26,落後指標不含趨勢指數,SR0044,(點),102.9412411
2006-12,26,落後指標不含趨勢指數,SR0044,(點),103.3237586
2007-01,26,落後指標不含趨勢指數,SR0044,(點),103.7226025
2007-02,26,落後指標不含趨勢指數,SR0044,(點),104.0276458
2007-03,26,落後指標不含趨勢指數,SR0044,(點),104.0873751
2007-04,26,落後指標不含趨勢指數,SR0044,(點),104.0292987
2007-05,26,落後指標不含趨勢指數,SR0044,(點),103.9353142
2007-06,26,落後指標不含趨勢指數,SR0044,(點),103.8581637
2007-07,26,落後指標不含趨勢指數,SR0044,(點),103.7230168
2007-08,26,落後指標不含趨勢指數,SR0044,(點),103.6080562
2007-09,26,落後指標不含趨勢指數,SR0044,(點),103.4933263
2007-10,26,落後指標不含趨勢指數,SR0044,(點),103.4928346
2007-11,26,落後指標不含趨勢指數,SR0044,(點),103.7718307
2007-12,26,落後指標不含趨勢指數,SR0044,(點),104.3457029
2008-01,26,落後指標不含趨勢指數,SR0044,(點),105.1930932
2008-02,26,落後指標不含趨勢指數,SR0044,(點),106.2423028
2008-03,26,落後指標不含趨勢指數,SR0044,(點),107.4020949
2008-04,26,落後指標不含趨勢指數,SR0044,(點),108.7374252
2008-05,26,落後指標不含趨勢指數,SR0044,(點),110.2052206
2008-06,26,落後指標不含趨勢指數,SR0044,(點),111.6586171
2008-07,26,落後指標不含趨勢指數,SR0044,(點),112.9363654
2008-08,26,落後指標不含趨勢指數,SR0044,(點),113.8070653
2008-09,26,落後指標不含趨勢指數,SR0044,(點),114.0155984
2008-10,26,落後指標不含趨勢指數,SR0044,(點),113.3021679
2008-11,26,落後指標不含趨勢指數,SR0044,(點),111.4618223
2008-12,26,落後指標不含趨勢指數,SR0044,(點),108.3479308
2009-01,26,落後指標不含趨勢指數,SR0044,(點),104.2377451
2009-02,26,落後指標不含趨勢指數,SR0044,(點),99.75821279
2009-03,26,落後指標不含趨勢指數,SR0044,(點),95.39763179
2009-04,26,落後指標不含趨勢指數,SR0044,(點),91.48279374
2009-05,26,落後指標不含趨勢指數,SR0044,(點),88.20825649
2009-06,26,落後指標不含趨勢指數,SR0044,(點),85.67700081
2009-07,26,落後指標不含趨勢指數,SR0044,(點),84.0468586
2009-08,26,落後指標不含趨勢指數,SR0044,(點),83.33068359
2009-09,26,落後指標不含趨勢指數,SR0044,(點),83.39409836
2009-10,26,落後指標不含趨勢指數,SR0044,(點),84.00799189
2009-11,26,落後指標不含趨勢指數,SR0044,(點),84.96536638
2009-12,26,落後指標不含趨勢指數,SR0044,(點),86.13045558
2010-01,26,落後指標不含趨勢指數,SR0044,(點),87.40114178
2010-02,26,落後指標不含趨勢指數,SR0044,(點),88.6852275
2010-03,26,落後指標不含趨勢指數,SR0044,(點),89.95607059
2010-04,26,落後指標不含趨勢指數,SR0044,(點),91.24013713
2010-05,26,落後指標不含趨勢指數,SR0044,(點),92.54667884
2010-06,26,落後指標不含趨勢指數,SR0044,(點),93.76927821
2010-07,26,落後指標不含趨勢指數,SR0044,(點),94.85507488
2010-08,26,落後指標不含趨勢指數,SR0044,(點),95.80307467
2010-09,26,落後指標不含趨勢指數,SR0044,(點),96.6433611
2010-10,26,落後指標不含趨勢指數,SR0044,(點),97.43076236
2010-11,26,落後指標不含趨勢指數,SR0044,(點),98.29068251
2010-12,26,落後指標不含趨勢指數,SR0044,(點),99.29808645
2011-01,26,落後指標不含趨勢指數,SR0044,(點),100.4480215
2011-02,26,落後指標不含趨勢指數,SR0044,(點),101.5986927
2011-03,26,落後指標不含趨勢指數,SR0044,(點),102.547286
2011-04,26,落後指標不含趨勢指數,SR0044,(點),103.3177186
2011-05,26,落後指標不含趨勢指數,SR0044,(點),103.9331511
2011-06,26,落後指標不含趨勢指數,SR0044,(點),104.4109196
2011-07,26,落後指標不含趨勢指數,SR0044,(點),104.8023233
2011-08,26,落後指標不含趨勢指數,SR0044,(點),105.1193893
2011-09,26,落後指標不含趨勢指數,SR0044,(點),105.2566909
2011-10,26,落後指標不含趨勢指數,SR0044,(點),105.223496
2011-11,26,落後指標不含趨勢指數,SR0044,(點),105.0562054
2011-12,26,落後指標不含趨勢指數,SR0044,(點),104.7621444
2012-01,26,落後指標不含趨勢指數,SR0044,(點),104.3219849
2012-02,26,落後指標不含趨勢指數,SR0044,(點),103.7933852
2012-03,26,落後指標不含趨勢指數,SR0044,(點),103.3050084
2012-04,26,落後指標不含趨勢指數,SR0044,(點),102.8678501
2012-05,26,落後指標不含趨勢指數,SR0044,(點),102.448502
2012-06,26,落後指標不含趨勢指數,SR0044,(點),102.0310084
2012-07,26,落後指標不含趨勢指數,SR0044,(點),101.6508467
2012-08,26,落後指標不含趨勢指數,SR0044,(點),101.4691234
2012-09,26,落後指標不含趨勢指數,SR0044,(點),101.4192536
2012-10,26,落後指標不含趨勢指數,SR0044,(點),101.4522692
2012-11,26,落後指標不含趨勢指數,SR0044,(點),101.5589781
2012-12,26,落後指標不含趨勢指數,SR0044,(點),101.7190615
2013-01,26,落後指標不含趨勢指數,SR0044,(點),101.8256886
2013-02,26,落後指標不含趨勢指數,SR0044,(點),101.8760344
2013-03,26,落後指標不含趨勢指數,SR0044,(點),101.7395459
2013-04,26,落後指標不含趨勢指數,SR0044,(點),101.459213
2013-05,26,落後指標不含趨勢指數,SR0044,(點),101.0458119
2013-06,26,落後指標不含趨勢指數,SR0044,(點),100.6044979
2013-07,26,落後指標不含趨勢指數,SR0044,(點),100.2643761
2013-08,26,落後指標不含趨勢指數,SR0044,(點),100.1270567
2013-09,26,落後指標不含趨勢指數,SR0044,(點),100.1035192
2013-10,26,落後指標不含趨勢指數,SR0044,(點),100.1095336
2013-11,26,落後指標不含趨勢指數,SR0044,(點),100.0734451
2013-12,26,落後指標不含趨勢指數,SR0044,(點),100.0137785
2014-01,26,落後指標不含趨勢指數,SR0044,(點),99.96747053
2014-02,26,落後指標不含趨勢指數,SR0044,(點),100.0002222
2014-03,26,落後指標不含趨勢指數,SR0044,(點),100.095486
2014-04,26,落後指標不含趨勢指數,SR0044,(點),100.2209389
2014-05,26,落後指標不含趨勢指數,SR0044,(點),100.3443847
2014-06,26,落後指標不含趨勢指數,SR0044,(點),100.4113485
2014-07,26,落後指標不含趨勢指數,SR0044,(點),100.4966316
2014-08,26,落後指標不含趨勢指數,SR0044,(點),100.5903305
2014-09,26,落後指標不含趨勢指數,SR0044,(點),100.7253747
2014-10,26,落後指標不含趨勢指數,SR0044,(點),101.0107723
2014-11,26,落後指標不含趨勢指數,SR0044,(點),101.405783
2014-12,26,落後指標不含趨勢指數,SR0044,(點),101.8748184
2015-01,26,落後指標不含趨勢指數,SR0044,(點),102.4147347
2015-02,26,落後指標不含趨勢指數,SR0044,(點),102.9441318
2015-03,26,落後指標不含趨勢指數,SR0044,(點),103.2720916
2015-04,26,落後指標不含趨勢指數,SR0044,(點),103.4683732
2015-05,26,落後指標不含趨勢指數,SR0044,(點),103.5224634
2015-06,26,落後指標不含趨勢指數,SR0044,(點),103.4708163
2015-07,26,落後指標不含趨勢指數,SR0044,(點),103.304801
2015-08,26,落後指標不含趨勢指數,SR0044,(點),102.9906744
2015-09,26,落後指標不含趨勢指數,SR0044,(點),102.5510036
2015-10,26,落後指標不含趨勢指數,SR0044,(點),102.0671053
2015-11,26,落後指標不含趨勢指數,SR0044,(點),101.5821641
2015-12,26,落後指標不含趨勢指數,SR0044,(點),101.0583454
2016-01,26,落後指標不含趨勢指數,SR0044,(點),100.4442546
2016-02,26,落後指標不含趨勢指數,SR0044,(點),99.67030642
2016-03,26,落後指標不含趨勢指數,SR0044,(點),98.82037839
2016-04,26,落後指標不含趨勢指數,SR0044,(點),97.94371401
2016-05,26,落後指標不含趨勢指數,SR0044,(點),97.12654433
2016-06,26,落後指標不含趨勢指數,SR0044,(點),96.39637048
2016-07,26,落後指標不含趨勢指數,SR0044,(點),95.80574286
2016-08,26,落後指標不含趨勢指數,SR0044,(點),95.47598197
2016-09,26,落後指標不含趨勢指數,SR0044,(點),95.37245663
2016-10,26,落後指標不含趨勢指數,SR0044,(點),95.51370529
2016-11,26,落後指標不含趨勢指數,SR0044,(點),95.90233515
2016-12,26,落後指標不含趨勢指數,SR0044,(點),96.50767628
2017-01,26,落後指標不含趨勢指數,SR0044,(點),97.26886603
2017-02,26,落後指標不含趨勢指數,SR0044,(點),98.12733391
2017-03,26,落後指標不含趨勢指數,SR0044,(點),98.92970322
2017-04,26,落後指標不含趨勢指數,SR0044,(點),99.52796315
2017-05,26,落後指標不含趨勢指數,SR0044,(點),99.77571434
2017-06,26,落後指標不含趨勢指數,SR0044,(點),99.65248743
2017-07,26,落後指標不含趨勢指數,SR0044,(點),99.49291071
2017-08,26,落後指標不含趨勢指數,SR0044,(點),99.37444304
2017-09,26,落後指標不含趨勢指數,SR0044,(點),99.37914437
2017-10,26,落後指標不含趨勢指數,SR0044,(點),99.56441706
2017-11,26,落後指標不含趨勢指數,SR0044,(點),99.85389384
2017-12,26,落後指標不含趨勢指數,SR0044,(點),100.2329956
2018-01,26,落後指標不含趨勢指數,SR0044,(點),100.7311424
2018-02,26,落後指標不含趨勢指數,SR0044,(點),101.1972315
2018-03,26,落後指標不含趨勢指數,SR0044,(點),101.5336804
2018-04,26,落後指標不含趨勢指數,SR0044,(點),101.8499503
2018-05,26,落後指標不含趨勢指數,SR0044,(點),102.1068276
2018-06,26,落後指標不含趨勢指數,SR0044,(點),102.2745191
2018-07,26,落後指標不含趨勢指數,SR0044,(點),102.3801493
2018-08,26,落後指標不含趨勢指數,SR0044,(點),102.3781088
2018-09,26,落後指標不含趨勢指數,SR0044,(點),102.3511364
2018-10,26,落後指標不含趨勢指數,SR0044,(點),102.4541125
2018-11,26,落後指標不含趨勢指數,SR0044,(點),102.757065
2018-12,26,落後指標不含趨勢指數,SR0044,(點),103.1639524
2019-01,26,落後指標不含趨勢指數,SR0044,(點),103.5732503
2019-02,26,落後指標不含趨勢指數,SR0044,(點),103.820735
2019-03,26,落後指標不含趨勢指數,SR0044,(點),103.8617536
2019-04,26,落後指標不含趨勢指數,SR0044,(點),103.7839099
2019-05,26,落後指標不含趨勢指數,SR0044,(點),103.6154104
2019-06,26,落後指標不含趨勢指數,SR0044,(點),103.3035011
2019-07,26,落後指標不含趨勢指數,SR0044,(點),102.9182721
2019-08,26,落後指標不含趨勢指數,SR0044,(點),102.4391906
2019-09,26,落後指標不含趨勢指數,SR0044,(點),101.9232396
2019-10,26,落後指標不含趨勢指數,SR0044,(點),101.3739627
2019-11,26,落後指標不含趨勢指數,SR0044,(點),100.8478169
2019-12,26,落後指標不含趨勢指數,SR0044,(點),100.3774764
2020-01,26,落後指標不含趨勢指數,SR0044,(點),99.95174849
2020-02,26,落後指標不含趨勢指數,SR0044,(點),99.53690169
2020-03,26,落後指標不含趨勢指數,SR0044,(點),99.05222952
2020-04,26,落後指標不含趨勢指數,SR0044,(點),98.5227539
2020-05,26,落後指標不含趨勢指數,SR0044,(點),98.00203899
2020-06,26,落後指標不含趨勢指數,SR0044,(點),97.48745398
2020-07,26,落後指標不含趨勢指數,SR0044,(點),96.94991971
2020-08,26,落後指標不含趨勢指數,SR0044,(點),96.40113796
2020-09,26,落後指標不含趨勢指數,SR0044,(點),95.91275396
2020-10,26,落後指標不含趨勢指數,SR0044,(點),95.54691781
2020-11,26,落後指標不含趨勢指數,SR0044,(點),95.31754744
2020-12,26,落後指標不含趨勢指數,SR0044,(點),95.22604191
2021-01,26,落後指標不含趨勢指數,SR0044,(點),95.25788645
2021-02,26,落後指標不含趨勢指數,SR0044,(點),95.34841482
2021-03,26,落後指標不含趨勢指數,SR0044,(點),95.4489428
2021-04,26,落後指標不含趨勢指數,SR0044,(點),95.53012333
2021-05,26,落後指標不含趨勢指數,SR0044,(點),95.61055214
2021-06,26,落後指標不含趨勢指數,SR0044,(點),95.90067182
2021-07,26,落後指標不含趨勢指數,SR0044,(點),96.55488929
2021-08,26,落後指標不含趨勢指數,SR0044,(點),97.41409017
2021-09,26,落後指標不含趨勢指數,SR0044,(點),98.19355023
2021-10,26,落後指標不含趨勢指數,SR0044,(點),98.75120298
2021-11,26,落後指標不含趨勢指數,SR0044,(點),99.07995156
2021-12,26,落後指標不含趨勢指數,SR0044,(點),99.28582631
2022-01,26,落後指標不含趨勢指數,SR0044,(點),99.47988539
2022-02,26,落後指標不含趨勢指數,SR0044,(點),99.86365052
2022-03,26,落後指標不含趨勢指數,SR0044,(點),100.4544412
2022-04,26,落後指標不含趨勢指數,SR0044,(點),101.0828852
2022-05,26,落後指標不含趨勢指數,SR0044,(點),101.6479878
2022-06,26,落後指標不含趨勢指數,SR0044,(點),102.0843159
2022-07,26,落後指標不含趨勢指數,SR0044,(點),102.4213904
2022-08,26,落後指標不含趨勢指數,SR0044,(點),102.6770873
2022-09,26,落後指標不含趨勢指數,SR0044,(點),102.8631053
2022-10,26,落後指標不含趨勢指數,SR0044,(點),103.0791121
2022-11,26,落後指標不含趨勢指數,SR0044,(點),103.3889615
2022-12,26,落後指標不含趨勢指數,SR0044,(點),103.7447117
2023-01,26,落後指標不含趨勢指數,SR0044,(點),104.0993421
2023-02,26,落後指標不含趨勢指數,SR0044,(點),104.4881963
2023-03,26,落後指標不含趨勢指數,SR0044,(點),104.7604795
2023-04,26,落後指標不含趨勢指數,SR0044,(點),104.8008993
2023-05,26,落後指標不含趨勢指數,SR0044,(點),104.5451909
2023-06,26,落後指標不含趨勢指數,SR0044,(點),103.9935704
2023-07,26,落後指標不含趨勢指數,SR0044,(點),103.2237186
2023-08,26,落後指標不含趨勢指數,SR0044,(點),102.4351768
2023-09,26,落後指標不含趨勢指數,SR0044,(點),101.7675863
2023-10,26,落後指標不含趨勢指數,SR0044,(點),101.3080942
2023-11,26,落後指標不含趨勢指數,SR0044,(點),101.1279876
2023-12,26,落後指標不含趨勢指數,SR0044,(點),101.1446553
2024-01,26,落後指標不含趨勢指數,SR0044,(點),101.260357
2024-02,26,落後指標不含趨勢指數,SR0044,(點),101.4843387
2024-03,26,落後指標不含趨勢指數,SR0044,(點),101.7604482
2024-04,26,落後指標不含趨勢指數,SR0044,(點),102.0160968
2024-05,26,落後指標不含趨勢指數,SR0044,(點),102.1751572
2024-06,26,落後指標不含趨勢指數,SR0044,(點),102.2077047
2024-07,26,落後指標不含趨勢指數,SR0044,(點),102.1026395
2024-08,26,落後指標不含趨勢指數,SR0044,(點),101.8740731
2024-09,26,落後指標不含趨勢指數,SR0044,(點),101.574405
2024-10,26,落後指標不含趨勢指數,SR0044,(點),101.2290986
2024-11,26,落後指標不含趨勢指數,SR0044,(點),100.8880139
2024-12,26,落後指標不含趨勢指數,SR0044,(點),100.4931856
2025-01,26,落後指標不含趨勢指數,SR0044,(點),99.9900059
2025-02,26,落後指標不含趨勢指數,SR0044,(點),99.38995529
2025-03,26,落後指標不含趨勢指數,SR0044,(點),98.69023994
2025-04,26,落後指標不含趨勢指數,SR0044,(點),98.01205308
2025-05,26,落後指標不含趨勢指數,SR0044,(點),97.54766254
2025-06,26,落後指標不含趨勢指數,SR0044,(點),97.33909096
2025-07,26,落後指標不含趨勢指數,SR0044,(點),97.34138081
2025-08,26,落後指標不含趨勢指數,SR0044,(點),97.35766441
2025-09,26,落後指標不含趨勢指數,SR0044,(點),97.34403063
2025-10,26,落後指標不含趨勢指數,SR0044,(點),97.30985533
2025-11,26,落後指標不含趨勢指數,SR0044,(點),97.26188219
2025-12,26,落後指標不含趨勢指數,SR0044,(點),97.30465201
2026-01,26,落後指標不含趨勢指數,SR0044,(點),97.56339329
2026-02,26,落後指標不含趨勢指數,SR0044,(點),98.14736841
2026-03,26,落後指標不含趨勢指數,SR0044,(點),99.14853597
2026-04,26,落後指標不含趨勢指數,SR0044,(點),100.4938485
2026-05,26,落後指標不含趨勢指數,SR0044,(點),101.960426
2026-06,26,落後指標不含趨勢指數,SR0044,(點),103.376949
2026-07,26,落後指標不含趨勢指數,SR0044,(點),104.7914087
1982-01,25,落後指標綜合指數,SR0043,(點),13.13630837
1982-02,25,落後指標綜合指數,SR0043,(點),13.37189735
1982-03,25,落後指標綜合指數,SR0043,(點),13.48148895
1982-04,25,落後指標綜合指數,SR0043,(點),13.50153001
1982-05,25,落後指標綜合指數,SR0043,(點),13.47300661
1982-06,25,落後指標綜合指數,SR0043,(點),13.4251567
1982-07,25,落後指標綜合指數,SR0043,(點),13.34875951
1982-08,25,落後指標綜合指數,SR0043,(點),13.22922909
1982-09,25,落後指標綜合指數,SR0043,(點),13.06059872
1982-10,25,落後指標綜合指數,SR0043,(點),12.86245759
1982-11,25,落後指標綜合指數,SR0043,(點),12.64631288
1982-12,25,落後指標綜合指數,SR0043,(點),12.44290074
1983-01,25,落後指標綜合指數,SR0043,(點),12.30185196
1983-02,25,落後指標綜合指數,SR0043,(點),12.26045391
1983-03,25,落後指標綜合指數,SR0043,(點),12.34710482
1983-04,25,落後指標綜合指數,SR0043,(點),12.52494312
1983-05,25,落後指標綜合指數,SR0043,(點),12.76711154
1983-06,25,落後指標綜合指數,SR0043,(點),13.03973596
1983-07,25,落後指標綜合指數,SR0043,(點),13.32522637
1983-08,25,落後指標綜合指數,SR0043,(點),13.60345594
1983-09,25,落後指標綜合指數,SR0043,(點),13.86420402
1983-10,25,落後指標綜合指數,SR0043,(點),14.10492493
1983-11,25,落後指標綜合指數,SR0043,(點),14.32580806
1983-12,25,落後指標綜合指數,SR0043,(點),14.54228067
1984-01,25,落後指標綜合指數,SR0043,(點),14.78965921
1984-02,25,落後指標綜合指數,SR0043,(點),15.13675811
1984-03,25,落後指標綜合指數,SR0043,(點),15.53003579
1984-04,25,落後指標綜合指數,SR0043,(點),15.90153658
1984-05,25,落後指標綜合指數,SR0043,(點),16.22235594
1984-06,25,落後指標綜合指數,SR0043,(點),16.49484543
1984-07,25,落後指標綜合指數,SR0043,(點),16.73182202
1984-08,25,落後指標綜合指數,SR0043,(點),16.94299147
1984-09,25,落後指標綜合指數,SR0043,(點),17.13101496
1984-10,25,落後指標綜合指數,SR0043,(點),17.28202015
1984-11,25,落後指標綜合指數,SR0043,(點),17.37575585
1984-12,25,落後指標綜合指數,SR0043,(點),17.4096019
1985-01,25,落後指標綜合指數,SR0043,(點),17.40987561
1985-02,25,落後指標綜合指數,SR0043,(點),17.42190263
1985-03,25,落後指標綜合指數,SR0043,(點),17.49071513
1985-04,25,落後指標綜合指數,SR0043,(點),17.55820289
1985-05,25,落後指標綜合指數,SR0043,(點),17.60249807
1985-06,25,落後指標綜合指數,SR0043,(點),17.59930225
1985-07,25,落後指標綜合指數,SR0043,(點),17.52708884
1985-08,25,落後指標綜合指數,SR0043,(點),17.43362005
1985-09,25,落後指標綜合指數,SR0043,(點),17.34873373
1985-10,25,落後指標綜合指數,SR0043,(點),17.27004182
1985-11,25,落後指標綜合指數,SR0043,(點),17.20102378
1985-12,25,落後指標綜合指數,SR0043,(點),17.16086508
1986-01,25,落後指標綜合指數,SR0043,(點),17.16737687
1986-02,25,落後指標綜合指數,SR0043,(點),17.22331129
1986-03,25,落後指標綜合指數,SR0043,(點),17.3339312
1986-04,25,落後指標綜合指數,SR0043,(點),17.52202725
1986-05,25,落後指標綜合指數,SR0043,(點),17.71511031
1986-06,25,落後指標綜合指數,SR0043,(點),17.87780848
1986-07,25,落後指標綜合指數,SR0043,(點),18.01629986
1986-08,25,落後指標綜合指數,SR0043,(點),18.15025831
1986-09,25,落後指標綜合指數,SR0043,(點),18.29804682
1986-10,25,落後指標綜合指數,SR0043,(點),18.47467663
1986-11,25,落後指標綜合指數,SR0043,(點),18.68613796
1986-12,25,落後指標綜合指數,SR0043,(點),18.9117162
1987-01,25,落後指標綜合指數,SR0043,(點),19.15020767
1987-02,25,落後指標綜合指數,SR0043,(點),19.42228679
1987-03,25,落後指標綜合指數,SR0043,(點),19.71625535
1987-04,25,落後指標綜合指數,SR0043,(點),20.0126643
1987-05,25,落後指標綜合指數,SR0043,(點),20.30840914
1987-06,25,落後指標綜合指數,SR0043,(點),20.58221426
1987-07,25,落後指標綜合指數,SR0043,(點),20.80924981
1987-08,25,落後指標綜合指數,SR0043,(點),20.9666682
1987-09,25,落後指標綜合指數,SR0043,(點),21.05010688
1987-10,25,落後指標綜合指數,SR0043,(點),21.08899144
1987-11,25,落後指標綜合指數,SR0043,(點),21.10865536
1987-12,25,落後指標綜合指數,SR0043,(點),21.13242907
1988-01,25,落後指標綜合指數,SR0043,(點),21.1982595
1988-02,25,落後指標綜合指數,SR0043,(點),21.13120775
1988-03,25,落後指標綜合指數,SR0043,(點),21.08656304
1988-04,25,落後指標綜合指數,SR0043,(點),21.06349364
1988-05,25,落後指標綜合指數,SR0043,(點),21.08514896
1988-06,25,落後指標綜合指數,SR0043,(點),21.1549842
1988-07,25,落後指標綜合指數,SR0043,(點),21.27826324
1988-08,25,落後指標綜合指數,SR0043,(點),21.44705736
1988-09,25,落後指標綜合指數,SR0043,(點),21.64717461
1988-10,25,落後指標綜合指數,SR0043,(點),21.87202687
1988-11,25,落後指標綜合指數,SR0043,(點),22.09201555
1988-12,25,落後指標綜合指數,SR0043,(點),22.28363037
1989-01,25,落後指標綜合指數,SR0043,(點),22.44946303
1989-02,25,落後指標綜合指數,SR0043,(點),22.5695193
1989-03,25,落後指標綜合指數,SR0043,(點),22.65579877
1989-04,25,落後指標綜合指數,SR0043,(點),22.75831471
1989-05,25,落後指標綜合指數,SR0043,(點),22.90695653
1989-06,25,落後指標綜合指數,SR0043,(點),23.10953206
1989-07,25,落後指標綜合指數,SR0043,(點),23.33430827
1989-08,25,落後指標綜合指數,SR0043,(點),23.5422575
1989-09,25,落後指標綜合指數,SR0043,(點),23.73502983
1989-10,25,落後指標綜合指數,SR0043,(點),23.89629696
1989-11,25,落後指標綜合指數,SR0043,(點),24.00429634
1989-12,25,落後指標綜合指數,SR0043,(點),24.04491741
1990-01,25,落後指標綜合指數,SR0043,(點),23.98443672
1990-02,25,落後指標綜合指數,SR0043,(點),23.81735096
1990-03,25,落後指標綜合指數,SR0043,(點),23.57732901
1990-04,25,落後指標綜合指數,SR0043,(點),23.31290746
1990-05,25,落後指標綜合指數,SR0043,(點),23.01352456
1990-06,25,落後指標綜合指數,SR0043,(點),22.700982
1990-07,25,落後指標綜合指數,SR0043,(點),22.40575804
1990-08,25,落後指標綜合指數,SR0043,(點),22.14376586
1990-09,25,落後指標綜合指數,SR0043,(點),21.9577024
1990-10,25,落後指標綜合指數,SR0043,(點),21.86535833
1990-11,25,落後指標綜合指數,SR0043,(點),21.90649753
1990-12,25,落後指標綜合指數,SR0043,(點),22.11768456
1991-01,25,落後指標綜合指數,SR0043,(點),22.44256202
1991-02,25,落後指標綜合指數,SR0043,(點),22.75752236
1991-03,25,落後指標綜合指數,SR0043,(點),22.89700269
1991-04,25,落後指標綜合指數,SR0043,(點),22.90778562
1991-05,25,落後指標綜合指數,SR0043,(點),22.86014369
1991-06,25,落後指標綜合指數,SR0043,(點),22.81053657
1991-07,25,落後指標綜合指數,SR0043,(點),22.75300153
1991-08,25,落後指標綜合指數,SR0043,(點),22.73416624
1991-09,25,落後指標綜合指數,SR0043,(點),22.80882366
1991-10,25,落後指標綜合指數,SR0043,(點),22.99278935
1991-11,25,落後指標綜合指數,SR0043,(點),23.28586494
1991-12,25,落後指標綜合指數,SR0043,(點),23.66976023
1992-01,25,落後指標綜合指數,SR0043,(點),24.06491286
1992-02,25,落後指標綜合指數,SR0043,(點),24.36585874
1992-03,25,落後指標綜合指數,SR0043,(點),24.6235214
1992-04,25,落後指標綜合指數,SR0043,(點),24.85663247
1992-05,25,落後指標綜合指數,SR0043,(點),25.0755041
1992-06,25,落後指標綜合指數,SR0043,(點),25.26928069
1992-07,25,落後指標綜合指數,SR0043,(點),25.43004415
1992-08,25,落後指標綜合指數,SR0043,(點),25.57712658
1992-09,25,落後指標綜合指數,SR0043,(點),25.72449537
1992-10,25,落後指標綜合指數,SR0043,(點),25.88626032
1992-11,25,落後指標綜合指數,SR0043,(點),26.07373664
1992-12,25,落後指標綜合指數,SR0043,(點),26.25226897
1993-01,25,落後指標綜合指數,SR0043,(點),26.38198271
1993-02,25,落後指標綜合指數,SR0043,(點),26.4267421
1993-03,25,落後指標綜合指數,SR0043,(點),26.38643439
1993-04,25,落後指標綜合指數,SR0043,(點),26.32813402
1993-05,25,落後指標綜合指數,SR0043,(點),26.29462586
1993-06,25,落後指標綜合指數,SR0043,(點),26.28182784
1993-07,25,落後指標綜合指數,SR0043,(點),26.28761179
1993-08,25,落後指標綜合指數,SR0043,(點),26.36538562
1993-09,25,落後指標綜合指數,SR0043,(點),26.52859196
1993-10,25,落後指標綜合指數,SR0043,(點),26.75057378
1993-11,25,落後指標綜合指數,SR0043,(點),27.00824266
1993-12,25,落後指標綜合指數,SR0043,(點),27.26216827
1994-01,25,落後指標綜合指數,SR0043,(點),27.47805351
1994-02,25,落後指標綜合指數,SR0043,(點),27.62405783
1994-03,25,落後指標綜合指數,SR0043,(點),27.65101976
1994-04,25,落後指標綜合指數,SR0043,(點),27.6250529
1994-05,25,落後指標綜合指數,SR0043,(點),27.60118859
1994-06,25,落後指標綜合指數,SR0043,(點),27.5947964
1994-07,25,落後指標綜合指數,SR0043,(點),27.6082805
1994-08,25,落後指標綜合指數,SR0043,(點),27.83069076
1994-09,25,落後指標綜合指數,SR0043,(點),28.05011139
1994-10,25,落後指標綜合指數,SR0043,(點),28.25414624
1994-11,25,落後指標綜合指數,SR0043,(點),28.43744132
1994-12,25,落後指標綜合指數,SR0043,(點),28.59632328
1995-01,25,落後指標綜合指數,SR0043,(點),28.71739268
1995-02,25,落後指標綜合指數,SR0043,(點),28.83604267
1995-03,25,落後指標綜合指數,SR0043,(點),28.98040456
1995-04,25,落後指標綜合指數,SR0043,(點),29.15359082
1995-05,25,落後指標綜合指數,SR0043,(點),29.35552584
1995-06,25,落後指標綜合指數,SR0043,(點),29.57776607
1995-07,25,落後指標綜合指數,SR0043,(點),29.79820277
1995-08,25,落後指標綜合指數,SR0043,(點),29.97953533
1995-09,25,落後指標綜合指數,SR0043,(點),30.1092336
1995-10,25,落後指標綜合指數,SR0043,(點),30.22202669
1995-11,25,落後指標綜合指數,SR0043,(點),30.33270882
1995-12,25,落後指標綜合指數,SR0043,(點),30.43810146
1996-01,25,落後指標綜合指數,SR0043,(點),30.52949639
1996-02,25,落後指標綜合指數,SR0043,(點),30.5676853
1996-03,25,落後指標綜合指數,SR0043,(點),30.50900838
1996-04,25,落後指標綜合指數,SR0043,(點),30.33461096
1996-05,25,落後指標綜合指數,SR0043,(點),30.06433252
1996-06,25,落後指標綜合指數,SR0043,(點),29.7349453
1996-07,25,落後指標綜合指數,SR0043,(點),29.38754942
1996-08,25,落後指標綜合指數,SR0043,(點),29.049402
1996-09,25,落後指標綜合指數,SR0043,(點),28.75755125
1996-10,25,落後指標綜合指數,SR0043,(點),28.54830036
1996-11,25,落後指標綜合指數,SR0043,(點),28.47585301
1996-12,25,落後指標綜合指數,SR0043,(點),28.56260901
1997-01,25,落後指標綜合指數,SR0043,(點),28.78923334
1997-02,25,落後指標綜合指數,SR0043,(點),29.07194069
1997-03,25,落後指標綜合指數,SR0043,(點),29.2850581
1997-04,25,落後指標綜合指數,SR0043,(點),29.50722049
1997-05,25,落後指標綜合指數,SR0043,(點),29.79367497
1997-06,25,落後指標綜合指數,SR0043,(點),30.17523102
1997-07,25,落後指標綜合指數,SR0043,(點),30.64905041
1997-08,25,落後指標綜合指數,SR0043,(點),31.2361372
1997-09,25,落後指標綜合指數,SR0043,(點),31.93369288
1997-10,25,落後指標綜合指數,SR0043,(點),32.71448502
1997-11,25,落後指標綜合指數,SR0043,(點),33.52306874
1997-12,25,落後指標綜合指數,SR0043,(點),34.29692898
1998-01,25,落後指標綜合指數,SR0043,(點),34.9472474
1998-02,25,落後指標綜合指數,SR0043,(點),35.36686169
1998-03,25,落後指標綜合指數,SR0043,(點),35.6554402
1998-04,25,落後指標綜合指數,SR0043,(點),35.80699392
1998-05,25,落後指標綜合指數,SR0043,(點),35.83884503
1998-06,25,落後指標綜合指數,SR0043,(點),35.76634457
1998-07,25,落後指標綜合指數,SR0043,(點),35.62679108
1998-08,25,落後指標綜合指數,SR0043,(點),35.4408313
1998-09,25,落後指標綜合指數,SR0043,(點),35.24554972
1998-10,25,落後指標綜合指數,SR0043,(點),35.07019902
1998-11,25,落後指標綜合指數,SR0043,(點),34.91041001
1998-12,25,落後指標綜合指數,SR0043,(點),34.75897257
1999-01,25,落後指標綜合指數,SR0043,(點),34.59380306
1999-02,25,落後指標綜合指數,SR0043,(點),34.35942095
1999-03,25,落後指標綜合指數,SR0043,(點),34.09516205
1999-04,25,落後指標綜合指數,SR0043,(點),33.88670905
1999-05,25,落後指標綜合指數,SR0043,(點),33.81233586
1999-06,25,落後指標綜合指數,SR0043,(點),33.88693823
1999-07,25,落後指標綜合指數,SR0043,(點),34.0802707
1999-08,25,落後指標綜合指數,SR0043,(點),34.37982298
1999-09,25,落後指標綜合指數,SR0043,(點),34.77429603
1999-10,25,落後指標綜合指數,SR0043,(點),35.24093564
1999-11,25,落後指標綜合指數,SR0043,(點),35.82758782
1999-12,25,落後指標綜合指數,SR0043,(點),36.49085399
2000-01,25,落後指標綜合指數,SR0043,(點),37.11149863
2000-02,25,落後指標綜合指數,SR0043,(點),37.62449308
2000-03,25,落後指標綜合指數,SR0043,(點),37.97899409
2000-04,25,落後指標綜合指數,SR0043,(點),38.24760024
2000-05,25,落後指標綜合指數,SR0043,(點),38.49211576
2000-06,25,落後指標綜合指數,SR0043,(點),38.75979991
2000-07,25,落後指標綜合指數,SR0043,(點),39.10236272
2000-08,25,落後指標綜合指數,SR0043,(點),39.5139357
2000-09,25,落後指標綜合指數,SR0043,(點),39.9761131
2000-10,25,落後指標綜合指數,SR0043,(點),40.49962972
2000-11,25,落後指標綜合指數,SR0043,(點),41.01664998
2000-12,25,落後指標綜合指數,SR0043,(點),41.43934305
2001-01,25,落後指標綜合指數,SR0043,(點),41.68504192
2001-02,25,落後指標綜合指數,SR0043,(點),41.70679214
2001-03,25,落後指標綜合指數,SR0043,(點),41.55118692
2001-04,25,落後指標綜合指數,SR0043,(點),41.2484827
2001-05,25,落後指標綜合指數,SR0043,(點),40.81703751
2001-06,25,落後指標綜合指數,SR0043,(點),40.27004276
2001-07,25,落後指標綜合指數,SR0043,(點),39.62019486
2001-08,25,落後指標綜合指數,SR0043,(點),38.92079638
2001-09,25,落後指標綜合指數,SR0043,(點),38.22618878
2001-10,25,落後指標綜合指數,SR0043,(點),37.60655977
2001-11,25,落後指標綜合指數,SR0043,(點),37.10844463
2001-12,25,落後指標綜合指數,SR0043,(點),36.75292742
2002-01,25,落後指標綜合指數,SR0043,(點),36.5344077
2002-02,25,落後指標綜合指數,SR0043,(點),36.38930132
2002-03,25,落後指標綜合指數,SR0043,(點),36.31563388
2002-04,25,落後指標綜合指數,SR0043,(點),36.33115638
2002-05,25,落後指標綜合指數,SR0043,(點),36.43480339
2002-06,25,落後指標綜合指數,SR0043,(點),36.5699407
2002-07,25,落後指標綜合指數,SR0043,(點),36.72310693
2002-08,25,落後指標綜合指數,SR0043,(點),36.89083288
2002-09,25,落後指標綜合指數,SR0043,(點),37.06976091
2002-10,25,落後指標綜合指數,SR0043,(點),37.26827441
2002-11,25,落後指標綜合指數,SR0043,(點),37.48374163
2002-12,25,落後指標綜合指數,SR0043,(點),37.72740418
2003-01,25,落後指標綜合指數,SR0043,(點),37.99733157
2003-02,25,落後指標綜合指數,SR0043,(點),38.31706891
2003-03,25,落後指標綜合指數,SR0043,(點),38.63285595
2003-04,25,落後指標綜合指數,SR0043,(點),38.88571325
2003-05,25,落後指標綜合指數,SR0043,(點),39.06824069
2003-06,25,落後指標綜合指數,SR0043,(點),39.15248743
2003-07,25,落後指標綜合指數,SR0043,(點),39.18092655
2003-08,25,落後指標綜合指數,SR0043,(點),39.19167277
2003-09,25,落後指標綜合指數,SR0043,(點),39.20866384
2003-10,25,落後指標綜合指數,SR0043,(點),39.28825105
2003-11,25,落後指標綜合指數,SR0043,(點),39.48060169
2003-12,25,落後指標綜合指數,SR0043,(點),39.82435401
2004-01,25,落後指標綜合指數,SR0043,(點),40.31536803
2004-02,25,落後指標綜合指數,SR0043,(點),40.9715924
2004-03,25,落後指標綜合指數,SR0043,(點),41.74677069
2004-04,25,落後指標綜合指數,SR0043,(點),42.5346642
2004-05,25,落後指標綜合指數,SR0043,(點),43.27344301
2004-06,25,落後指標綜合指數,SR0043,(點),43.9650114
2004-07,25,落後指標綜合指數,SR0043,(點),44.61824028
2004-08,25,落後指標綜合指數,SR0043,(點),45.26340969
2004-09,25,落後指標綜合指數,SR0043,(點),45.9291725
2004-10,25,落後指標綜合指數,SR0043,(點),46.62751536
2004-11,25,落後指標綜合指數,SR0043,(點),47.34643933
2004-12,25,落後指標綜合指數,SR0043,(點),48.00035495
2005-01,25,落後指標綜合指數,SR0043,(點),48.48777732
2005-02,25,落後指標綜合指數,SR0043,(點),48.71436441
2005-03,25,落後指標綜合指數,SR0043,(點),48.77232169
2005-04,25,落後指標綜合指數,SR0043,(點),48.74065465
2005-05,25,落後指標綜合指數,SR0043,(點),48.67537727
2005-06,25,落後指標綜合指數,SR0043,(點),48.60950606
2005-07,25,落後指標綜合指數,SR0043,(點),48.58403154
2005-08,25,落後指標綜合指數,SR0043,(點),48.62999184
2005-09,25,落後指標綜合指數,SR0043,(點),48.76896977
2005-10,25,落後指標綜合指數,SR0043,(點),48.99184303
2005-11,25,落後指標綜合指數,SR0043,(點),49.29250048
2005-12,25,落後指標綜合指數,SR0043,(點),49.66029587
2006-01,25,落後指標綜合指數,SR0043,(點),50.04269743
2006-02,25,落後指標綜合指數,SR0043,(點),50.41131252
2006-03,25,落後指標綜合指數,SR0043,(點),50.75059988
2006-04,25,落後指標綜合指數,SR0043,(點),51.04499168
2006-05,25,落後指標綜合指數,SR0043,(點),51.26535453
2006-06,25,落後指標綜合指數,SR0043,(點),51.39645914
2006-07,25,落後指標綜合指數,SR0043,(點),51.49329079
2006-08,25,落後指標綜合指數,SR0043,(點),51.60241001
2006-09,25,落後指標綜合指數,SR0043,(點),51.77386757
2006-10,25,落後指標綜合指數,SR0043,(點),52.01869892
2006-11,25,落後指標綜合指數,SR0043,(點),52.31151727
2006-12,25,落後指標綜合指數,SR0043,(點),52.63546796
2007-01,25,落後指標綜合指數,SR0043,(點),52.96119981
2007-02,25,落後指標綜合指數,SR0043,(點),53.23200093
2007-03,25,落後指標綜合指數,SR0043,(點),53.36946211
2007-04,25,落後指標綜合指數,SR0043,(點),53.43797117
2007-05,25,落後指標綜合指數,SR0043,(點),53.4790244
2007-06,25,落後指標綜合指數,SR0043,(點),53.51944862
2007-07,25,落後指標綜合指數,SR0043,(點),53.52047911
2007-08,25,落後指標綜合指數,SR0043,(點),53.52231982
2007-09,25,落後指標綜合指數,SR0043,(點),53.51477021
2007-10,25,落後指標綜合指數,SR0043,(點),53.55710943
2007-11,25,落後指標綜合指數,SR0043,(點),53.73554051
2007-12,25,落後指標綜合指數,SR0043,(點),54.05901936
2008-01,25,落後指標綜合指數,SR0043,(點),54.51767036
2008-02,25,落後指標綜合指數,SR0043,(點),55.07576667
2008-03,25,落後指標綜合指數,SR0043,(點),55.68775085
2008-04,25,落後指標綜合指數,SR0043,(點),56.38943591
2008-05,25,落後指標綜合指數,SR0043,(點),57.16107949
2008-06,25,落後指標綜合指數,SR0043,(點),57.92956176
2008-07,25,落後指標綜合指數,SR0043,(點),58.61469081
2008-08,25,落後指標綜合指數,SR0043,(點),59.10008163
2008-09,25,落後指標綜合指數,SR0043,(點),59.25685307
2008-10,25,落後指標綜合指數,SR0043,(點),58.95291288
2008-11,25,落後指標綜合指數,SR0043,(點),58.08315606
2008-12,25,落後指標綜合指數,SR0043,(點),56.57055753
2009-01,25,落後指標綜合指數,SR0043,(點),54.55689579
2009-02,25,落後指標綜合指數,SR0043,(點),52.36629253
2009-03,25,落後指標綜合指數,SR0043,(點),50.25175187
2009-04,25,落後指標綜合指數,SR0043,(點),48.38345714
2009-05,25,落後指標綜合指數,SR0043,(點),46.86397747
2009-06,25,落後指標綜合指數,SR0043,(點),45.74932694
2009-07,25,落後指標綜合指數,SR0043,(點),45.12690288
2009-08,25,落後指標綜合指數,SR0043,(點),45.0087502
2009-09,25,落後指標綜合指數,SR0043,(點),45.32819317
2009-10,25,落後指標綜合指數,SR0043,(點),45.9658122
2009-11,25,落後指標綜合指數,SR0043,(點),46.81163804
2009-12,25,落後指標綜合指數,SR0043,(點),47.79236213
2010-01,25,落後指標綜合指數,SR0043,(點),48.85143111
2010-02,25,落後指標綜合指數,SR0043,(點),49.93621135
2010-03,25,落後指標綜合指數,SR0043,(點),51.0296772
2010-04,25,落後指標綜合指數,SR0043,(點),52.14466089
2010-05,25,落後指標綜合指數,SR0043,(點),53.28451791
2010-06,25,落後指標綜合指數,SR0043,(點),54.3856893
2010-07,25,落後指標綜合指數,SR0043,(點),55.41415377
2010-08,25,落後指標綜合指數,SR0043,(點),56.36561945
2010-09,25,落後指標綜合指數,SR0043,(點),57.25433986
2010-10,25,落後指標綜合指數,SR0043,(點),58.10999947
2010-11,25,落後指標綜合指數,SR0043,(點),59.00571928
2010-12,25,落後指標綜合指數,SR0043,(點),59.98626417
2011-01,25,落後指標綜合指數,SR0043,(點),61.04908611
2011-02,25,落後指標綜合指數,SR0043,(點),62.10803981
2011-03,25,落後指標綜合指數,SR0043,(點),63.03768227
2011-04,25,落後指標綜合指數,SR0043,(點),63.85029669
2011-05,25,落後指標綜合指數,SR0043,(點),64.55842161
2011-06,25,落後指標綜合指數,SR0043,(點),65.17162529
2011-07,25,落後指標綜合指數,SR0043,(點),65.72130642
2011-08,25,落後指標綜合指數,SR0043,(點),66.21497319
2011-09,25,落後指標綜合指數,SR0043,(點),66.58614874
2011-10,25,落後指標綜合指數,SR0043,(點),66.84023494
2011-11,25,落後指標綜合指數,SR0043,(點),67.00015265
2011-12,25,落後指標綜合指數,SR0043,(點),67.07062255
2012-01,25,落後指標綜合指數,SR0043,(點),67.03929864
2012-02,25,落後指標綜合指數,SR0043,(點),66.94326284
2012-03,25,落後指標綜合指數,SR0043,(點),66.86603267
2012-04,25,落後指標綜合指數,SR0043,(點),66.81578881
2012-05,25,落後指標綜合指數,SR0043,(點),66.77177623
2012-06,25,落後指標綜合指數,SR0043,(點),66.72427579
2012-07,25,落後指標綜合指數,SR0043,(點),66.69710732
2012-08,25,落後指標綜合指數,SR0043,(點),66.79703758
2012-09,25,落後指標綜合指數,SR0043,(點),66.98177948
2012-10,25,落後指標綜合指數,SR0043,(點),67.22008601
2012-11,25,落後指標綜合指數,SR0043,(點),67.50667876
2012-12,25,落後指標綜合指數,SR0043,(點),67.8287253
2013-01,25,落後指標綜合指數,SR0043,(點),68.11528519
2013-02,25,落後指標綜合指數,SR0043,(點),68.36423456
2013-03,25,落後指標綜合指數,SR0043,(點),68.48736485
2013-04,25,落後指標綜合指數,SR0043,(點),68.51247319
2013-05,25,落後指標綜合指數,SR0043,(點),68.44581963
2013-06,25,落後指標綜合指數,SR0043,(點),68.35780978
2013-07,25,落後指標綜合指數,SR0043,(點),68.33598967
2013-08,25,落後指標綜合指數,SR0043,(點),68.45012542
2013-09,25,落後指標綜合指數,SR0043,(點),68.64004856
2013-10,25,落後指標綜合指數,SR0043,(點),68.84809403
2013-11,25,落後指標綜合指數,SR0043,(點),69.02453927
2013-12,25,落後指標綜合指數,SR0043,(點),69.18143638
2014-01,25,落後指標綜合指數,SR0043,(點),69.34374017
2014-02,25,落後指標綜合指數,SR0043,(點),69.5566883
2014-03,25,落後指標綜合指數,SR0043,(點),69.8086424
2014-04,25,落後指標綜合指數,SR0043,(點),70.07681072
2014-05,25,落後指標綜合指數,SR0043,(點),70.33828759
2014-06,25,落後指標綜合指數,SR0043,(點),70.55435597
2014-07,25,落後指標綜合指數,SR0043,(點),70.77708945
2014-08,25,落後指標綜合指數,SR0043,(點),70.99938335
2014-09,25,落後指標綜合指數,SR0043,(點),71.24450478
2014-10,25,落後指標綜合指數,SR0043,(點),71.58998135
2014-11,25,落後指標綜合指數,SR0043,(點),72.00774953
2014-12,25,落後指標綜合指數,SR0043,(點),72.47331987
2015-01,25,落後指標綜合指數,SR0043,(點),72.98529179
2015-02,25,落後指標綜合指數,SR0043,(點),73.48654816
2015-03,25,落後指標綜合指數,SR0043,(點),73.84144636
2015-04,25,落後指標綜合指數,SR0043,(點),74.10032349
2015-05,25,落後指標綜合指數,SR0043,(點),74.25640597
2015-06,25,落後指標綜合指數,SR0043,(點),74.3367038
2015-07,25,落後指標綜合指數,SR0043,(點),74.33597601
2015-08,25,落後指標綜合指數,SR0043,(點),74.23080378
2015-09,25,落後指標綜合指數,SR0043,(點),74.03815899
2015-10,25,落後指標綜合指數,SR0043,(點),73.81745291
2015-11,25,落後指標綜合指數,SR0043,(點),73.6006945
2015-12,25,落後指標綜合指數,SR0043,(點),73.36111249
2016-01,25,落後指標綜合指數,SR0043,(點),73.06164645
2016-02,25,落後指標綜合指數,SR0043,(點),72.65143419
2016-03,25,落後指標綜合指數,SR0043,(點),72.19102874
2016-04,25,落後指標綜合指數,SR0043,(點),71.71592979
2016-05,25,落後指標綜合指數,SR0043,(點),71.28894178
2016-06,25,落後指標綜合指數,SR0043,(點),70.93015785
2016-07,25,落後指標綜合指數,SR0043,(點),70.67830506
2016-08,25,落後指標綜合指數,SR0043,(點),70.62338328
2016-09,25,落後指標綜合指數,SR0043,(點),70.74074186
2016-10,25,落後指標綜合指數,SR0043,(點),71.04508871
2016-11,25,落後指標綜合指數,SR0043,(點),71.53950813
2016-12,25,落後指標綜合指數,SR0043,(點),72.20233011
2017-01,25,落後指標綜合指數,SR0043,(點),72.98907587
2017-02,25,落後指標綜合指數,SR0043,(點),73.85654066
2017-03,25,落後指標綜合指數,SR0043,(點),74.68946816
2017-04,25,落後指標綜合指數,SR0043,(點),75.3752508
2017-05,25,落後指標綜合指數,SR0043,(點),75.80106536
2017-06,25,落後指標綜合指數,SR0043,(點),75.94858124
2017-07,25,落後指標綜合指數,SR0043,(點),76.07068443
2017-08,25,落後指標綜合指數,SR0043,(點),76.22624774
2017-09,25,落後指標綜合指數,SR0043,(點),76.47847553
2017-10,25,落後指標綜合指數,SR0043,(點),76.87241108
2017-11,25,落後指標綜合指數,SR0043,(點),77.35013462
2017-12,25,落後指標綜合指數,SR0043,(點),77.90105659
2018-01,25,落後指標綜合指數,SR0043,(點),78.54883921
2018-02,25,落後指標綜合指數,SR0043,(點),79.17630898
2018-03,25,落後指標綜合指數,SR0043,(點),79.70682065
2018-04,25,落後指標綜合指數,SR0043,(點),80.22586166
2018-05,25,落後指標綜合指數,SR0043,(點),80.70265536
2018-06,25,落後指標綜合指數,SR0043,(點),81.11355329
2018-07,25,落後指標綜合指數,SR0043,(點),81.47994868
2018-08,25,落後指標綜合指數,SR0043,(點),81.7655055
2018-09,25,落後指標綜合指數,SR0043,(點),82.03628999
2018-10,25,落後指標綜合指數,SR0043,(點),82.41738106
2018-11,25,落後指標綜合指數,SR0043,(點),82.96721178
2018-12,25,落後指標綜合指數,SR0043,(點),83.61053048
2019-01,25,落後指標綜合指數,SR0043,(點),84.26648078
2019-02,25,落後指標綜合指數,SR0043,(點),84.80166919
2019-03,25,落後指標綜合指數,SR0043,(點),85.17848903
2019-04,25,落後指標綜合指數,SR0043,(點),85.46741835
2019-05,25,落後指標綜合指數,SR0043,(點),85.69077341
2019-06,25,落後指標綜合指數,SR0043,(點),85.80382008
2019-07,25,落後指標綜合指數,SR0043,(點),85.863356
2019-08,25,落後指標綜合指數,SR0043,(點),85.85110512
2019-09,25,落後指標綜合指數,SR0043,(點),85.8136101
2019-10,25,落後指標綜合指數,SR0043,(點),85.75298787
2019-11,25,落後指標綜合指數,SR0043,(點),85.71629859
2019-12,25,落後指標綜合指數,SR0043,(點),85.73113299
2020-01,25,落後指標綜合指數,SR0043,(點),85.78790396
2020-02,25,落後指標綜合指數,SR0043,(點),85.85729767
2020-03,25,落後指標綜合指數,SR0043,(點),85.86854567
2020-04,25,落後指標綜合指數,SR0043,(點),85.84136844
2020-05,25,落後指標綜合指數,SR0043,(點),85.82063706
2020-06,25,落後指標綜合指數,SR0043,(點),85.80240504
2020-07,25,落後指標綜合指數,SR0043,(點),85.75897963
2020-08,25,落後指標綜合指數,SR0043,(點),85.69814004
2020-09,25,落後指標綜合指數,SR0043,(點),85.68122732
2020-10,25,落後指標綜合指數,SR0043,(點),85.7621835
2020-11,25,落後指標綜合指數,SR0043,(點),85.9524434
2020-12,25,落後指標綜合指數,SR0043,(點),86.25230227
2021-01,25,落後指標綜合指數,SR0043,(點),86.64761271
2021-02,25,落後指標綜合指數,SR0043,(點),87.07825608
2021-03,25,落後指標綜合指數,SR0043,(點),87.49795636
2021-04,25,落後指標綜合指數,SR0043,(點),87.87778419
2021-05,25,落後指標綜合指數,SR0043,(點),88.23297056
2021-06,25,落後指標綜合指數,SR0043,(點),88.75681559
2021-07,25,落後指標綜合指數,SR0043,(點),89.59292081
2021-08,25,落後指標綜合指數,SR0043,(點),90.59453413
2021-09,25,落後指標綜合指數,SR0043,(點),91.49637144
2021-10,25,落後指標綜合指數,SR0043,(點),92.16455418
2021-11,25,落後指標綜合指數,SR0043,(點),92.59119487
2021-12,25,落後指標綜合指數,SR0043,(點),92.87506228
2022-01,25,落後指標綜合指數,SR0043,(點),93.12081449
2022-02,25,落後指標綜合指數,SR0043,(點),93.51874513
2022-03,25,落後指標綜合指數,SR0043,(點),94.08732257
2022-04,25,落後指標綜合指數,SR0043,(點),94.67047992
2022-05,25,落後指標綜合指數,SR0043,(點),95.17665831
2022-06,25,落後指標綜合指數,SR0043,(點),95.54822783
2022-07,25,落後指標綜合指數,SR0043,(點),95.81701955
2022-08,25,落後指標綜合指數,SR0043,(點),96.00434728
2022-09,25,落後指標綜合指數,SR0043,(點),96.12600452
2022-10,25,落後指標綜合指數,SR0043,(點),96.28008289
2022-11,25,落後指標綜合指數,SR0043,(點),96.53111174
2022-12,25,落後指標綜合指數,SR0043,(點),96.83918571
2023-01,25,落後指標綜合指數,SR0043,(點),97.16523888
2023-02,25,落後指標綜合指數,SR0043,(點),97.54692998
2023-03,25,落後指標綜合指數,SR0043,(點),97.84786625
2023-04,25,落後指標綜合指數,SR0043,(點),97.96414496
2023-05,25,落後指標綜合指數,SR0043,(點),97.83855316
2023-06,25,落後指標綜合指數,SR0043,(點),97.47308638
2023-07,25,落後指標綜合指數,SR0043,(點),96.94143994
2023-08,25,落後指標綜合指數,SR0043,(點),96.4316432
2023-09,25,落後指標綜合指數,SR0043,(點),96.07642557
2023-10,25,落後指標綜合指數,SR0043,(點),95.96020351
2023-11,25,落後指標綜合指數,SR0043,(點),96.15366104
2023-12,25,落後指標綜合指數,SR0043,(點),96.58208278
2024-01,25,落後指標綜合指數,SR0043,(點),97.15537474
2024-02,25,落後指標綜合指數,SR0043,(點),97.88508927
2024-03,25,落後指標綜合指數,SR0043,(點),98.71969927
2024-04,25,落後指標綜合指數,SR0043,(點),99.5904566
2024-05,25,落後指標綜合指數,SR0043,(點),100.4232358
2024-06,25,落後指標綜合指數,SR0043,(點),101.18727
2024-07,25,落後指標綜合指數,SR0043,(點),101.8692058
2024-08,25,落後指標綜合指數,SR0043,(點),102.4801373
2024-09,25,落後指標綜合指數,SR0043,(點),103.0699129
2024-10,25,落後指標綜合指數,SR0043,(點),103.6621907
2024-11,25,落後指標綜合指數,SR0043,(點),104.3064493
2024-12,25,落後指標綜合指數,SR0043,(點),104.9413001
2025-01,25,落後指標綜合指數,SR0043,(點),105.5061809
2025-02,25,落後指標綜合指數,SR0043,(點),106.0081579
2025-03,25,落後指標綜合指數,SR0043,(點),106.4389352
2025-04,25,落後指標綜合指數,SR0043,(點),106.9248967
2025-05,25,落後指標綜合指數,SR0043,(點),107.6767279
2025-06,25,落後指標綜合指數,SR0043,(點),108.7475166
2025-07,25,落後指標綜合指數,SR0043,(點),110.0948074
2025-08,25,落後指標綜合指數,SR0043,(點),111.5001897
2025-09,25,落後指標綜合指數,SR0043,(點),112.9115508
2025-10,25,落後指標綜合指數,SR0043,(點),114.3366674
2025-11,25,落後指標綜合指數,SR0043,(點),115.7806028
2025-12,25,落後指標綜合指數,SR0043,(點),117.3667145
2026-01,25,落後指標綜合指數,SR0043,(點),119.2503636
2026-02,25,落後指標綜合指數,SR0043,(點),121.5755996
2026-03,25,落後指標綜合指數,SR0043,(點),124.47256
2026-04,25,落後指標綜合指數,SR0043,(點),127.868395
2026-05,25,落後指標綜合指數,SR0043,(點),131.4928688
2026-06,25,落後指標綜合指數,SR0043,(點),135.128341
2026-07,25,落後指標綜合指數,SR0043,(點),138.836105
1982-01,34,領先指標不含趨勢指數,SR0051,(點),100.3449584
1982-02,34,領先指標不含趨勢指數,SR0051,(點),99.92119235
1982-03,34,領先指標不含趨勢指數,SR0051,(點),99.3859316
1982-04,34,領先指標不含趨勢指數,SR0051,(點),98.49557429
1982-05,34,領先指標不含趨勢指數,SR0051,(點),97.3511942
1982-06,34,領先指標不含趨勢指數,SR0051,(點),96.09432542
1982-07,34,領先指標不含趨勢指數,SR0051,(點),94.78743508
1982-08,34,領先指標不含趨勢指數,SR0051,(點),93.69465118
1982-09,34,領先指標不含趨勢指數,SR0051,(點),92.96667996
1982-10,34,領先指標不含趨勢指數,SR0051,(點),92.78769984
1982-11,34,領先指標不含趨勢指數,SR0051,(點),93.39875694
1982-12,34,領先指標不含趨勢指數,SR0051,(點),94.85047481
1983-01,34,領先指標不含趨勢指數,SR0051,(點),97.00030354
1983-02,34,領先指標不含趨勢指數,SR0051,(點),99.36994724
1983-03,34,領先指標不含趨勢指數,SR0051,(點),101.7148829
1983-04,34,領先指標不含趨勢指數,SR0051,(點),103.9723158
1983-05,34,領先指標不含趨勢指數,SR0051,(點),105.6355524
1983-06,34,領先指標不含趨勢指數,SR0051,(點),106.2856077
1983-07,34,領先指標不含趨勢指數,SR0051,(點),105.909812
1983-08,34,領先指標不含趨勢指數,SR0051,(點),104.5833055
1983-09,34,領先指標不含趨勢指數,SR0051,(點),103.8342217
1983-10,34,領先指標不含趨勢指數,SR0051,(點),103.7545368
1983-11,34,領先指標不含趨勢指數,SR0051,(點),103.9819363
1983-12,34,領先指標不含趨勢指數,SR0051,(點),104.3904519
1984-01,34,領先指標不含趨勢指數,SR0051,(點),105.0422898
1984-02,34,領先指標不含趨勢指數,SR0051,(點),105.9145304
1984-03,34,領先指標不含趨勢指數,SR0051,(點),106.5620457
1984-04,34,領先指標不含趨勢指數,SR0051,(點),106.6526972
1984-05,34,領先指標不含趨勢指數,SR0051,(點),105.9580009
1984-06,34,領先指標不含趨勢指數,SR0051,(點),104.5504297
1984-07,34,領先指標不含趨勢指數,SR0051,(點),102.7713069
1984-08,34,領先指標不含趨勢指數,SR0051,(點),100.9324451
1984-09,34,領先指標不含趨勢指數,SR0051,(點),99.34174414
1984-10,34,領先指標不含趨勢指數,SR0051,(點),98.20412534
1984-11,34,領先指標不含趨勢指數,SR0051,(點),97.51153895
1984-12,34,領先指標不含趨勢指數,SR0051,(點),97.14714909
1985-01,34,領先指標不含趨勢指數,SR0051,(點),96.80432841
1985-02,34,領先指標不含趨勢指數,SR0051,(點),95.8091639
1985-03,34,領先指標不含趨勢指數,SR0051,(點),94.25327951
1985-04,34,領先指標不含趨勢指數,SR0051,(點),92.35084584
1985-05,34,領先指標不含趨勢指數,SR0051,(點),90.3399653
1985-06,34,領先指標不含趨勢指數,SR0051,(點),88.56009656
1985-07,34,領先指標不含趨勢指數,SR0051,(點),87.33443556
1985-08,34,領先指標不含趨勢指數,SR0051,(點),86.9507842
1985-09,34,領先指標不含趨勢指數,SR0051,(點),87.42020564
1985-10,34,領先指標不含趨勢指數,SR0051,(點),88.724136
1985-11,34,領先指標不含趨勢指數,SR0051,(點),90.64698946
1985-12,34,領先指標不含趨勢指數,SR0051,(點),92.91044496
1986-01,34,領先指標不含趨勢指數,SR0051,(點),95.13972384
1986-02,34,領先指標不含趨勢指數,SR0051,(點),96.81773132
1986-03,34,領先指標不含趨勢指數,SR0051,(點),97.68398616
1986-04,34,領先指標不含趨勢指數,SR0051,(點),97.79432882
1986-05,34,領先指標不含趨勢指數,SR0051,(點),97.40327664
1986-06,34,領先指標不含趨勢指數,SR0051,(點),96.80288854
1986-07,34,領先指標不含趨勢指數,SR0051,(點),96.1476799
1986-08,34,領先指標不含趨勢指數,SR0051,(點),95.7716735
1986-09,34,領先指標不含趨勢指數,SR0051,(點),95.80978929
1986-10,34,領先指標不含趨勢指數,SR0051,(點),96.27781492
1986-11,34,領先指標不含趨勢指數,SR0051,(點),97.09704095
1986-12,34,領先指標不含趨勢指數,SR0051,(點),98.0453618
1987-01,34,領先指標不含趨勢指數,SR0051,(點),99.08758986
1987-02,34,領先指標不含趨勢指數,SR0051,(點),100.026741
1987-03,34,領先指標不含趨勢指數,SR0051,(點),100.7888388
1987-04,34,領先指標不含趨勢指數,SR0051,(點),101.4323327
1987-05,34,領先指標不含趨勢指數,SR0051,(點),101.912857
1987-06,34,領先指標不含趨勢指數,SR0051,(點),102.1949611
1987-07,34,領先指標不含趨勢指數,SR0051,(點),102.1990702
1987-08,34,領先指標不含趨勢指數,SR0051,(點),101.7890189
1987-09,34,領先指標不含趨勢指數,SR0051,(點),101.2082802
1987-10,34,領先指標不含趨勢指數,SR0051,(點),100.519629
1987-11,34,領先指標不含趨勢指數,SR0051,(點),99.89217093
1987-12,34,領先指標不含趨勢指數,SR0051,(點),99.69486376
1988-01,34,領先指標不含趨勢指數,SR0051,(點),100.0442595
1988-02,34,領先指標不含趨勢指數,SR0051,(點),100.7907256
1988-03,34,領先指標不含趨勢指數,SR0051,(點),101.8207909
1988-04,34,領先指標不含趨勢指數,SR0051,(點),103.0660935
1988-05,34,領先指標不含趨勢指數,SR0051,(點),104.3262773
1988-06,34,領先指標不含趨勢指數,SR0051,(點),105.3931505
1988-07,34,領先指標不含趨勢指數,SR0051,(點),106.1183342
1988-08,34,領先指標不含趨勢指數,SR0051,(點),106.1378764
1988-09,34,領先指標不含趨勢指數,SR0051,(點),105.6873293
1988-10,34,領先指標不含趨勢指數,SR0051,(點),105.0320879
1988-11,34,領先指標不含趨勢指數,SR0051,(點),104.4290541
1988-12,34,領先指標不含趨勢指數,SR0051,(點),103.824292
1989-01,34,領先指標不含趨勢指數,SR0051,(點),103.354991
1989-02,34,領先指標不含趨勢指數,SR0051,(點),103.0769594
1989-03,34,領先指標不含趨勢指數,SR0051,(點),102.9045154
1989-04,34,領先指標不含趨勢指數,SR0051,(點),102.8134045
1989-05,34,領先指標不含趨勢指數,SR0051,(點),102.7965029
1989-06,34,領先指標不含趨勢指數,SR0051,(點),102.8753212
1989-07,34,領先指標不含趨勢指數,SR0051,(點),102.8904705
1989-08,34,領先指標不含趨勢指數,SR0051,(點),102.5394387
1989-09,34,領先指標不含趨勢指數,SR0051,(點),102.0239089
1989-10,34,領先指標不含趨勢指數,SR0051,(點),101.5684455
1989-11,34,領先指標不含趨勢指數,SR0051,(點),101.2496079
1989-12,34,領先指標不含趨勢指數,SR0051,(點),101.0671669
1990-01,34,領先指標不含趨勢指數,SR0051,(點),100.9319656
1990-02,34,領先指標不含趨勢指數,SR0051,(點),100.5869328
1990-03,34,領先指標不含趨勢指數,SR0051,(點),99.71586648
1990-04,34,領先指標不含趨勢指數,SR0051,(點),98.25829847
1990-05,34,領先指標不含趨勢指數,SR0051,(點),96.38496308
1990-06,34,領先指標不含趨勢指數,SR0051,(點),94.18595972
1990-07,34,領先指標不含趨勢指數,SR0051,(點),91.86899376
1990-08,34,領先指標不含趨勢指數,SR0051,(點),89.8403404
1990-09,34,領先指標不含趨勢指數,SR0051,(點),88.34294429
1990-10,34,領先指標不含趨勢指數,SR0051,(點),87.58749434
1990-11,34,領先指標不含趨勢指數,SR0051,(點),87.62175678
1990-12,34,領先指標不含趨勢指數,SR0051,(點),88.18110012
1991-01,34,領先指標不含趨勢指數,SR0051,(點),89.20796521
1991-02,34,領先指標不含趨勢指數,SR0051,(點),90.64492155
1991-03,34,領先指標不含趨勢指數,SR0051,(點),92.49270615
1991-04,34,領先指標不含趨勢指數,SR0051,(點),94.55391034
1991-05,34,領先指標不含趨勢指數,SR0051,(點),96.50189587
1991-06,34,領先指標不含趨勢指數,SR0051,(點),98.20629292
1991-07,34,領先指標不含趨勢指數,SR0051,(點),99.64600376
1991-08,34,領先指標不含趨勢指數,SR0051,(點),100.7282792
1991-09,34,領先指標不含趨勢指數,SR0051,(點),101.5384316
1991-10,34,領先指標不含趨勢指數,SR0051,(點),102.0278441
1991-11,34,領先指標不含趨勢指數,SR0051,(點),102.2366409
1991-12,34,領先指標不含趨勢指數,SR0051,(點),102.2472267
1992-01,34,領先指標不含趨勢指數,SR0051,(點),102.1919196
1992-02,34,領先指標不含趨勢指數,SR0051,(點),102.0787729
1992-03,34,領先指標不含趨勢指數,SR0051,(點),101.9475625
1992-04,34,領先指標不含趨勢指數,SR0051,(點),101.7869726
1992-05,34,領先指標不含趨勢指數,SR0051,(點),101.4989747
1992-06,34,領先指標不含趨勢指數,SR0051,(點),101.0044478
1992-07,34,領先指標不含趨勢指數,SR0051,(點),100.2560817
1992-08,34,領先指標不含趨勢指數,SR0051,(點),99.32360251
1992-09,34,領先指標不含趨勢指數,SR0051,(點),98.43658692
1992-10,34,領先指標不含趨勢指數,SR0051,(點),97.75626327
1992-11,34,領先指標不含趨勢指數,SR0051,(點),97.22737761
1992-12,34,領先指標不含趨勢指數,SR0051,(點),96.83653641
1993-01,34,領先指標不含趨勢指數,SR0051,(點),96.72686805
1993-02,34,領先指標不含趨勢指數,SR0051,(點),97.0116084
1993-03,34,領先指標不含趨勢指數,SR0051,(點),97.49279748
1993-04,34,領先指標不含趨勢指數,SR0051,(點),98.01731133
1993-05,34,領先指標不含趨勢指數,SR0051,(點),98.34588914
1993-06,34,領先指標不含趨勢指數,SR0051,(點),98.49503892
1993-07,34,領先指標不含趨勢指數,SR0051,(點),98.58109197
1993-08,34,領先指標不含趨勢指數,SR0051,(點),98.70808634
1993-09,34,領先指標不含趨勢指數,SR0051,(點),98.88343093
1993-10,34,領先指標不含趨勢指數,SR0051,(點),99.14087103
1993-11,34,領先指標不含趨勢指數,SR0051,(點),99.53138721
1993-12,34,領先指標不含趨勢指數,SR0051,(點),100.0467127
1994-01,34,領先指標不含趨勢指數,SR0051,(點),100.5397428
1994-02,34,領先指標不含趨勢指數,SR0051,(點),100.9296873
1994-03,34,領先指標不含趨勢指數,SR0051,(點),101.3072602
1994-04,34,領先指標不含趨勢指數,SR0051,(點),101.8203131
1994-05,34,領先指標不含趨勢指數,SR0051,(點),102.5817515
1994-06,34,領先指標不含趨勢指數,SR0051,(點),103.5740243
1994-07,34,領先指標不含趨勢指數,SR0051,(點),104.6488621
1994-08,34,領先指標不含趨勢指數,SR0051,(點),105.6137786
1994-09,34,領先指標不含趨勢指數,SR0051,(點),106.3255835
1994-10,34,領先指標不含趨勢指數,SR0051,(點),106.6129863
1994-11,34,領先指標不含趨勢指數,SR0051,(點),106.3266061
1994-12,34,領先指標不含趨勢指數,SR0051,(點),105.5538452
1995-01,34,領先指標不含趨勢指數,SR0051,(點),104.438171
1995-02,34,領先指標不含趨勢指數,SR0051,(點),103.2492973
1995-03,34,領先指標不含趨勢指數,SR0051,(點),102.0093476
1995-04,34,領先指標不含趨勢指數,SR0051,(點),100.7540449
1995-05,34,領先指標不含趨勢指數,SR0051,(點),99.54872546
1995-06,34,領先指標不含趨勢指數,SR0051,(點),98.33633305
1995-07,34,領先指標不含趨勢指數,SR0051,(點),97.00986072
1995-08,34,領先指標不含趨勢指數,SR0051,(點),95.59183943
1995-09,34,領先指標不含趨勢指數,SR0051,(點),93.99448619
1995-10,34,領先指標不含趨勢指數,SR0051,(點),92.29481593
1995-11,34,領先指標不含趨勢指數,SR0051,(點),90.69846184
1995-12,34,領先指標不含趨勢指數,SR0051,(點),89.39911311
1996-01,34,領先指標不含趨勢指數,SR0051,(點),88.54426308
1996-02,34,領先指標不含趨勢指數,SR0051,(點),88.32760729
1996-03,34,領先指標不含趨勢指數,SR0051,(點),88.83580393
1996-04,34,領先指標不含趨勢指數,SR0051,(點),89.89081957
1996-05,34,領先指標不含趨勢指數,SR0051,(點),91.30345635
1996-06,34,領先指標不含趨勢指數,SR0051,(點),92.83851498
1996-07,34,領先指標不含趨勢指數,SR0051,(點),94.3139585
1996-08,34,領先指標不含趨勢指數,SR0051,(點),95.63625203
1996-09,34,領先指標不含趨勢指數,SR0051,(點),96.85696086
1996-10,34,領先指標不含趨勢指數,SR0051,(點),97.98084999
1996-11,34,領先指標不含趨勢指數,SR0051,(點),99.04831285
1996-12,34,領先指標不含趨勢指數,SR0051,(點),100.1814147
1997-01,34,領先指標不含趨勢指數,SR0051,(點),101.4283798
1997-02,34,領先指標不含趨勢指數,SR0051,(點),102.8099543
1997-03,34,領先指標不含趨勢指數,SR0051,(點),104.0801937
1997-04,34,領先指標不含趨勢指數,SR0051,(點),104.9598511
1997-05,34,領先指標不含趨勢指數,SR0051,(點),105.4836131
1997-06,34,領先指標不含趨勢指數,SR0051,(點),105.7419622
1997-07,34,領先指標不含趨勢指數,SR0051,(點),105.7921242
1997-08,34,領先指標不含趨勢指數,SR0051,(點),105.5890873
1997-09,34,領先指標不含趨勢指數,SR0051,(點),105.0503992
1997-10,34,領先指標不含趨勢指數,SR0051,(點),104.1115711
1997-11,34,領先指標不含趨勢指數,SR0051,(點),102.8867995
1997-12,34,領先指標不含趨勢指數,SR0051,(點),101.4724173
1998-01,34,領先指標不含趨勢指數,SR0051,(點),99.8883983
1998-02,34,領先指標不含趨勢指數,SR0051,(點),98.23211406
1998-03,34,領先指標不含趨勢指數,SR0051,(點),96.53436806
1998-04,34,領先指標不含趨勢指數,SR0051,(點),94.8468217
1998-05,34,領先指標不含趨勢指數,SR0051,(點),93.26511282
1998-06,34,領先指標不含趨勢指數,SR0051,(點),92.03721866
1998-07,34,領先指標不含趨勢指數,SR0051,(點),91.35669913
1998-08,34,領先指標不含趨勢指數,SR0051,(點),91.16824958
1998-09,34,領先指標不含趨勢指數,SR0051,(點),91.38753932
1998-10,34,領先指標不含趨勢指數,SR0051,(點),91.93525901
1998-11,34,領先指標不含趨勢指數,SR0051,(點),92.93597778
1998-12,34,領先指標不含趨勢指數,SR0051,(點),94.45698552
1999-01,34,領先指標不含趨勢指數,SR0051,(點),96.43755369
1999-02,34,領先指標不含趨勢指數,SR0051,(點),98.52629274
1999-03,34,領先指標不含趨勢指數,SR0051,(點),100.5518816
1999-04,34,領先指標不含趨勢指數,SR0051,(點),102.3138689
1999-05,34,領先指標不含趨勢指數,SR0051,(點),103.7785367
1999-06,34,領先指標不含趨勢指數,SR0051,(點),104.8129692
1999-07,34,領先指標不含趨勢指數,SR0051,(點),105.4464039
1999-08,34,領先指標不含趨勢指數,SR0051,(點),105.8953238
1999-09,34,領先指標不含趨勢指數,SR0051,(點),106.3649546
1999-10,34,領先指標不含趨勢指數,SR0051,(點),106.9922144
1999-11,34,領先指標不含趨勢指數,SR0051,(點),107.7514273
1999-12,34,領先指標不含趨勢指數,SR0051,(點),108.5426831
2000-01,34,領先指標不含趨勢指數,SR0051,(點),109.3051837
2000-02,34,領先指標不含趨勢指數,SR0051,(點),110.0227843
2000-03,34,領先指標不含趨勢指數,SR0051,(點),110.1147745
2000-04,34,領先指標不含趨勢指數,SR0051,(點),109.4744785
2000-05,34,領先指標不含趨勢指數,SR0051,(點),108.2213841
2000-06,34,領先指標不含趨勢指數,SR0051,(點),106.5528838
2000-07,34,領先指標不含趨勢指數,SR0051,(點),104.6416656
2000-08,34,領先指標不含趨勢指數,SR0051,(點),102.6141307
2000-09,34,領先指標不含趨勢指數,SR0051,(點),100.5200734
2000-10,34,領先指標不含趨勢指數,SR0051,(點),98.51795505
2000-11,34,領先指標不含趨勢指數,SR0051,(點),96.79296207
2000-12,34,領先指標不含趨勢指數,SR0051,(點),95.4271972
2001-01,34,領先指標不含趨勢指數,SR0051,(點),94.3415433
2001-02,34,領先指標不含趨勢指數,SR0051,(點),93.19582918
2001-03,34,領先指標不含趨勢指數,SR0051,(點),91.87814755
2001-04,34,領先指標不含趨勢指數,SR0051,(點),90.47788615
2001-05,34,領先指標不含趨勢指數,SR0051,(點),89.16065576
2001-06,34,領先指標不含趨勢指數,SR0051,(點),88.11032376
2001-07,34,領先指標不含趨勢指數,SR0051,(點),87.61915056
2001-08,34,領先指標不含趨勢指數,SR0051,(點),87.85193798
2001-09,34,領先指標不含趨勢指數,SR0051,(點),88.85465771
2001-10,34,領先指標不含趨勢指數,SR0051,(點),90.65433205
2001-11,34,領先指標不含趨勢指數,SR0051,(點),93.07680712
2001-12,34,領先指標不含趨勢指數,SR0051,(點),95.75209571
2002-01,34,領先指標不含趨勢指數,SR0051,(點),98.26165421
2002-02,34,領先指標不含趨勢指數,SR0051,(點),100.3430123
2002-03,34,領先指標不含趨勢指數,SR0051,(點),101.8120129
2002-04,34,領先指標不含趨勢指數,SR0051,(點),102.5946768
2002-05,34,領先指標不含趨勢指數,SR0051,(點),102.7038646
2002-06,34,領先指標不含趨勢指數,SR0051,(點),102.2638657
2002-07,34,領先指標不含趨勢指數,SR0051,(點),101.5036668
2002-08,34,領先指標不含趨勢指數,SR0051,(點),100.5682322
2002-09,34,領先指標不含趨勢指數,SR0051,(點),99.62516774
2002-10,34,領先指標不含趨勢指數,SR0051,(點),98.70290725
2002-11,34,領先指標不含趨勢指數,SR0051,(點),97.82018678
2002-12,34,領先指標不含趨勢指數,SR0051,(點),97.00991341
2003-01,34,領先指標不含趨勢指數,SR0051,(點),96.2409014
2003-02,34,領先指標不含趨勢指數,SR0051,(點),95.55916083
2003-03,34,領先指標不含趨勢指數,SR0051,(點),95.14595389
2003-04,34,領先指標不含趨勢指數,SR0051,(點),95.20433406
2003-05,34,領先指標不含趨勢指數,SR0051,(點),96.04872455
2003-06,34,領先指標不含趨勢指數,SR0051,(點),97.5997855
2003-07,34,領先指標不含趨勢指數,SR0051,(點),99.55889962
2003-08,34,領先指標不含趨勢指數,SR0051,(點),101.5252689
2003-09,34,領先指標不含趨勢指數,SR0051,(點),103.2135503
2003-10,34,領先指標不含趨勢指數,SR0051,(點),104.4562832
2003-11,34,領先指標不含趨勢指數,SR0051,(點),105.2923551
2003-12,34,領先指標不含趨勢指數,SR0051,(點),105.907181
2004-01,34,領先指標不含趨勢指數,SR0051,(點),106.4383833
2004-02,34,領先指標不含趨勢指數,SR0051,(點),106.6840883
2004-03,34,領先指標不含趨勢指數,SR0051,(點),106.5487247
2004-04,34,領先指標不含趨勢指數,SR0051,(點),106.0880635
2004-05,34,領先指標不含趨勢指數,SR0051,(點),105.4000488
2004-06,34,領先指標不含趨勢指數,SR0051,(點),104.5614982
2004-07,34,領先指標不含趨勢指數,SR0051,(點),103.6310474
2004-08,34,領先指標不含趨勢指數,SR0051,(點),102.663453
2004-09,34,領先指標不含趨勢指數,SR0051,(點),101.7626891
2004-10,34,領先指標不含趨勢指數,SR0051,(點),100.9131737
2004-11,34,領先指標不含趨勢指數,SR0051,(點),100.1106777
2004-12,34,領先指標不含趨勢指數,SR0051,(點),99.39631641
2005-01,34,領先指標不含趨勢指數,SR0051,(點),98.78518461
2005-02,34,領先指標不含趨勢指數,SR0051,(點),98.32087741
2005-03,34,領先指標不含趨勢指數,SR0051,(點),98.11019571
2005-04,34,領先指標不含趨勢指數,SR0051,(點),98.11987667
2005-05,34,領先指標不含趨勢指數,SR0051,(點),98.37404677
2005-06,34,領先指標不含趨勢指數,SR0051,(點),98.8399167
2005-07,34,領先指標不含趨勢指數,SR0051,(點),99.40293408
2005-08,34,領先指標不含趨勢指數,SR0051,(點),99.88322127
2005-09,34,領先指標不含趨勢指數,SR0051,(點),100.1423179
2005-10,34,領先指標不含趨勢指數,SR0051,(點),100.1612523
2005-11,34,領先指標不含趨勢指數,SR0051,(點),100.0822581
2005-12,34,領先指標不含趨勢指數,SR0051,(點),99.98929686
2006-01,34,領先指標不含趨勢指數,SR0051,(點),100.0286991
2006-02,34,領先指標不含趨勢指數,SR0051,(點),100.266595
2006-03,34,領先指標不含趨勢指數,SR0051,(點),100.4709369
2006-04,34,領先指標不含趨勢指數,SR0051,(點),100.6478752
2006-05,34,領先指標不含趨勢指數,SR0051,(點),100.8369865
2006-06,34,領先指標不含趨勢指數,SR0051,(點),101.0482433
2006-07,34,領先指標不含趨勢指數,SR0051,(點),101.2592019
2006-08,34,領先指標不含趨勢指數,SR0051,(點),101.4207473
2006-09,34,領先指標不含趨勢指數,SR0051,(點),101.5771433
2006-10,34,領先指標不含趨勢指數,SR0051,(點),101.6653669
2006-11,34,領先指標不含趨勢指數,SR0051,(點),101.7683896
2006-12,34,領先指標不含趨勢指數,SR0051,(點),101.9441201
2007-01,34,領先指標不含趨勢指數,SR0051,(點),102.2576873
2007-02,34,領先指標不含趨勢指數,SR0051,(點),102.7501683
2007-03,34,領先指標不含趨勢指數,SR0051,(點),103.425014
2007-04,34,領先指標不含趨勢指數,SR0051,(點),104.2941646
2007-05,34,領先指標不含趨勢指數,SR0051,(點),105.2503505
2007-06,34,領先指標不含趨勢指數,SR0051,(點),106.1425948
2007-07,34,領先指標不含趨勢指數,SR0051,(點),106.8465326
2007-08,34,領先指標不含趨勢指數,SR0051,(點),107.2186027
2007-09,34,領先指標不含趨勢指數,SR0051,(點),107.247244
2007-10,34,領先指標不含趨勢指數,SR0051,(點),106.9776107
2007-11,34,領先指標不含趨勢指數,SR0051,(點),106.4488926
2007-12,34,領先指標不含趨勢指數,SR0051,(點),105.7889392
2008-01,34,領先指標不含趨勢指數,SR0051,(點),105.1505731
2008-02,34,領先指標不含趨勢指數,SR0051,(點),104.6012292
2008-03,34,領先指標不含趨勢指數,SR0051,(點),104.0518345
2008-04,34,領先指標不含趨勢指數,SR0051,(點),103.2488662
2008-05,34,領先指標不含趨勢指數,SR0051,(點),101.9277775
2008-06,34,領先指標不含趨勢指數,SR0051,(點),99.92452514
2008-07,34,領先指標不含趨勢指數,SR0051,(點),97.20773085
2008-08,34,領先指標不含趨勢指數,SR0051,(點),93.88051855
2008-09,34,領先指標不含趨勢指數,SR0051,(點),90.09050257
2008-10,34,領先指標不含趨勢指數,SR0051,(點),86.30504017
2008-11,34,領先指標不含趨勢指數,SR0051,(點),83.27501354
2008-12,34,領先指標不含趨勢指數,SR0051,(點),81.70320356
2009-01,34,領先指標不含趨勢指數,SR0051,(點),82.05186899
2009-02,34,領先指標不含趨勢指數,SR0051,(點),83.98106918
2009-03,34,領先指標不含趨勢指數,SR0051,(點),86.96131283
2009-04,34,領先指標不含趨勢指數,SR0051,(點),90.39217239
2009-05,34,領先指標不含趨勢指數,SR0051,(點),93.80963646
2009-06,34,領先指標不含趨勢指數,SR0051,(點),96.93699811
2009-07,34,領先指標不含趨勢指數,SR0051,(點),99.61511459
2009-08,34,領先指標不含趨勢指數,SR0051,(點),101.8422182
2009-09,34,領先指標不含趨勢指數,SR0051,(點),103.582209
2009-10,34,領先指標不含趨勢指數,SR0051,(點),104.9002994
2009-11,34,領先指標不含趨勢指數,SR0051,(點),105.8314177
2009-12,34,領先指標不含趨勢指數,SR0051,(點),106.3691395
2010-01,34,領先指標不含趨勢指數,SR0051,(點),106.544856
2010-02,34,領先指標不含趨勢指數,SR0051,(點),106.5044344
2010-03,34,領先指標不含趨勢指數,SR0051,(點),106.3660067
2010-04,34,領先指標不含趨勢指數,SR0051,(點),106.1198286
2010-05,34,領先指標不含趨勢指數,SR0051,(點),105.7934291
2010-06,34,領先指標不含趨勢指數,SR0051,(點),105.4927702
2010-07,34,領先指標不含趨勢指數,SR0051,(點),105.3552425
2010-08,34,領先指標不含趨勢指數,SR0051,(點),105.4229811
2010-09,34,領先指標不含趨勢指數,SR0051,(點),105.655669
2010-10,34,領先指標不含趨勢指數,SR0051,(點),105.9018591
2010-11,34,領先指標不含趨勢指數,SR0051,(點),106.1397672
2010-12,34,領先指標不含趨勢指數,SR0051,(點),106.2576593
2011-01,34,領先指標不含趨勢指數,SR0051,(點),106.1911665
2011-02,34,領先指標不含趨勢指數,SR0051,(點),105.9326934
2011-03,34,領先指標不含趨勢指數,SR0051,(點),105.4247606
2011-04,34,領先指標不含趨勢指數,SR0051,(點),104.6641502
2011-05,34,領先指標不含趨勢指數,SR0051,(點),103.7409551
2011-06,34,領先指標不含趨勢指數,SR0051,(點),102.663593
2011-07,34,領先指標不含趨勢指數,SR0051,(點),101.4480568
2011-08,34,領先指標不含趨勢指數,SR0051,(點),100.1320357
2011-09,34,領先指標不含趨勢指數,SR0051,(點),98.88897441
2011-10,34,領先指標不含趨勢指數,SR0051,(點),97.96289898
2011-11,34,領先指標不含趨勢指數,SR0051,(點),97.55459778
2011-12,34,領先指標不含趨勢指數,SR0051,(點),97.72316369
2012-01,34,領先指標不含趨勢指數,SR0051,(點),98.37139372
2012-02,34,領先指標不含趨勢指數,SR0051,(點),98.94461375
2012-03,34,領先指標不含趨勢指數,SR0051,(點),99.19823926
2012-04,34,領先指標不含趨勢指數,SR0051,(點),99.1518589
2012-05,34,領先指標不含趨勢指數,SR0051,(點),98.88618645
2012-06,34,領先指標不含趨勢指數,SR0051,(點),98.52044652
2012-07,34,領先指標不含趨勢指數,SR0051,(點),98.12803188
2012-08,34,領先指標不含趨勢指數,SR0051,(點),97.7838683
2012-09,34,領先指標不含趨勢指數,SR0051,(點),97.60588424
2012-10,34,領先指標不含趨勢指數,SR0051,(點),97.62589817
2012-11,34,領先指標不含趨勢指數,SR0051,(點),97.94052437
2012-12,34,領先指標不含趨勢指數,SR0051,(點),98.51404834
2013-01,34,領先指標不含趨勢指數,SR0051,(點),99.2211983
2013-02,34,領先指標不含趨勢指數,SR0051,(點),99.96298156
2013-03,34,領先指標不含趨勢指數,SR0051,(點),100.6170979
2013-04,34,領先指標不含趨勢指數,SR0051,(點),101.0788052
2013-05,34,領先指標不含趨勢指數,SR0051,(點),101.2947567
2013-06,34,領先指標不含趨勢指數,SR0051,(點),101.3212994
2013-07,34,領先指標不含趨勢指數,SR0051,(點),101.2510251
2013-08,34,領先指標不含趨勢指數,SR0051,(點),101.1534072
2013-09,34,領先指標不含趨勢指數,SR0051,(點),101.2148417
2013-10,34,領先指標不含趨勢指數,SR0051,(點),101.521494
2013-11,34,領先指標不含趨勢指數,SR0051,(點),102.0523436
2013-12,34,領先指標不含趨勢指數,SR0051,(點),102.7508831
2014-01,34,領先指標不含趨勢指數,SR0051,(點),103.5387887
2014-02,34,領先指標不含趨勢指數,SR0051,(點),104.1480864
2014-03,34,領先指標不含趨勢指數,SR0051,(點),104.5121951
2014-04,34,領先指標不含趨勢指數,SR0051,(點),104.6195022
2014-05,34,領先指標不含趨勢指數,SR0051,(點),104.4666001
2014-06,34,領先指標不含趨勢指數,SR0051,(點),104.0961668
2014-07,34,領先指標不含趨勢指數,SR0051,(點),103.6313315
2014-08,34,領先指標不含趨勢指數,SR0051,(點),103.0467201
2014-09,34,領先指標不含趨勢指數,SR0051,(點),102.4238671
2014-10,34,領先指標不含趨勢指數,SR0051,(點),101.8999007
2014-11,34,領先指標不含趨勢指數,SR0051,(點),101.5808581
2014-12,34,領先指標不含趨勢指數,SR0051,(點),101.4480015
2015-01,34,領先指標不含趨勢指數,SR0051,(點),101.3822835
2015-02,34,領先指標不含趨勢指數,SR0051,(點),101.2757042
2015-03,34,領先指標不含趨勢指數,SR0051,(點),101.052846
2015-04,34,領先指標不含趨勢指數,SR0051,(點),100.7568822
2015-05,34,領先指標不含趨勢指數,SR0051,(點),100.4217338
2015-06,34,領先指標不含趨勢指數,SR0051,(點),100.0513424
2015-07,34,領先指標不含趨勢指數,SR0051,(點),99.61363939
2015-08,34,領先指標不含趨勢指數,SR0051,(點),99.18042281
2015-09,34,領先指標不含趨勢指數,SR0051,(點),98.80550136
2015-10,34,領先指標不含趨勢指數,SR0051,(點),98.54447457
2015-11,34,領先指標不含趨勢指數,SR0051,(點),98.38307209
2015-12,34,領先指標不含趨勢指數,SR0051,(點),98.34959817
2016-01,34,領先指標不含趨勢指數,SR0051,(點),98.42556966
2016-02,34,領先指標不含趨勢指數,SR0051,(點),98.59472739
2016-03,34,領先指標不含趨勢指數,SR0051,(點),98.83086753
2016-04,34,領先指標不含趨勢指數,SR0051,(點),99.091767
2016-05,34,領先指標不含趨勢指數,SR0051,(點),99.42349224
2016-06,34,領先指標不含趨勢指數,SR0051,(點),99.80831528
2016-07,34,領先指標不含趨勢指數,SR0051,(點),100.2339397
2016-08,34,領先指標不含趨勢指數,SR0051,(點),100.6652425
2016-09,34,領先指標不含趨勢指數,SR0051,(點),101.0754103
2016-10,34,領先指標不含趨勢指數,SR0051,(點),101.412169
2016-11,34,領先指標不含趨勢指數,SR0051,(點),101.636059
2016-12,34,領先指標不含趨勢指數,SR0051,(點),101.8028665
2017-01,34,領先指標不含趨勢指數,SR0051,(點),101.9582551
2017-02,34,領先指標不含趨勢指數,SR0051,(點),102.0427473
2017-03,34,領先指標不含趨勢指數,SR0051,(點),102.0749737
2017-04,34,領先指標不含趨勢指數,SR0051,(點),102.0367304
2017-05,34,領先指標不含趨勢指數,SR0051,(點),102.0064124
2017-06,34,領先指標不含趨勢指數,SR0051,(點),101.9934435
2017-07,34,領先指標不含趨勢指數,SR0051,(點),101.9634379
2017-08,34,領先指標不含趨勢指數,SR0051,(點),101.9227378
2017-09,34,領先指標不含趨勢指數,SR0051,(點),101.8678131
2017-10,34,領先指標不含趨勢指數,SR0051,(點),101.8427573
2017-11,34,領先指標不含趨勢指數,SR0051,(點),101.8197384
2017-12,34,領先指標不含趨勢指數,SR0051,(點),101.7430513
2018-01,34,領先指標不含趨勢指數,SR0051,(點),101.6130943
2018-02,34,領先指標不含趨勢指數,SR0051,(點),101.5511633
2018-03,34,領先指標不含趨勢指數,SR0051,(點),101.6101276
2018-04,34,領先指標不含趨勢指數,SR0051,(點),101.7543299
2018-05,34,領先指標不含趨勢指數,SR0051,(點),101.8189033
2018-06,34,領先指標不含趨勢指數,SR0051,(點),101.6682079
2018-07,34,領先指標不含趨勢指數,SR0051,(點),101.3010384
2018-08,34,領先指標不含趨勢指數,SR0051,(點),100.7351943
2018-09,34,領先指標不含趨勢指數,SR0051,(點),100.0576167
2018-10,34,領先指標不含趨勢指數,SR0051,(點),99.37542658
2018-11,34,領先指標不含趨勢指數,SR0051,(點),98.89037293
2018-12,34,領先指標不含趨勢指數,SR0051,(點),98.72742108
2019-01,34,領先指標不含趨勢指數,SR0051,(點),98.94734174
2019-02,34,領先指標不含趨勢指數,SR0051,(點),99.48573993
2019-03,34,領先指標不含趨勢指數,SR0051,(點),100.0591147
2019-04,34,領先指標不含趨勢指數,SR0051,(點),100.4685337
2019-05,34,領先指標不含趨勢指數,SR0051,(點),100.6550069
2019-06,34,領先指標不含趨勢指數,SR0051,(點),100.6776569
2019-07,34,領先指標不含趨勢指數,SR0051,(點),100.5794785
2019-08,34,領先指標不含趨勢指數,SR0051,(點),100.417421
2019-09,34,領先指標不含趨勢指數,SR0051,(點),100.1917297
2019-10,34,領先指標不含趨勢指數,SR0051,(點),99.78637922
2019-11,34,領先指標不含趨勢指數,SR0051,(點),99.13915029
2019-12,34,領先指標不含趨勢指數,SR0051,(點),98.19539509
2020-01,34,領先指標不含趨勢指數,SR0051,(點),97.05126141
2020-02,34,領先指標不含趨勢指數,SR0051,(點),95.92430972
2020-03,34,領先指標不含趨勢指數,SR0051,(點),95.1717074
2020-04,34,領先指標不含趨勢指數,SR0051,(點),95.27146935
2020-05,34,領先指標不含趨勢指數,SR0051,(點),96.25180918
2020-06,34,領先指標不含趨勢指數,SR0051,(點),97.79439095
2020-07,34,領先指標不含趨勢指數,SR0051,(點),99.50952447
2020-08,34,領先指標不含趨勢指數,SR0051,(點),101.1758352
2020-09,34,領先指標不含趨勢指數,SR0051,(點),102.612802
2020-10,34,領先指標不含趨勢指數,SR0051,(點),103.7298842
2020-11,34,領先指標不含趨勢指數,SR0051,(點),104.4408261
2020-12,34,領先指標不含趨勢指數,SR0051,(點),104.7145876
2021-01,34,領先指標不含趨勢指數,SR0051,(點),104.643579
2021-02,34,領先指標不含趨勢指數,SR0051,(點),104.3565528
2021-03,34,領先指標不含趨勢指數,SR0051,(點),103.9155854
2021-04,34,領先指標不含趨勢指數,SR0051,(點),103.4268411
2021-05,34,領先指標不含趨勢指數,SR0051,(點),103.0550842
2021-06,34,領先指標不含趨勢指數,SR0051,(點),103.100558
2021-07,34,領先指標不含趨勢指數,SR0051,(點),103.6801042
2021-08,34,領先指標不含趨勢指數,SR0051,(點),104.4452919
2021-09,34,領先指標不含趨勢指數,SR0051,(點),105.1337932
2021-10,34,領先指標不含趨勢指數,SR0051,(點),105.5706942
2021-11,34,領先指標不含趨勢指數,SR0051,(點),105.57306
2021-12,34,領先指標不含趨勢指數,SR0051,(點),105.2496722
2022-01,34,領先指標不含趨勢指數,SR0051,(點),104.7287881
2022-02,34,領先指標不含趨勢指數,SR0051,(點),104.1165108
2022-03,34,領先指標不含趨勢指數,SR0051,(點),103.4416336
2022-04,34,領先指標不含趨勢指數,SR0051,(點),102.5874721
2022-05,34,領先指標不含趨勢指數,SR0051,(點),101.5827182
2022-06,34,領先指標不含趨勢指數,SR0051,(點),100.578765
2022-07,34,領先指標不含趨勢指數,SR0051,(點),99.76715135
2022-08,34,領先指標不含趨勢指數,SR0051,(點),99.20531608
2022-09,34,領先指標不含趨勢指數,SR0051,(點),98.86127018
2022-10,34,領先指標不含趨勢指數,SR0051,(點),98.77695607
2022-11,34,領先指標不含趨勢指數,SR0051,(點),98.98687349
2022-12,34,領先指標不含趨勢指數,SR0051,(點),99.41970902
2023-01,34,領先指標不含趨勢指數,SR0051,(點),99.96552899
2023-02,34,領先指標不含趨勢指數,SR0051,(點),100.2842443
2023-03,34,領先指標不含趨勢指數,SR0051,(點),100.276593
2023-04,34,領先指標不含趨勢指數,SR0051,(點),100.013834
2023-05,34,領先指標不含趨勢指數,SR0051,(點),99.64228808
2023-06,34,領先指標不含趨勢指數,SR0051,(點),99.27808978
2023-07,34,領先指標不含趨勢指數,SR0051,(點),98.96888053
2023-08,34,領先指標不含趨勢指數,SR0051,(點),98.6747826
2023-09,34,領先指標不含趨勢指數,SR0051,(點),98.4678858
2023-10,34,領先指標不含趨勢指數,SR0051,(點),98.48531472
2023-11,34,領先指標不含趨勢指數,SR0051,(點),98.72295896
2023-12,34,領先指標不含趨勢指數,SR0051,(點),99.11468965
2024-01,34,領先指標不含趨勢指數,SR0051,(點),99.56384555
2024-02,34,領先指標不含趨勢指數,SR0051,(點),100.0526597
2024-03,34,領先指標不含趨勢指數,SR0051,(點),100.6094208
2024-04,34,領先指標不含趨勢指數,SR0051,(點),101.2297735
2024-05,34,領先指標不含趨勢指數,SR0051,(點),101.8046475
2024-06,34,領先指標不含趨勢指數,SR0051,(點),102.2026823
2024-07,34,領先指標不含趨勢指數,SR0051,(點),102.3607645
2024-08,34,領先指標不含趨勢指數,SR0051,(點),102.2090603
2024-09,34,領先指標不含趨勢指數,SR0051,(點),101.9281664
2024-10,34,領先指標不含趨勢指數,SR0051,(點),101.6269285
2024-11,34,領先指標不含趨勢指數,SR0051,(點),101.4036649
2024-12,34,領先指標不含趨勢指數,SR0051,(點),101.2042665
2025-01,34,領先指標不含趨勢指數,SR0051,(點),100.9941343
2025-02,34,領先指標不含趨勢指數,SR0051,(點),100.5321321
2025-03,34,領先指標不含趨勢指數,SR0051,(點),99.86352036
2025-04,34,領先指標不含趨勢指數,SR0051,(點),99.25041331
2025-05,34,領先指標不含趨勢指數,SR0051,(點),98.81964682
2025-06,34,領先指標不含趨勢指數,SR0051,(點),98.57458998
2025-07,34,領先指標不含趨勢指數,SR0051,(點),98.55328041
2025-08,34,領先指標不含趨勢指數,SR0051,(點),98.78889874
2025-09,34,領先指標不含趨勢指數,SR0051,(點),99.20435643
2025-10,34,領先指標不含趨勢指數,SR0051,(點),99.73076765
2025-11,34,領先指標不含趨勢指數,SR0051,(點),100.2764482
2025-12,34,領先指標不含趨勢指數,SR0051,(點),100.7756578
2026-01,34,領先指標不含趨勢指數,SR0051,(點),101.1443536
2026-02,34,領先指標不含趨勢指數,SR0051,(點),101.3946378
2026-03,34,領先指標不含趨勢指數,SR0051,(點),101.8232329
2026-04,34,領先指標不含趨勢指數,SR0051,(點),102.4610898
2026-05,34,領先指標不含趨勢指數,SR0051,(點),103.154218
2026-06,34,領先指標不含趨勢指數,SR0051,(點),103.8879886
2026-07,34,領先指標不含趨勢指數,SR0051,(點),104.6337283
1982-01,33,領先指標綜合指數,SR0001,(點),12.32815587
1982-02,33,領先指標綜合指數,SR0001,(點),12.3814322
1982-03,33,領先指標綜合指數,SR0001,(點),12.42082113
1982-04,33,領先指標綜合指數,SR0001,(點),12.41532257
1982-05,33,領先指標綜合指數,SR0001,(點),12.37670747
1982-06,33,領先指標綜合指數,SR0001,(點),12.3223557
1982-07,33,領先指標綜合指數,SR0001,(點),12.26001926
1982-08,33,領先指標綜合指數,SR0001,(點),12.22401261
1982-09,33,領先指標綜合指數,SR0001,(點),12.23489624
1982-10,33,領先指標綜合指數,SR0001,(點),12.31835939
1982-11,33,領先指標綜合指數,SR0001,(點),12.50856861
1982-12,33,領先指標綜合指數,SR0001,(點),12.81511553
1983-01,33,領先指標綜合指數,SR0001,(點),13.22153092
1983-02,33,領先指標綜合指數,SR0001,(點),13.6645092
1983-03,33,領先指標綜合指數,SR0001,(點),14.11084418
1983-04,33,領先指標綜合指數,SR0001,(點),14.55152515
1983-05,33,領先指標綜合指數,SR0001,(點),14.91450741
1983-06,33,領先指標綜合指數,SR0001,(點),15.1376846
1983-07,33,領先指標綜合指數,SR0001,(點),15.21520628
1983-08,33,領先指標綜合指數,SR0001,(點),15.15386911
1983-09,33,領先指標綜合指數,SR0001,(點),15.17318714
1983-10,33,領先指標綜合指數,SR0001,(點),15.28859163
1983-11,33,領先指標綜合指數,SR0001,(點),15.4484682
1983-12,33,領先指標綜合指數,SR0001,(點),15.63484388
1984-01,33,領先指標綜合指數,SR0001,(點),15.85756542
1984-02,33,領先指標綜合指數,SR0001,(點),16.11384975
1984-03,33,領先指標綜合指數,SR0001,(點),16.33611519
1984-04,33,領先指標綜合指數,SR0001,(點),16.47223597
1984-05,33,領先指標綜合指數,SR0001,(點),16.48480561
1984-06,33,領先指標綜合指數,SR0001,(點),16.38268201
1984-07,33,領先指標綜合指數,SR0001,(點),16.21760399
1984-08,33,領先指標綜合指數,SR0001,(點),16.0382262
1984-09,33,領先指標綜合指數,SR0001,(點),15.89400121
1984-10,33,領先指標綜合指數,SR0001,(點),15.81916588
1984-11,33,領先指標綜合指數,SR0001,(點),15.81432865
1984-12,33,領先指標綜合指數,SR0001,(點),15.86231782
1985-01,33,領先指標綜合指數,SR0001,(點),15.91426419
1985-02,33,領先指標綜合指數,SR0001,(點),15.8591341
1985-03,33,領先指標綜合指數,SR0001,(點),15.71036826
1985-04,33,領先指標綜合指數,SR0001,(點),15.50227708
1985-05,33,領先指標綜合指數,SR0001,(點),15.27409854
1985-06,33,領先指標綜合指數,SR0001,(點),15.08337493
1985-07,33,領先指標綜合指數,SR0001,(點),14.98648683
1985-08,33,領先指標綜合指數,SR0001,(點),15.03535985
1985-09,33,領先指標綜合指數,SR0001,(點),15.2352906
1985-10,33,領先指標綜合指數,SR0001,(點),15.58653769
1985-11,33,領先指標綜合指數,SR0001,(點),16.05446139
1985-12,33,領先指標綜合指數,SR0001,(點),16.59203585
1986-01,33,領先指標綜合指數,SR0001,(點),17.13321608
1986-02,33,領先指標綜合指數,SR0001,(點),17.58377644
1986-03,33,領先指標綜合指數,SR0001,(點),17.89318241
1986-04,33,領先指標綜合指數,SR0001,(點),18.06755571
1986-05,33,領先指標綜合指數,SR0001,(點),18.15026675
1986-06,33,領先指標綜合指數,SR0001,(點),18.19329228
1986-07,33,領先指標綜合指數,SR0001,(點),18.22438401
1986-08,33,領先指標綜合指數,SR0001,(點),18.30659763
1986-09,33,領先指標綜合指數,SR0001,(點),18.46675564
1986-10,33,領先指標綜合指數,SR0001,(點),18.70937858
1986-11,33,領先指標綜合指數,SR0001,(點),19.02054721
1986-12,33,領先指標綜合指數,SR0001,(點),19.35750353
1987-01,33,領先指標綜合指數,SR0001,(點),19.71329159
1987-02,33,領先指標綜合指數,SR0001,(點),20.048317
1987-03,33,領先指標綜合指數,SR0001,(點),20.34669214
1987-04,33,領先指標綜合指數,SR0001,(點),20.61910028
1987-05,33,領先指標綜合指數,SR0001,(點),20.8555989
1987-06,33,領先指標綜合指數,SR0001,(點),21.04793614
1987-07,33,領先指標綜合指數,SR0001,(點),21.17864054
1987-08,33,領先指標綜合指數,SR0001,(點),21.21817063
1987-09,33,領先指標綜合指數,SR0001,(點),21.21606439
1987-10,33,領先指標綜合指數,SR0001,(點),21.18504645
1987-11,33,領先指標綜合指數,SR0001,(點),21.16073189
1987-12,33,領先指標綜合指數,SR0001,(點),21.22204493
1988-01,33,領先指標綜合指數,SR0001,(點),21.3954021
1988-02,33,領先指標綜合指數,SR0001,(點),21.65039115
1988-03,33,領先指標綜合指數,SR0001,(點),21.96373705
1988-04,33,領先指標綜合指數,SR0001,(點),22.32145855
1988-05,33,領先指標綜合指數,SR0001,(點),22.68059646
1988-06,33,領先指標綜合指數,SR0001,(點),22.99580863
1988-07,33,領先指標綜合指數,SR0001,(點),23.23422207
1988-08,33,領先指標綜合指數,SR0001,(點),23.31522333
1988-09,33,領先指標綜合指數,SR0001,(點),23.28936694
1988-10,33,領先指標綜合指數,SR0001,(點),23.21455501
1988-11,33,領先指標綜合指數,SR0001,(點),23.14755951
1988-12,33,領先指標綜合指數,SR0001,(點),23.07672051
1989-01,33,領先指標綜合指數,SR0001,(點),23.0328384
1989-02,33,領先指標綜合指數,SR0001,(點),23.02884558
1989-03,33,領先指標綜合指數,SR0001,(點),23.04610002
1989-04,33,領先指標綜合指數,SR0001,(點),23.07956224
1989-05,33,領先指標綜合指數,SR0001,(點),23.12800824
1989-06,33,領先指標綜合指數,SR0001,(點),23.19667617
1989-07,33,領先指標綜合指數,SR0001,(點),23.24999219
1989-08,33,領先指標綜合指數,SR0001,(點),23.21969282
1989-09,33,領先指標綜合指數,SR0001,(點),23.15138018
1989-10,33,領先指標綜合指數,SR0001,(點),23.09626007
1989-11,33,領先指標綜合指數,SR0001,(點),23.07224044
1989-12,33,領先指標綜合指數,SR0001,(點),23.07983447
1990-01,33,領先指標綜合指數,SR0001,(點),23.09919182
1990-02,33,領先指標綜合指數,SR0001,(點),23.07174839
1990-03,33,領先指標綜合指數,SR0001,(點),22.92477155
1990-04,33,領先指標綜合指數,SR0001,(點),22.64370137
1990-05,33,領先指標綜合指數,SR0001,(點),22.2671349
1990-06,33,領先指標綜合指數,SR0001,(點),21.81526048
1990-07,33,領先指標綜合指數,SR0001,(點),21.33568355
1990-08,33,領先指標綜合指數,SR0001,(點),20.92268861
1990-09,33,領先指標綜合指數,SR0001,(點),20.63344362
1990-10,33,領先指標綜合指數,SR0001,(點),20.51824912
1990-11,33,領先指標綜合指數,SR0001,(點),20.58978546
1990-12,33,領先指標綜合指數,SR0001,(點),20.78731873
1991-01,33,領先指標綜合指數,SR0001,(點),21.09835701
1991-02,33,領先指標綜合指數,SR0001,(點),21.51029526
1991-03,33,領先指標綜合指數,SR0001,(點),22.02421318
1991-04,33,領先指標綜合指數,SR0001,(點),22.59385007
1991-05,33,領先指標綜合指數,SR0001,(點),23.14128196
1991-06,33,領先指標綜合指數,SR0001,(點),23.6346702
1991-07,33,領先指標綜合指數,SR0001,(點),24.0680772
1991-08,33,領先指標綜合指數,SR0001,(點),24.41809651
1991-09,33,領先指標綜合指數,SR0001,(點),24.70431158
1991-10,33,領先指標綜合指數,SR0001,(點),24.91391957
1991-11,33,領先指標綜合指數,SR0001,(點),25.05572767
1991-12,33,領先指標綜合指數,SR0001,(點),25.14913226
1992-01,33,領先指標綜合指數,SR0001,(點),25.22619523
1992-02,33,領先指標綜合指數,SR0001,(點),25.28871322
1992-03,33,領先指標綜合指數,SR0001,(點),25.3464427
1992-04,33,領先指標綜合指數,SR0001,(點),25.39657044
1992-05,33,領先指標綜合指數,SR0001,(點),25.41456193
1992-06,33,領先指標綜合指數,SR0001,(點),25.38031048
1992-07,33,領先指標綜合指數,SR0001,(點),25.28146595
1992-08,33,領先指標綜合指數,SR0001,(點),25.13513319
1992-09,33,領先指標綜合指數,SR0001,(點),24.99925932
1992-10,33,領先指標綜合指數,SR0001,(點),24.91519262
1992-11,33,領先指標綜合指數,SR0001,(點),24.86949126
1992-12,33,領先指標綜合指數,SR0001,(點),24.85925381
1993-01,33,領先指標綜合指數,SR0001,(點),24.92185256
1993-02,33,領先指標綜合指數,SR0001,(點),25.08746946
1993-03,33,領先指標綜合指數,SR0001,(點),25.30595521
1993-04,33,領先指標綜合指數,SR0001,(點),25.53808725
1993-05,33,領先指標綜合指數,SR0001,(點),25.72150936
1993-06,33,領先指標綜合指數,SR0001,(點),25.86003977
1993-07,33,領先指標綜合指數,SR0001,(點),25.98383974
1993-08,33,領先指標綜合指數,SR0001,(點),26.12026611
1993-09,33,領先指標綜合指數,SR0001,(點),26.27141633
1993-10,33,領先指標綜合指數,SR0001,(點),26.4464232
1993-11,33,領先指標綜合指數,SR0001,(點),26.65915674
1993-12,33,領先指標綜合指數,SR0001,(點),26.90774948
1994-01,33,領先指標綜合指數,SR0001,(點),27.15277436
1994-02,33,領先指標綜合指數,SR0001,(點),27.37209645
1994-03,33,領先指標綜合指數,SR0001,(點),27.58988687
1994-04,33,領先指標綜合指數,SR0001,(點),27.8463297
1994-05,33,領先指標綜合指數,SR0001,(點),28.17267768
1994-06,33,領先指標綜合指數,SR0001,(點),28.5647227
1994-07,33,領先指標綜合指數,SR0001,(點),28.98197586
1994-08,33,領先指標綜合指數,SR0001,(點),29.37097153
1994-09,33,領先指標綜合指數,SR0001,(點),29.69113293
1994-10,33,領先指標綜合指數,SR0001,(點),29.89336892
1994-11,33,領先指標綜合指數,SR0001,(點),29.93401388
1994-12,33,領先指標綜合指數,SR0001,(點),29.83571313
1995-01,33,領先指標綜合指數,SR0001,(點),29.63748994
1995-02,33,領先指標綜合指數,SR0001,(點),29.41505161
1995-03,33,領先指標綜合指數,SR0001,(點),29.17455975
1995-04,33,領先指標綜合指數,SR0001,(點),28.92623637
1995-05,33,領先指標綜合指數,SR0001,(點),28.68904614
1995-06,33,領先指標綜合指數,SR0001,(點),28.44687363
1995-07,33,領先指標綜合指數,SR0001,(點),28.16887816
1995-08,33,領先指標綜合指數,SR0001,(點),27.86152107
1995-09,33,領先指標綜合指數,SR0001,(點),27.49908339
1995-10,33,領先指標綜合指數,SR0001,(點),27.10383051
1995-11,33,領先指標綜合指數,SR0001,(點),26.73624086
1995-12,33,領先指標綜合指數,SR0001,(點),26.4541337
1996-01,33,領先指標綜合指數,SR0001,(點),26.30244906
1996-02,33,領先指標綜合指數,SR0001,(點),26.34056681
1996-03,33,領先指標綜合指數,SR0001,(點),26.59673151
1996-04,33,領先指標綜合指數,SR0001,(點),27.02006565
1996-05,33,領先指標綜合指數,SR0001,(點),27.55550033
1996-06,33,領先指標綜合指數,SR0001,(點),28.13312198
1996-07,33,領先指標綜合指數,SR0001,(點),28.6980271
1996-08,33,領先指標綜合指數,SR0001,(點),29.22141755
1996-09,33,領先指標綜合指數,SR0001,(點),29.71850643
1996-10,33,領先指標綜合指數,SR0001,(點),30.19031954
1996-11,33,領先指標綜合指數,SR0001,(點),30.64890738
1996-12,33,領先指標綜合指數,SR0001,(點),31.1318951
1997-01,33,領先指標綜合指數,SR0001,(點),31.65450499
1997-02,33,領先指標綜合指數,SR0001,(點),32.22361162
1997-03,33,領先指標綜合指數,SR0001,(點),32.76226683
1997-04,33,領先指標綜合指數,SR0001,(點),33.18167739
1997-05,33,領先指標綜合指數,SR0001,(點),33.49121197
1997-06,33,領先指標綜合指數,SR0001,(點),33.71822478
1997-07,33,領先指標綜合指數,SR0001,(點),33.87992667
1997-08,33,領先指標綜合指數,SR0001,(點),33.96097748
1997-09,33,領先指標綜合指數,SR0001,(點),33.9337139
1997-10,33,領先指標綜合指數,SR0001,(點),33.77586269
1997-11,33,領先指標綜合指數,SR0001,(點),33.52302985
1997-12,33,領先指標綜合指數,SR0001,(點),33.20563574
1998-01,33,領先指標綜合指數,SR0001,(點),32.82956305
1998-02,33,領先指標綜合指數,SR0001,(點),32.42635824
1998-03,33,領先指標綜合指數,SR0001,(點),32.0060428
1998-04,33,領先指標綜合指數,SR0001,(點),31.58573525
1998-05,33,領先指標綜合指數,SR0001,(點),31.19752644
1998-06,33,領先指標綜合指數,SR0001,(點),30.92521552
1998-07,33,領先指標綜合指數,SR0001,(點),30.8356915
1998-08,33,領先指標綜合指數,SR0001,(點),30.91262244
1998-09,33,領先指標綜合指數,SR0001,(點),31.12942844
1998-10,33,領先指標綜合指數,SR0001,(點),31.46068778
1998-11,33,領先指標綜合指數,SR0001,(點),31.95051968
1998-12,33,領先指標綜合指數,SR0001,(點),32.62398932
1999-01,33,領先指標綜合指數,SR0001,(點),33.46209838
1999-02,33,領先指標綜合指數,SR0001,(點),34.3440509
1999-03,33,領先指標綜合指數,SR0001,(點),35.2097621
1999-04,33,領先指標綜合指數,SR0001,(點),35.9877279
1999-05,33,領先指標綜合指數,SR0001,(點),36.66404057
1999-06,33,領先指標綜合指數,SR0001,(點),37.18937696
1999-07,33,領先指標綜合指數,SR0001,(點),37.57142058
1999-08,33,領先指標綜合指數,SR0001,(點),37.88509426
1999-09,33,領先指標綜合指數,SR0001,(點),38.20259565
1999-10,33,領先指標綜合指數,SR0001,(點),38.57266493
1999-11,33,領先指標綜合指數,SR0001,(點),38.98592343
1999-12,33,領先指標綜合指數,SR0001,(點),39.40587465
2000-01,33,領先指標綜合指數,SR0001,(點),39.80978347
2000-02,33,領先指標綜合指數,SR0001,(點),40.19100639
2000-03,33,領先指標綜合指數,SR0001,(點),40.3361306
2000-04,33,領先指標綜合指數,SR0001,(點),40.20380314
2000-05,33,領先指標綜合指數,SR0001,(點),39.83601295
2000-06,33,領先指標綜合指數,SR0001,(點),39.30439261
2000-07,33,領先指標綜合指數,SR0001,(點),38.67248295
2000-08,33,領先指標綜合指數,SR0001,(點),37.98750599
2000-09,33,領先指標綜合指數,SR0001,(點),37.26884503
2000-10,33,領先指標綜合指數,SR0001,(點),36.57652089
2000-11,33,領先指標綜合指數,SR0001,(點),35.98091173
2000-12,33,領先指標綜合指數,SR0001,(點),35.51439654
2001-01,33,領先指標綜合指數,SR0001,(點),35.14941188
2001-02,33,領先指標綜合指數,SR0001,(點),34.76087347
2001-03,33,領先指標綜合指數,SR0001,(點),34.3083396
2001-04,33,領先指標綜合指數,SR0001,(點),33.82635077
2001-05,33,領先指標綜合指數,SR0001,(點),33.3780081
2001-06,33,領先指標綜合指數,SR0001,(點),33.0334398
2001-07,33,領先指標綜合指數,SR0001,(點),32.90377982
2001-08,33,領先指標綜合指數,SR0001,(點),33.05294904
2001-09,33,領先指標綜合指數,SR0001,(點),33.50067781
2001-10,33,領先指標綜合指數,SR0001,(點),34.25992124
2001-11,33,領先指標綜合指數,SR0001,(點),35.26780406
2001-12,33,領先指標綜合指數,SR0001,(點),36.38660775
2002-01,33,領先指標綜合指數,SR0001,(點),37.45857019
2002-02,33,領先指標綜合指數,SR0001,(點),38.38346081
2002-03,33,領先指標綜合指數,SR0001,(點),39.08940557
2002-04,33,領先指標綜合指數,SR0001,(點),39.54552251
2002-05,33,領先指標綜合指數,SR0001,(點),39.75363365
2002-06,33,領先指標綜合指數,SR0001,(點),39.75853908
2002-07,33,領先指標綜合指數,SR0001,(點),39.64644253
2002-08,33,領先指標綜合指數,SR0001,(點),39.47201313
2002-09,33,領先指標綜合指數,SR0001,(點),39.29984439
2002-10,33,領先指標綜合指數,SR0001,(點),39.14065077
2002-11,33,領先指標綜合指數,SR0001,(點),39.00152813
2002-12,33,領先指標綜合指數,SR0001,(點),38.89543345
2003-01,33,領先指標綜合指數,SR0001,(點),38.80979596
2003-02,33,領先指標綜合指數,SR0001,(點),38.76307911
2003-03,33,領先指標綜合指數,SR0001,(點),38.82938498
2003-04,33,領先指標綜合指數,SR0001,(點),39.09358253
2003-05,33,領先指標綜合指數,SR0001,(點),39.68869187
2003-06,33,領先指標綜合指數,SR0001,(點),40.58737312
2003-07,33,領先指標綜合指數,SR0001,(點),41.66977341
2003-08,33,領先指標綜合指數,SR0001,(點),42.76977662
2003-09,33,領先指標綜合指數,SR0001,(點),43.76574361
2003-10,33,領先指標綜合指數,SR0001,(點),44.58306006
2003-11,33,領先指標綜合指數,SR0001,(點),45.23379079
2003-12,33,領先指標綜合指數,SR0001,(點),45.79375941
2004-01,33,領先指標綜合指數,SR0001,(點),46.32010027
2004-02,33,領先指標綜合指數,SR0001,(點),46.72287947
2004-03,33,領先指標綜合指數,SR0001,(點),46.9568943
2004-04,33,領先指標綜合指數,SR0001,(點),47.04315993
2004-05,33,領先指標綜合指數,SR0001,(點),47.02228844
2004-06,33,領先指標綜合指數,SR0001,(點),46.92663121
2004-07,33,領先指標綜合指數,SR0001,(點),46.78129475
2004-08,33,領先指標綜合指數,SR0001,(點),46.61035982
2004-09,33,領先指標綜合指數,SR0001,(點),46.46103573
2004-10,33,領先指標綜合指數,SR0001,(點),46.32675955
2004-11,33,領先指標綜合指數,SR0001,(點),46.20608032
2004-12,33,領先指標綜合指數,SR0001,(點),46.11855831
2005-01,33,領先指標綜合指數,SR0001,(點),46.0720119
2005-02,33,領先指標綜合指數,SR0001,(點),46.08773872
2005-03,33,領先指標綜合指數,SR0001,(點),46.21717985
2005-04,33,領先指標綜合指數,SR0001,(點),46.44639854
2005-05,33,領先指標綜合指數,SR0001,(點),46.78836721
2005-06,33,領先指標綜合指數,SR0001,(點),47.22898817
2005-07,33,領先指標綜合指數,SR0001,(點),47.71452965
2005-08,33,領先指標綜合指數,SR0001,(點),48.15868412
2005-09,33,領先指標綜合指數,SR0001,(點),48.49362055
2005-10,33,領先指標綜合指數,SR0001,(點),48.70846535
2005-11,33,領先指標綜合指數,SR0001,(點),48.87095631
2005-12,33,領先指標綜合指數,SR0001,(點),49.02145266
2006-01,33,領先指標綜合指數,SR0001,(點),49.23170372
2006-02,33,領先指標綜合指數,SR0001,(點),49.5349588
2006-03,33,領先指標綜合指數,SR0001,(點),49.81708289
2006-04,33,領先指標綜合指數,SR0001,(點),50.08079534
2006-05,33,領先指標綜合指數,SR0001,(點),50.34556323
2006-06,33,領先指標綜合指數,SR0001,(點),50.61628726
2006-07,33,領先指標綜合指數,SR0001,(點),50.88162112
2006-08,33,領先指標綜合指數,SR0001,(點),51.11660758
2006-09,33,領先指標綜合指數,SR0001,(點),51.34317339
2006-10,33,領先指標綜合指數,SR0001,(點),51.52910083
2006-11,33,領先指標綜合指數,SR0001,(點),51.71600082
2006-12,33,領先指標綜合指數,SR0001,(點),51.93313188
2007-01,33,領先指標綜合指數,SR0001,(點),52.21368133
2007-02,33,領先指標綜合指數,SR0001,(點),52.57876341
2007-03,33,領先指標綜合指數,SR0001,(點),53.03028964
2007-04,33,領先指標綜合指數,SR0001,(點),53.57445307
2007-05,33,領先指標綜合指數,SR0001,(點),54.15606636
2007-06,33,領先指標綜合指數,SR0001,(點),54.69701823
2007-07,33,領先指標綜合指數,SR0001,(點),55.1325348
2007-08,33,領先指標綜合指數,SR0001,(點),55.3877738
2007-09,33,領先指標綜合指數,SR0001,(點),55.45612157
2007-10,33,領先指標綜合指數,SR0001,(點),55.36068087
2007-11,33,領先指標綜合指數,SR0001,(點),55.12195413
2007-12,33,領先指標綜合指數,SR0001,(點),54.80684323
2008-01,33,領先指標綜合指數,SR0001,(點),54.49570085
2008-02,33,領先指標綜合指數,SR0001,(點),54.22505334
2008-03,33,領先指標綜合指數,SR0001,(點),53.95061109
2008-04,33,領先指標綜合指數,SR0001,(點),53.54306961
2008-05,33,領先指標綜合指數,SR0001,(點),52.86760497
2008-06,33,領先指標綜合指數,SR0001,(點),51.84160904
2008-07,33,領先指標綜合指數,SR0001,(點),50.45118935
2008-08,33,領先指標綜合指數,SR0001,(點),48.75193078
2008-09,33,領先指標綜合指數,SR0001,(點),46.82204362
2008-10,33,領先指標綜合指數,SR0001,(點),44.90552922
2008-11,33,領先指標綜合指數,SR0001,(點),43.39452843
2008-12,33,領先指標綜合指數,SR0001,(點),42.6584151
2009-01,33,領先指標綜合指數,SR0001,(點),42.94459738
2009-02,33,領先指標綜合指數,SR0001,(點),44.08386108
2009-03,33,領先指標綜合指數,SR0001,(點),45.80727219
2009-04,33,領先指標綜合指數,SR0001,(點),47.80603618
2009-05,33,領先指標綜合指數,SR0001,(點),49.83925435
2009-06,33,領先指標綜合指數,SR0001,(點),51.76115737
2009-07,33,領先指標綜合指數,SR0001,(點),53.48513101
2009-08,33,領先指標綜合指數,SR0001,(點),55.00643602
2009-09,33,領先指標綜合指數,SR0001,(點),56.30044292
2009-10,33,領先指標綜合指數,SR0001,(點),57.39638682
2009-11,33,領先指標綜合指數,SR0001,(點),58.30690344
2009-12,33,領先指標綜合指數,SR0001,(點),59.02158279
2010-01,33,領先指標綜合指數,SR0001,(點),59.55060031
2010-02,33,領先指標綜合指數,SR0001,(點),59.96882018
2010-03,33,領先指標綜合指數,SR0001,(點),60.33770138
2010-04,33,領先指標綜合指數,SR0001,(點),60.64766499
2010-05,33,領先指標綜合指數,SR0001,(點),60.91056065
2010-06,33,領先指標綜合指數,SR0001,(點),61.18437663
2010-07,33,領先指標綜合指數,SR0001,(點),61.54746128
2010-08,33,領先指標綜合指數,SR0001,(點),62.02461323
2010-09,33,領先指標綜合指數,SR0001,(點),62.59262932
2010-10,33,領先指標綜合指數,SR0001,(點),63.16149783
2010-11,33,領先指標綜合指數,SR0001,(點),63.71680696
2010-12,33,領先指標綜合指數,SR0001,(點),64.18969793
2011-01,33,領先指標綜合指數,SR0001,(點),64.53871941
2011-02,33,領先指標綜合指數,SR0001,(點),64.75657875
2011-03,33,領先指標綜合指數,SR0001,(點),64.80564828
2011-04,33,領先指標綜合指數,SR0001,(點),64.68151904
2011-05,33,領先指標綜合指數,SR0001,(點),64.43816487
2011-06,33,領先指標綜合指數,SR0001,(點),64.0800968
2011-07,33,領先指標綜合指數,SR0001,(點),63.6169771
2011-08,33,領先指標綜合指數,SR0001,(點),63.07255008
2011-09,33,領先指標綜合指數,SR0001,(點),62.55700829
2011-10,33,領先指標綜合指數,SR0001,(點),62.22726757
2011-11,33,領先指標綜合指數,SR0001,(點),62.21507594
2011-12,33,領先指標綜合指數,SR0001,(點),62.56324096
2012-01,33,領先指標綜合指數,SR0001,(點),63.21442034
2012-02,33,領先指標綜合指數,SR0001,(點),63.81503728
2012-03,33,領先指標綜合指數,SR0001,(點),64.20691013
2012-04,33,領先指標綜合指數,SR0001,(點),64.40118897
2012-05,33,領先指標綜合指數,SR0001,(點),64.44904649
2012-06,33,領先指標綜合指數,SR0001,(點),64.42754449
2012-07,33,領先指標綜合指數,SR0001,(點),64.38468549
2012-08,33,領先指標綜合指數,SR0001,(點),64.37006973
2012-09,33,領先指標綜合指數,SR0001,(點),64.46229011
2012-10,33,領先指標綜合指數,SR0001,(點),64.68384004
2012-11,33,領先指標綜合指數,SR0001,(點),65.1004966
2012-12,33,領先指標綜合指數,SR0001,(點),65.69055782
2013-01,33,領先指標綜合指數,SR0001,(點),66.37204399
2013-02,33,領先指標綜合指數,SR0001,(點),67.07947724
2013-03,33,領先指標綜合指數,SR0001,(點),67.73077595
2013-04,33,領先指標綜合指數,SR0001,(點),68.25460138
2013-05,33,領先指標綜合指數,SR0001,(點),68.61346434
2013-06,33,領先指標綜合指數,SR0001,(點),68.84388537
2013-07,33,領先指標綜合指數,SR0001,(點),69.00749529
2013-08,33,領先指標綜合指數,SR0001,(點),69.15083832
2013-09,33,領先指標綜合指數,SR0001,(點),69.40115737
2013-10,33,領先指標綜合指數,SR0001,(點),69.81824212
2013-11,33,領先指標綜合指數,SR0001,(點),70.38858446
2013-12,33,領先指標綜合指數,SR0001,(點),71.07388427
2014-01,33,領先指標綜合指數,SR0001,(點),71.82019118
2014-02,33,領先指標綜合指數,SR0001,(點),72.44098037
2014-03,33,領先指標綜合指數,SR0001,(點),72.88815211
2014-04,33,領先指標綜合指數,SR0001,(點),73.15162175
2014-05,33,領先指標綜合指數,SR0001,(點),73.22709417
2014-06,33,領先指標綜合指數,SR0001,(點),73.14279697
2014-07,33,領先指標綜合指數,SR0001,(點),72.984096
2014-08,33,領先指標綜合指數,SR0001,(點),72.73252054
2014-09,33,領先指標綜合指數,SR0001,(點),72.44525258
2014-10,33,領先指標綜合指數,SR0001,(點),72.21954588
2014-11,33,領先指標綜合指數,SR0001,(點),72.13150189
2014-12,33,領先指標綜合指數,SR0001,(點),72.16914003
2015-01,33,領先指標綜合指數,SR0001,(點),72.24899946
2015-02,33,領先指標綜合指數,SR0001,(點),72.29504281
2015-03,33,領先指標綜合指數,SR0001,(點),72.25416571
2015-04,33,領先指標綜合指數,SR0001,(點),72.15799234
2015-05,33,領先指標綜合指數,SR0001,(點),72.03182112
2015-06,33,領先指標綜合指數,SR0001,(點),71.87962589
2015-07,33,領先指標綜合指數,SR0001,(點),71.67949278
2015-08,33,領先指標綜合指數,SR0001,(點),71.48417305
2015-09,33,領先指標綜合指數,SR0001,(點),71.33367679
2015-10,33,領先指標綜合指數,SR0001,(點),71.26945365
2015-11,33,領先指標綜合指數,SR0001,(點),71.28248474
2015-12,33,領先指標綜合指數,SR0001,(點),71.39444389
2016-01,33,領先指標綜合指數,SR0001,(點),71.592988
2016-02,33,領先指標綜合指數,SR0001,(點),71.86714224
2016-03,33,領先指標綜合指數,SR0001,(點),72.19842008
2016-04,33,領先指標綜合指數,SR0001,(點),72.55629199
2016-05,33,領先指標綜合指數,SR0001,(點),72.97460514
2016-06,33,領先指標綜合指數,SR0001,(點),73.44048546
2016-07,33,領先指標綜合指數,SR0001,(點),73.94486293
2016-08,33,領先指標綜合指數,SR0001,(點),74.46164079
2016-09,33,領先指標綜合指數,SR0001,(點),74.97057998
2016-10,33,領先指標綜合指數,SR0001,(點),75.43227371
2016-11,33,領先指標綜合指數,SR0001,(點),75.81643939
2016-12,33,領先指標綜合指數,SR0001,(點),76.16372921
2017-01,33,領先指標綜合指數,SR0001,(點),76.5077239
2017-02,33,領先指標綜合指數,SR0001,(點),76.80332362
2017-03,33,領先指標綜合指數,SR0001,(點),77.06388143
2017-04,33,領先指標綜合指數,SR0001,(點),77.27502621
2017-05,33,領先指標綜合指數,SR0001,(點),77.49558164
2017-06,33,領先指標綜合指數,SR0001,(點),77.73253155
2017-07,33,領先指標綜合指數,SR0001,(點),77.95944195
2017-08,33,領先指標綜合指數,SR0001,(點),78.18078113
2017-09,33,領先指標綜合指數,SR0001,(點),78.39350169
2017-10,33,領先指標綜合指數,SR0001,(點),78.63133077
2017-11,33,領先指標綜合指數,SR0001,(點),78.872787
2017-12,33,領先指標綜合指數,SR0001,(點),79.07451641
2018-01,33,領先指標綜合指數,SR0001,(點),79.23641887
2018-02,33,領先指標綜合指數,SR0001,(點),79.45306764
2018-03,33,領先指標綜合指數,SR0001,(點),79.76667478
2018-04,33,領先指標綜合指數,SR0001,(點),80.150379
2018-05,33,領先指標綜合指數,SR0001,(點),80.47491713
2018-06,33,領先指標綜合指數,SR0001,(點),80.63251176
2018-07,33,領先指標綜合指數,SR0001,(點),80.62094228
2018-08,33,領先指標綜合指數,SR0001,(點),80.45317121
2018-09,33,領先指標綜合指數,SR0001,(點),80.19777673
2018-10,33,領先指標綜合指數,SR0001,(點),79.94055456
2018-11,33,領先指標綜合指數,SR0001,(點),79.8449491
2018-12,33,領先指標綜合指數,SR0001,(點),80.01461374
2019-01,33,領先指標綜合指數,SR0001,(點),80.50257509
2019-02,33,領先指標綜合指數,SR0001,(點),81.26048241
2019-03,33,領先指標綜合指數,SR0001,(點),82.05953736
2019-04,33,領先指標綜合指數,SR0001,(點),82.73677987
2019-05,33,領先指標綜合指數,SR0001,(點),83.24208548
2019-06,33,領先指標綜合指數,SR0001,(點),83.62235762
2019-07,33,領先指標綜合指數,SR0001,(點),83.91166705
2019-08,33,領先指標綜合指數,SR0001,(點),84.15623359
2019-09,33,領先指標綜合指數,SR0001,(點),84.35526477
2019-10,33,領先指標綜合指數,SR0001,(點),84.40950834
2019-11,33,領先指標綜合指數,SR0001,(點),84.26345997
2019-12,33,領先指標綜合指數,SR0001,(點),83.86688956
2020-01,33,領先指標綜合指數,SR0001,(點),83.29787511
2020-02,33,領先指標綜合指數,SR0001,(點),82.74063076
2020-03,33,領先指標綜合指數,SR0001,(點),82.50395139
2020-04,33,領先指標綜合指數,SR0001,(點),83.00800856
2020-05,33,領先指標綜合指數,SR0001,(點),84.28738673
2020-06,33,領先指標綜合指數,SR0001,(點),86.07197798
2020-07,33,領先指標綜合指數,SR0001,(點),88.02255274
2020-08,33,領先指標綜合指數,SR0001,(點),89.9421483
2020-09,33,領先指標綜合指數,SR0001,(點),91.66597522
2020-10,33,領先指標綜合指數,SR0001,(點),93.10659095
2020-11,33,領先指標綜合指數,SR0001,(點),94.17879884
2020-12,33,領先指標綜合指數,SR0001,(點),94.84615647
2021-01,33,領先指標綜合指數,SR0001,(點),95.18443715
2021-02,33,領先指標綜合指數,SR0001,(點),95.30458446
2021-03,33,領先指標綜合指數,SR0001,(點),95.25886994
2021-04,33,領先指標綜合指數,SR0001,(點),95.14152392
2021-05,33,領先指標綜合指數,SR0001,(點),95.1026723
2021-06,33,領先指標綜合指數,SR0001,(點),95.42000763
2021-07,33,領先指標綜合指數,SR0001,(點),96.20405311
2021-08,33,領先指標綜合指數,SR0001,(點),97.13321466
2021-09,33,領先指標綜合指數,SR0001,(點),97.96300143
2021-10,33,領先指標綜合指數,SR0001,(點),98.52896442
2021-11,33,領先指標綜合指數,SR0001,(點),98.65888343
2021-12,33,領先指標綜合指數,SR0001,(點),98.45368555
2022-01,33,領先指標綜合指數,SR0001,(點),98.03408846
2022-02,33,領先指標綜合指數,SR0001,(點),97.50133806
2022-03,33,領先指標綜合指數,SR0001,(點),96.88516171
2022-04,33,領先指標綜合指數,SR0001,(點),96.07964784
2022-05,33,領先指標綜合指數,SR0001,(點),95.11561401
2022-06,33,領先指標綜合指數,SR0001,(點),94.13918307
2022-07,33,領先指標綜合指數,SR0001,(點),93.33408302
2022-08,33,領先指標綜合指數,SR0001,(點),92.75838794
2022-09,33,領先指標綜合指數,SR0001,(點),92.38649991
2022-10,33,領先指標綜合指數,SR0001,(點),92.26195784
2022-11,33,領先指標綜合指數,SR0001,(點),92.42131631
2022-12,33,領先指標綜合指數,SR0001,(點),92.80240137
2023-01,33,領先指標綜合指數,SR0001,(點),93.30714971
2023-02,33,領先指標綜合指數,SR0001,(點),93.62265218
2023-03,33,領先指標綜合指數,SR0001,(點),93.66027916
2023-04,33,領先指標綜合指數,SR0001,(點),93.48982433
2023-05,33,領先指標綜合指數,SR0001,(點),93.25065662
2023-06,33,領先指標綜合指數,SR0001,(點),93.05377498
2023-07,33,領先指標綜合指數,SR0001,(點),92.94607981
2023-08,33,領先指標綜合指數,SR0001,(點),92.89218147
2023-09,33,領先指標綜合指數,SR0001,(點),92.96181282
2023-10,33,領先指標綜合指數,SR0001,(點),93.28700579
2023-11,33,領先指標綜合指數,SR0001,(點),93.8675152
2023-12,33,領先指標綜合指數,SR0001,(點),94.64427943
2024-01,33,領先指標綜合指數,SR0001,(點),95.52823467
2024-02,33,領先指標綜合指數,SR0001,(點),96.50478358
2024-03,33,領先指標綜合指數,SR0001,(點),97.60365972
2024-04,33,領先指標綜合指數,SR0001,(點),98.82341436
2024-05,33,領先指標綜合指數,SR0001,(點),100.0596486
2024-06,33,領先指標綜合指數,SR0001,(點),101.1828452
2024-07,33,領先指標綜合指數,SR0001,(點),102.1272585
2024-08,33,領先指標綜合指數,SR0001,(點),102.8175978
2024-09,33,領先指標綜合指數,SR0001,(點),103.4293192
2024-10,33,領先指標綜合指數,SR0001,(點),104.0699686
2024-11,33,領先指標綜合指數,SR0001,(點),104.8399016
2024-12,33,領先指標綜合指數,SR0001,(點),105.6841211
2025-01,33,領先指標綜合指數,SR0001,(點),106.5658995
2025-02,33,領先指標綜合指數,SR0001,(點),107.2265077
2025-03,33,領先指標綜合指數,SR0001,(點),107.7043694
2025-04,33,領先指標綜合指數,SR0001,(點),108.2758124
2025-05,33,領先指標綜合指數,SR0001,(點),109.0806398
2025-06,33,領先指標綜合指數,SR0001,(點),110.1275674
2025-07,33,領先指標綜合指數,SR0001,(點),111.4651273
2025-08,33,領先指標綜合指數,SR0001,(點),113.138856
2025-09,33,領先指標綜合指數,SR0001,(點),115.0687888
2025-10,33,領先指標綜合指數,SR0001,(點),117.1804539
2025-11,33,領先指標綜合指數,SR0001,(點),119.3682823
2025-12,33,領先指標綜合指數,SR0001,(點),121.5523605
2026-01,33,領先指標綜合指數,SR0001,(點),123.6261692
2026-02,33,領先指標綜合指數,SR0001,(點),125.5967032
2026-03,33,領先指標綜合指數,SR0001,(點),127.8289504
2026-04,33,領先指標綜合指數,SR0001,(點),130.3698794
2026-05,33,領先指標綜合指數,SR0001,(點),133.0306268
2026-06,33,領先指標綜合指數,SR0001,(點),135.7943463
2026-07,33,領先指標綜合指數,SR0001,(點),138.6250095
