date,up,down,unchanged,stack_bull,stack_bear,close_0050,margin_value,margin_loans,cap,book,n
2004-02-11,,,,0,0,48.37,5.047803004e+11,2.95195853e+11,,,
2004-02-12,,,,0,0,48.59,4.960532051e+11,2.94519047e+11,,,
2004-02-13,,,,0,0,49.46,5.169987794e+11,3.01650172e+11,,,
2004-02-16,,,,0,0,49.2,5.236664261e+11,3.04674602e+11,,,
2004-02-17,,,,0,0,49.5,5.311593455e+11,3.07375192e+11,,,
2004-02-18,,,,0,0,49.53,5.328145337e+11,3.0853443e+11,,,
2004-02-19,,,,0,0,50,5.451631525e+11,3.12595371e+11,,,
2004-02-20,,,,0,0,50,5.472566657e+11,3.15022191e+11,,,
2004-02-23,,,,0,0,49.56,5.513086374e+11,3.17388998e+11,,,
2004-02-24,,,,0,0,49.45,5.447739443e+11,3.17484589e+11,,,
2004-02-25,,,,0,0,49.6,5.525736037e+11,3.19227106e+11,,,
2004-02-26,,,,0,0,49.8,5.570690538e+11,3.21506078e+11,,,
2004-02-27,,,,0,0,50.55,5.697125102e+11,3.2520121e+11,,,
2004-03-01,,,,0,0,51.95,5.841290674e+11,3.28342174e+11,,,
2004-03-02,,,,0,0,52.8,5.874966575e+11,3.29415264e+11,,,
2004-03-03,,,,0,0,52.7,5.900942374e+11,3.33264829e+11,,,
2004-03-04,,,,0,0,53.15,6.021225133e+11,3.3727002e+11,,,
2004-03-05,,,,0,0,52.5,5.880421049e+11,3.37340297e+11,,,
2004-03-08,,,,0,0,51.85,5.832041005e+11,3.37302287e+11,,,
2004-03-09,,,,0,0,52,5.955514085e+11,3.39911996e+11,,,
2004-03-10,,,,0,0,51.35,5.927476807e+11,3.42523601e+11,,,
2004-03-11,,,,0,0,51.4,6.002522151e+11,3.46090874e+11,,,
2004-03-12,,,,0,0,50.45,6.002378161e+11,3.49096233e+11,,,
2004-03-15,,,,0,0,49.65,5.756073642e+11,3.46677737e+11,,,
2004-03-16,,,,0,0,49,5.745481775e+11,3.47920742e+11,,,
2004-03-17,,,,0,0,49.08,5.704730189e+11,3.46508036e+11,,,
2004-03-18,,,,0,0,50.7,5.960509396e+11,3.50771601e+11,,,
2004-03-19,,,,0,0,51,5.890883607e+11,3.47948332e+11,,,
2004-03-22,,,,0,0,47.43,5.438348266e+11,3.44333121e+11,,,
2004-03-23,,,,0,0,46.4,5.090286033e+11,3.32660185e+11,,,
2004-03-24,,,,0,0,46.95,4.976242028e+11,3.25503695e+11,,,
2004-03-25,,,,0,0,46.8,4.844304654e+11,3.2072024e+11,,,
2004-03-26,,,,0,0,46.79,4.736584984e+11,3.14961887e+11,,,
2004-03-29,,,,0,0,49.1,5.043628372e+11,3.15505161e+11,,,
2004-03-30,,,,0,0,49.3,5.148291939e+11,3.16467248e+11,,,
2004-03-31,,,,0,0,48.99,5.201250692e+11,3.17950467e+11,,,
2004-04-01,,,,0,0,48.7,5.284741625e+11,3.20771499e+11,,,
2004-04-02,,,,0,0,48.91,5.340317135e+11,3.23060443e+11,,,
2004-04-05,,,,0,0,50,5.462293688e+11,3.23990106e+11,,,
2004-04-06,,,,102,106,49.92,5.324804468e+11,3.20610133e+11,,,
2004-04-07,,,,114,114,49.87,5.319463044e+11,3.20317951e+11,,,
2004-04-08,,,,122,186,50.1,5.34510319e+11,3.2025563e+11,,,
2004-04-09,,,,143,331,49.8,5.342980042e+11,3.21722942e+11,,,
2004-04-12,,,,171,286,50.95,5.54540501e+11,3.24088631e+11,,,
2004-04-13,,,,194,212,50.85,5.562659827e+11,3.24424312e+11,,,
2004-04-14,,,,225,146,51.4,5.654012146e+11,3.26187193e+11,,,
2004-04-15,,,,209,176,50.4,5.610110294e+11,3.33454225e+11,,,
2004-04-16,,,,225,210,51.15,5.835551813e+11,3.4045291e+11,,,
2004-04-19,,,,212,258,50.9,5.868467183e+11,3.44527036e+11,,,
2004-04-20,,,,231,276,50.9,5.834218461e+11,3.45205011e+11,,,
2004-04-21,,,,219,308,51.25,5.875899427e+11,3.47696041e+11,,,
2004-04-22,,,,193,348,50.5,5.693114168e+11,3.44521453e+11,,,
2004-04-23,,,,148,370,50.8,5.708583247e+11,3.4656511e+11,,,
2004-04-26,,,,112,393,50.9,5.658354772e+11,3.45346239e+11,,,
2004-04-27,,,,90,422,50.4,5.599280303e+11,3.45426646e+11,,,
2004-04-28,,,,67,458,49.95,5.537579927e+11,3.45711162e+11,,,
2004-04-29,,,,43,489,48.69,5.402454708e+11,3.45599898e+11,,,
2004-04-30,,,,20,548,47.5,5.132772921e+11,3.41288491e+11,,,
2004-05-03,,,,16,600,45.95,4.958352257e+11,3.38044349e+11,,,
2004-05-04,,,,10,636,47,5.10883039e+11,3.36129293e+11,,,
2004-05-05,,,,7,688,44.7,4.737600998e+11,3.3008172e+11,,,
2004-05-06,,,,8,724,45.3,4.772487583e+11,3.27410659e+11,,,
2004-05-07,,,,7,750,45.75,4.869039558e+11,3.26206199e+11,,,
2004-05-10,,,,7,754,44.6,4.641947915e+11,3.23115977e+11,,,
2004-05-11,,,,10,758,44.72,4.629281254e+11,3.20427967e+11,,,
2004-05-12,,,,13,738,45.5,4.711865258e+11,3.19145468e+11,,,
2004-05-13,,,,15,662,45,4.659014068e+11,3.18650829e+11,,,
2004-05-14,,,,14,642,44.1,4.511749548e+11,3.16722287e+11,,,
2004-05-17,,,,8,780,41.02,4.158792021e+11,3.07392495e+11,,,
2004-05-18,,,,4,820,41.7,4.1848437e+11,3.03732464e+11,,,
2004-05-19,,,,3,795,44.61,4.465343661e+11,3.044024e+11,,,
2004-05-20,,,,5,676,44.5,4.440679278e+11,3.04456972e+11,,,
2004-05-21,,,,11,308,45.21,4.657440546e+11,3.06084864e+11,,,
2004-05-24,,,,14,235,45.12,4.684496808e+11,3.06844908e+11,,,
2004-05-25,,,,13,158,44.95,4.684143597e+11,3.0693566e+11,,,
2004-05-26,,,,13,140,45.95,4.728093655e+11,3.06834876e+11,,,
2004-05-27,,,,14,151,45.95,4.723572107e+11,3.07974582e+11,,,
2004-05-28,,,,20,138,46.3,4.796846972e+11,3.07979204e+11,,,
2004-05-31,,,,27,222,45.35,4.64245656e+11,3.07252569e+11,,,
2004-06-01,,,,29,374,45.2,4.624983132e+11,3.0748834e+11,,,
2004-06-02,,,,27,588,44.69,4.512087542e+11,3.0659176e+11,,,
2004-06-03,,,,16,730,43.64,4.342990694e+11,3.06488161e+11,,,
2004-06-04,,,,14,760,43.02,4.38159509e+11,3.05337055e+11,,,
2004-06-07,,,,16,756,45.2,4.555693942e+11,3.05540169e+11,,,
2004-06-08,,,,46,669,45.6,4.572459592e+11,3.05197435e+11,,,
2004-06-09,,,,59,485,45.39,4.586609592e+11,3.0600103e+11,,,
2004-06-10,,,,62,469,44.95,4.522719192e+11,3.06168441e+11,,,
2004-06-11,,,,55,506,43.44,4.413891749e+11,3.05633127e+11,,,
2004-06-14,,,,33,632,42.2,4.21200045e+11,3.02917576e+11,,,
2004-06-15,,,,20,708,43,4.290087199e+11,3.01343412e+11,,,
2004-06-16,,,,14,745,42.35,4.143024317e+11,2.98341052e+11,,,
2004-06-17,,,,13,725,43.29,4.256816641e+11,2.98639327e+11,,,
2004-06-18,,,,13,721,42.6,4.17629626e+11,2.97838187e+11,,,
2004-06-21,,,,18,708,42.52,4.101334524e+11,2.96069242e+11,,,
2004-06-23,,,,27,684,43.9,4.244507941e+11,2.96401197e+11,,,
2004-06-24,,,,53,594,44.36,4.310434197e+11,2.95432246e+11,,,
2004-06-25,,,,86,416,44.4,4.323003241e+11,2.94546984e+11,,,
2004-06-28,,,,87,373,43.72,4.229636297e+11,2.93749662e+11,,,
2004-06-29,,,,94,398,43.8,4.257013812e+11,2.93629041e+11,,,
2004-06-30,,,,105,412,44.75,4.273481111e+11,2.92108192e+11,,,
2004-07-01,,,,117,377,44.91,4.287028842e+11,2.92185025e+11,,,
2004-07-02,,,,120,379,43.92,4.246007587e+11,2.92808979e+11,,,
2004-07-05,,,,108,455,43.4,4.143308047e+11,2.91359462e+11,,,
2004-07-06,,,,93,540,43.8,4.187240911e+11,2.90853693e+11,,,
2004-07-07,,,,96,560,43.9,4.187816156e+11,2.90769837e+11,,,
2004-07-08,,,,101,518,43.82,4.167986024e+11,2.90103862e+11,,,
2004-07-09,,,,102,462,44.35,4.24783744e+11,2.9015787e+11,,,
2004-07-12,,,,117,406,44.04,4.244745103e+11,2.90563785e+11,,,
2004-07-13,,,,122,376,43.7,4.184703727e+11,2.90483376e+11,,,
2004-07-14,,,,96,412,43.32,4.099349788e+11,2.88907358e+11,,,
2004-07-15,,,,62,522,42.6,4.015788446e+11,2.87472923e+11,,,
2004-07-16,,,,38,603,42.38,3.963569606e+11,2.85602251e+11,,,
2004-07-19,,,,30,646,42.37,3.914971299e+11,2.83461585e+11,,,
2004-07-20,,,,19,683,41.2,3.666324806e+11,2.76069077e+11,,,
2004-07-21,,,,21,693,41.99,3.726917754e+11,2.73461706e+11,,,
2004-07-22,,,,21,703,41.6,3.684306499e+11,2.702885e+11,,,
2004-07-23,,,,22,685,41.58,3.702660672e+11,2.69711786e+11,,,
2004-07-26,,,,23,662,41.2,3.677889477e+11,2.6898908e+11,,,
2004-07-27,,,,25,616,41.86,3.733389211e+11,2.68391594e+11,,,
2004-07-28,,,,27,534,41.74,3.713342799e+11,2.67832454e+11,,,
2004-07-29,,,,30,473,41.38,3.660639974e+11,2.66978066e+11,,,
2004-07-30,,,,30,393,41.91,3.678713588e+11,2.65579359e+11,,,
2004-08-02,,,,29,420,41.65,3.550725203e+11,2.62955183e+11,,,
2004-08-03,,,,28,479,41.67,3.543557126e+11,2.61097059e+11,,,
2004-08-04,,,,20,577,41.3,3.481408161e+11,2.58757276e+11,,,
2004-08-05,,,,24,546,42.8,3.602487956e+11,2.59212797e+11,,,
2004-08-06,,,,30,504,42.27,3.586366733e+11,2.59229217e+11,,,
2004-08-09,,,,36,411,42.24,3.597424252e+11,2.5960893e+11,,,
2004-08-10,,,,42,423,42.02,3.583903221e+11,2.5937646e+11,,,
2004-08-11,,,,42,427,41.77,3.537139198e+11,2.58652498e+11,,,
2004-08-12,,,,36,437,41.78,3.539906614e+11,2.58719636e+11,,,
2004-08-13,,,,45,437,41.82,3.541276086e+11,2.57948152e+11,,,
2004-08-16,,,,59,430,41.65,3.514714382e+11,2.57808746e+11,,,
2004-08-17,,,,53,444,41.73,3.485677664e+11,2.56931397e+11,,,
2004-08-18,,,,51,501,42.74,3.5068175e+11,2.55029428e+11,,,
2004-08-19,,,,60,410,44.2,3.644492344e+11,2.54055364e+11,,,
2004-08-20,,,,78,290,44.2,3.680785405e+11,2.54356708e+11,,,
2004-08-23,,,,107,186,44.45,3.707547008e+11,2.54941274e+11,,,
2004-08-26,,,,135,133,45.95,3.810562967e+11,2.55019461e+11,,,
2004-08-27,,,,158,114,45.6,3.821893347e+11,2.55927344e+11,,,
2004-08-30,,,,190,102,45.59,3.796418491e+11,2.56223196e+11,,,
2004-08-31,,,,229,127,45.15,3.783981998e+11,2.56799443e+11,,,
2004-09-01,,,,262,132,45.8,3.911607601e+11,2.59177202e+11,,,
2004-09-02,,,,299,132,45.62,3.948026823e+11,2.60615352e+11,,,
2004-09-03,,,,330,145,44.84,3.907640862e+11,2.62400687e+11,,,
2004-09-06,,,,320,162,44.93,3.945251868e+11,2.64175006e+11,,,
2004-09-07,,,,315,164,45.5,3.998473519e+11,2.64789572e+11,,,
2004-09-08,,,,346,147,45.47,4.023636039e+11,2.66197566e+11,,,
2004-09-09,,,,369,141,45.4,4.069352662e+11,2.68114189e+11,,,
2004-09-10,,,,393,133,45.45,4.057310334e+11,2.68536097e+11,,,
2004-09-13,,,,409,126,46.3,4.123608573e+11,2.69624177e+11,,,
2004-09-14,,,,416,119,46.3,4.126118374e+11,2.6980951e+11,,,
2004-09-15,,,,414,107,45.76,4.097215218e+11,2.69916078e+11,,,
2004-09-16,,,,364,109,45.76,4.164404003e+11,2.71908049e+11,,,
2004-09-17,,,,263,131,45.4,4.093835559e+11,2.71786977e+11,,,
2004-09-20,,,,213,171,45.6,4.095840075e+11,2.71956868e+11,,,
2004-09-21,,,,213,189,46.21,4.157549324e+11,2.72922993e+11,,,
2004-09-22,,,,261,186,46.33,4.197239914e+11,2.73232174e+11,,,
2004-09-23,,,,297,193,46.2,4.21292085e+11,2.74326085e+11,,,
2004-09-24,,,,281,194,45.4,4.20313276e+11,2.75412767e+11,,,
2004-09-27,,,,263,213,45.4,4.198527578e+11,2.77110938e+11,,,
2004-09-29,,,,226,226,45.39,4.134261712e+11,2.76411337e+11,,,
2004-09-30,,,,189,237,45.6,4.114965479e+11,2.75969197e+11,,,
2004-10-01,,,,199,244,46.3,4.203979262e+11,2.77863716e+11,,,
2004-10-04,,,,282,183,47.26,4.301728378e+11,2.77815516e+11,,,
2004-10-05,,,,361,133,47.49,4.349306752e+11,2.79288156e+11,,,
2004-10-06,,,,377,103,47.3,4.316162963e+11,2.79039933e+11,,,
2004-10-07,,,,377,94,47.5,4.377068178e+11,2.81316984e+11,,,
2004-10-08,,,,365,84,47.5,4.417974704e+11,2.82836125e+11,,,
2004-10-11,,,,388,102,47.15,4.44789845e+11,2.84819651e+11,,,
2004-10-12,,,,369,151,46.28,4.355048182e+11,2.85128667e+11,,,
2004-10-13,,,,326,183,46.15,4.362121509e+11,2.8578595e+11,,,
2004-10-14,,,,178,204,45.16,4.237857689e+11,2.839973e+11,,,
2004-10-15,,,,115,228,45.08,4.205623846e+11,2.83165489e+11,,,
2004-10-18,,,,66,267,45.04,4.12569516e+11,2.81975219e+11,,,
2004-10-19,,,,61,284,45.37,4.151411174e+11,2.81217206e+11,,,
2004-10-20,,,,53,307,45.1,4.153164628e+11,2.81263592e+11,,,
2004-10-21,,,,64,324,45.17,4.166178918e+11,2.82074856e+11,,,
2004-10-22,,,,86,352,45.2,4.122252398e+11,2.8096311e+11,,,
2004-10-26,,,,72,415,44.22,3.969752065e+11,2.78239162e+11,,,
2004-10-27,,,,56,451,44.15,3.922743764e+11,2.76050769e+11,,,
2004-10-28,,,,51,493,44.85,3.947272451e+11,2.7493924e+11,,,
2004-10-29,,,,52,505,44.72,3.871972789e+11,2.71897394e+11,,,
2004-11-01,,,,50,508,44.29,3.747720571e+11,2.68545401e+11,,,
2004-11-02,,,,44,514,45.2,3.837234477e+11,2.67421174e+11,,,
2004-11-03,,,,61,488,46.02,3.889276145e+11,2.66230342e+11,,,
2004-11-04,,,,76,397,46.2,3.886218894e+11,2.65701436e+11,,,
2004-11-05,,,,100,281,46.93,3.94048677e+11,2.66384255e+11,,,
2004-11-08,,,,111,212,46.81,3.923315574e+11,2.6619247e+11,,,
2004-11-09,,,,125,195,46.81,3.927846322e+11,2.65720264e+11,,,
2004-11-10,,,,122,213,46.85,3.948438588e+11,2.65756376e+11,,,
2004-11-11,,,,122,218,46,3.889397339e+11,2.64745432e+11,,,
2004-11-12,,,,124,235,46.51,3.941414954e+11,2.65471138e+11,,,
2004-11-15,,,,108,321,46.6,3.9006902e+11,2.64674065e+11,,,
2004-11-16,,,,100,357,46.78,3.901723845e+11,2.65361491e+11,,,
2004-11-17,,,,129,319,47.6,4.034973301e+11,2.66844411e+11,,,
2004-11-18,,,,152,254,47.6,4.072055112e+11,2.67436574e+11,,,
2004-11-19,,,,175,171,47.4,4.078134506e+11,2.68264836e+11,,,
2004-11-22,,,,150,196,45.75,3.938953575e+11,2.67986994e+11,,,
2004-11-23,,,,120,289,45.8,3.948056396e+11,2.6793633e+11,,,
2004-11-24,,,,107,328,46.35,4.022823139e+11,2.69449906e+11,,,
2004-11-25,,,,113,322,46.03,3.96356928e+11,2.6839254e+11,,,
2004-11-26,,,,83,344,45.46,3.879465022e+11,2.66819586e+11,,,
2004-11-29,,,,63,409,45.55,3.864599206e+11,2.65699015e+11,,,
2004-11-30,,,,58,414,45.5,3.887363406e+11,2.65005316e+11,,,
2004-12-01,,,,70,422,45.63,3.881911368e+11,2.65428028e+11,,,
2004-12-02,,,,84,423,46.06,3.900801827e+11,2.64660087e+11,,,
2004-12-03,,,,94,403,46.4,3.88833821e+11,2.63285493e+11,,,
2004-12-06,,,,107,369,46.6,3.885249308e+11,2.6218911e+11,,,
2004-12-07,,,,124,339,46.64,3.883763165e+11,2.61397553e+11,,,
2004-12-08,,,,134,302,46.5,3.843106422e+11,2.60576818e+11,,,
2004-12-09,,,,143,273,46.5,3.838453729e+11,2.59628003e+11,,,
2004-12-10,,,,126,271,46.43,3.806646343e+11,2.57899307e+11,,,
2004-12-13,,,,138,240,46,3.829752358e+11,2.58902442e+11,,,
2004-12-14,,,,154,233,46.23,3.881984552e+11,2.59574381e+11,,,
2004-12-15,,,,191,152,47.15,3.984838363e+11,2.60442902e+11,,,
2004-12-16,,,,236,111,47.3,4.007959644e+11,2.61022205e+11,,,
2004-12-17,,,,279,88,47.18,4.000855249e+11,2.61574961e+11,,,
2004-12-20,,,,275,102,46.52,3.935275116e+11,2.60271162e+11,,,
2004-12-21,,,,284,130,46.99,3.974586343e+11,2.61286356e+11,,,
2004-12-22,,,,281,154,47.2,3.982677607e+11,2.6160772e+11,,,
2004-12-23,,,,283,148,46.96,3.955593568e+11,2.60624099e+11,,,
2004-12-24,,,,289,158,47.25,4.002375133e+11,2.61760557e+11,,,
2004-12-27,,,,278,174,47.02,3.972110001e+11,2.61687637e+11,,,
2004-12-28,,,,284,180,47.2,3.966428578e+11,2.61345749e+11,,,
2004-12-29,,,,305,164,47.98,4.060124888e+11,2.62387429e+11,,,
2004-12-30,,,,360,127,48.07,4.046106329e+11,2.61631845e+11,,,
2004-12-31,,,,402,75,48.5,4.076198698e+11,2.61534728e+11,,,
2005-01-03,,,,408,71,48.3,4.073630169e+11,2.6181035e+11,,,
2005-01-04,,,,394,71,47.49,4.01963009e+11,2.61866906e+11,,,
2005-01-05,,,,330,106,46.87,3.999112717e+11,2.62791386e+11,,,
2005-01-06,,,,249,156,46.87,3.981007694e+11,2.62368238e+11,,,
2005-01-07,,,,176,176,46.5,3.914006527e+11,2.61591641e+11,,,
2005-01-10,,,,140,198,46.68,3.891955117e+11,2.60774651e+11,,,
2005-01-11,,,,112,205,46.9,3.922885143e+11,2.60512337e+11,,,
2005-01-12,,,,86,224,45.95,3.812274896e+11,2.58765019e+11,,,
2005-01-13,,,,71,259,45.89,3.788933842e+11,2.58152113e+11,,,
2005-01-14,,,,68,281,46.09,3.833360806e+11,2.5835186e+11,,,
2005-01-17,,,,116,287,46.66,3.874646955e+11,2.58303772e+11,,,
2005-01-18,,,,173,274,46.57,3.85442256e+11,2.57483218e+11,,,
2005-01-19,,,,181,270,46.43,3.821067485e+11,2.56681493e+11,,,
2005-01-20,,,,160,283,46.29,3.832916313e+11,2.56500272e+11,,,
2005-01-21,,,,112,313,45.91,3.803400541e+11,2.55892432e+11,,,
2005-01-24,,,,73,339,45.39,3.698409415e+11,2.54247668e+11,,,
2005-01-25,,,,49,396,45.37,3.681754417e+11,2.52896269e+11,,,
2005-01-26,,,,50,417,45.83,3.693462068e+11,2.51962557e+11,,,
2005-01-27,,,,53,418,45.83,3.675486277e+11,2.50661095e+11,,,
2005-01-28,,,,59,408,46.3,3.719164858e+11,2.4988229e+11,,,
2005-01-31,,,,82,319,47.09,3.804154933e+11,2.49389206e+11,,,
2005-02-01,,,,110,242,47.08,3.742807112e+11,2.47512817e+11,,,
2005-02-02,,,,120,176,47.55,3.734043815e+11,2.45892557e+11,,,
2005-02-03,,,,126,214,47.67,3.693519104e+11,2.42080306e+11,,,
2005-02-14,,,,141,181,48.48,3.723969652e+11,2.40983893e+11,,,
2005-02-15,,,,161,181,48.49,3.714490783e+11,2.40402519e+11,,,
2005-02-16,,,,195,185,48.4,3.781488178e+11,2.41645429e+11,,,
2005-02-17,,,,206,208,47.77,3.751074149e+11,2.42105046e+11,,,
2005-02-18,,,,230,245,47.95,3.801462595e+11,2.42792333e+11,,,
2005-02-21,,,,242,243,48.17,3.838577791e+11,2.43517724e+11,,,
2005-02-22,,,,266,219,47.9,3.80302369e+11,2.43537144e+11,,,
2005-02-23,,,,297,214,47.9,3.845293926e+11,2.44563427e+11,,,
2005-02-24,,,,286,259,47.93,3.81725045e+11,2.44200747e+11,,,
2005-02-25,,,,290,248,48.63,3.869956671e+11,2.44960864e+11,,,
2005-03-01,,,,264,221,48.83,3.877340693e+11,2.43865953e+11,,,
2005-03-02,,,,234,201,48.7,3.804322117e+11,2.41694474e+11,,,
2005-03-03,,,,217,209,48.5,3.809798458e+11,2.42059792e+11,,,
2005-03-04,,,,205,248,48.2,3.788638268e+11,2.40700418e+11,,,
2005-03-07,425,189,87,236,246,48.45,3.812757139e+11,2.40640096e+11,,,
2005-03-08,166,486,49,280,271,47.9,3.72702507e+11,2.37779885e+11,,,
2005-03-09,450,184,66,308,289,48.21,3.778859284e+11,2.38416478e+11,,,
2005-03-10,251,383,66,315,319,48.05,3.780250414e+11,2.38651856e+11,,,
2005-03-11,252,349,99,317,310,48.18,3.789392394e+11,2.38632456e+11,,,
2005-03-14,205,413,82,287,315,47.74,3.756518593e+11,2.38284974e+11,,,
2005-03-15,85,573,42,236,345,47.1,3.618154707e+11,2.3497617e+11,,,
2005-03-16,289,317,94,160,371,47.29,3.622430936e+11,2.3472422e+11,,,
2005-03-17,237,372,91,95,393,46.86,3.629152351e+11,2.35578562e+11,,,
2005-03-18,320,285,95,98,399,46.86,3.636831935e+11,2.35529027e+11,,,
2005-03-21,342,257,101,116,395,46.87,3.658468025e+11,2.35914216e+11,,,
2005-03-22,155,468,77,125,417,46.72,3.627441758e+11,2.35641237e+11,,,
2005-03-23,296,289,115,142,429,46.5,3.66096471e+11,2.36663698e+11,,,
2005-03-24,261,330,109,152,454,46.4,3.654254342e+11,2.36630203e+11,,,
2005-03-25,491,134,75,190,434,46.85,3.70074792e+11,2.36432597e+11,,,
2005-03-28,278,319,104,232,402,46.71,3.679792926e+11,2.36416258e+11,,,
2005-03-29,61,594,46,208,439,46.22,3.563357008e+11,2.34147792e+11,,,
2005-03-30,269,341,91,155,489,46.23,3.568598908e+11,2.33767513e+11,,,
2005-03-31,373,229,99,109,521,46.75,3.58371229e+11,2.32380351e+11,,,
2005-04-01,241,385,75,114,513,46.75,3.595324728e+11,2.31075954e+11,,,
2005-04-04,272,339,90,145,502,46.7,3.571794091e+11,2.2981592e+11,,,
2005-04-06,297,308,96,142,507,46.65,3.552437757e+11,2.28698518e+11,,,
2005-04-07,166,457,78,131,533,46.5,3.486205997e+11,2.26319983e+11,,,
2005-04-08,445,160,96,135,529,46.65,3.515666233e+11,2.26157808e+11,,,
2005-04-11,159,460,81,123,545,46.5,3.434606579e+11,2.23524192e+11,,,
2005-04-12,244,350,105,125,520,46.68,3.416052376e+11,2.21550049e+11,,,
2005-04-13,327,273,97,115,539,46.73,3.41985301e+11,2.20954129e+11,,,
2005-04-14,213,363,121,116,555,46.5,3.434600907e+11,2.21951812e+11,,,
2005-04-15,105,526,66,99,588,45.91,3.389651355e+11,2.21910113e+11,,,
2005-04-18,38,623,36,58,668,44.6,3.19953366e+11,2.17360084e+11,,,
2005-04-19,423,189,85,41,704,44.9,3.220709012e+11,2.16099064e+11,,,
2005-04-20,101,517,79,31,734,44.4,3.111056144e+11,2.12541151e+11,,,
2005-04-21,379,228,89,30,734,44.78,3.161231509e+11,2.12710973e+11,,,
2005-04-22,357,241,98,32,728,44.85,3.157575259e+11,2.11700297e+11,,,
2005-04-25,287,324,85,34,685,45.11,3.138840577e+11,2.0989098e+11,,,
2005-04-26,412,213,71,39,633,45.35,3.156447744e+11,2.08658019e+11,,,
2005-04-27,139,481,76,42,587,45.37,3.115779681e+11,2.07460281e+11,,,
2005-04-28,421,178,97,44,504,45.5,3.137491922e+11,2.06315899e+11,,,
2005-04-29,202,390,104,36,477,45.78,3.115675843e+11,2.0552537e+11,,,
2005-05-03,299,310,87,46,472,45.94,3.092678009e+11,2.03666644e+11,,,
2005-05-04,167,458,71,45,513,45.8,3.054503688e+11,2.02166689e+11,,,
2005-05-05,542,112,42,59,492,46.89,3.134646418e+11,2.02140687e+11,,,
2005-05-06,296,318,82,76,462,46.91,3.146183042e+11,2.01177569e+11,,,
2005-05-09,233,366,97,98,383,47,3.130253173e+11,2.00500556e+11,,,
2005-05-10,207,393,93,107,432,47,3.111062304e+11,2.00161618e+11,,,
2005-05-11,185,411,97,111,460,46.8,3.105400946e+11,2.00885815e+11,,,
2005-05-12,268,320,105,112,499,46.85,3.100569286e+11,2.00644455e+11,,,
2005-05-13,371,230,93,112,494,47.2,3.119544251e+11,2.00354007e+11,,,
2005-05-16,135,482,79,109,498,46.99,3.045847426e+11,1.98995866e+11,,,
2005-05-17,242,350,105,102,506,46.47,3.038607888e+11,1.98665089e+11,,,
2005-05-18,348,243,106,85,540,46.69,3.05549353e+11,1.98539181e+11,,,
2005-05-19,426,182,89,95,485,45.38,3.088540257e+11,1.98272532e+11,,,
2005-05-20,301,303,93,110,430,45.26,3.084610212e+11,1.9847097e+11,,,
2005-05-23,161,464,72,119,419,44.67,3.053567186e+11,1.98420095e+11,,,
2005-05-24,286,287,124,110,438,44.85,3.055858876e+11,1.98034405e+11,,,
2005-05-25,178,421,99,101,468,44.74,3.03316626e+11,1.97538705e+11,,,
2005-05-26,394,194,110,112,461,45.05,3.075754591e+11,1.97944424e+11,,,
2005-05-27,404,204,90,144,406,45.44,3.101763568e+11,1.9745444e+11,,,
2005-05-30,302,311,85,176,350,45.42,3.103667792e+11,1.96997947e+11,,,
2005-05-31,290,313,95,199,331,45.51,3.093965822e+11,1.96036895e+11,,,
2005-06-01,384,237,78,206,306,45.15,3.11801983e+11,1.97011386e+11,,,
2005-06-02,524,117,58,216,233,45.51,3.162746996e+11,1.97769777e+11,,,
2005-06-03,508,129,62,260,152,45.92,3.233435989e+11,1.99036978e+11,,,
2005-06-06,450,194,54,323,103,45.94,3.279853522e+11,2.00532845e+11,,,
2005-06-07,176,440,82,361,99,45.9,3.273377955e+11,2.01886893e+11,,,
2005-06-08,415,196,87,386,110,46.07,3.321228282e+11,2.02736438e+11,,,
2005-06-09,270,353,75,408,117,46.07,3.292149795e+11,2.02462204e+11,,,
2005-06-10,388,216,94,447,116,46.4,3.326051159e+11,2.02972622e+11,,,
2005-06-13,335,283,79,441,110,47,3.347175457e+11,2.03675018e+11,,,
2005-06-14,201,428,68,422,116,47,3.291039063e+11,2.02408666e+11,,,
2005-06-15,440,166,91,387,118,47.07,3.325405799e+11,2.02616352e+11,,,
2005-06-16,375,228,94,362,114,47.41,3.344968394e+11,2.02838461e+11,,,
2005-06-17,238,352,107,389,103,47.9,3.310534243e+11,2.01519695e+11,,,
2005-06-20,298,320,79,393,101,47.87,3.327569259e+11,2.02271084e+11,,,
2005-06-21,334,279,84,354,114,47.5,3.346567752e+11,2.03141781e+11,,,
2005-06-22,486,136,75,404,103,48.28,3.39044337e+11,2.04309101e+11,,,
2005-06-23,368,254,75,464,84,48.26,3.382005082e+11,2.0391189e+11,,,
2005-06-24,205,411,81,485,81,47.92,3.375685657e+11,2.04798682e+11,,,
2005-06-27,287,327,83,450,90,47.62,3.349753427e+11,2.04305346e+11,,,
2005-06-28,282,329,87,386,93,47.9,3.365109463e+11,2.04672538e+11,,,
2005-06-29,155,476,67,327,111,47.5,3.344074982e+11,2.05006769e+11,,,
2005-06-30,242,359,97,256,122,47.49,3.330907815e+11,2.05024305e+11,,,
2005-07-01,329,278,91,217,135,47.58,3.359881253e+11,2.05298128e+11,,,
2005-07-04,315,305,78,231,135,47.32,3.365414641e+11,2.05334955e+11,,,
2005-07-05,251,355,89,233,138,47.03,3.369097016e+11,2.0584818e+11,,,
2005-07-06,323,277,95,261,147,47.13,3.384348085e+11,2.06432264e+11,,,
2005-07-07,181,437,77,254,174,46.86,3.366240141e+11,2.06939544e+11,,,
2005-07-08,231,364,100,238,192,47.01,3.370985749e+11,2.07294698e+11,,,
2005-07-11,440,166,89,228,206,47.95,3.39072645e+11,2.06810539e+11,,,
2005-07-12,411,168,116,275,197,48.4,3.423347535e+11,2.06691451e+11,,,
2005-07-13,369,240,86,331,174,48.57,3.436199186e+11,2.0685701e+11,,,
2005-07-14,351,225,119,359,162,48.89,3.503006969e+11,2.09658572e+11,,,
2005-07-15,308,302,85,368,172,48.99,3.52306535e+11,2.11055868e+11,,,
2005-07-19,313,286,96,355,160,48.95,3.546795091e+11,2.11891325e+11,,,
2005-07-20,262,340,93,336,169,49,3.533439478e+11,2.11977361e+11,,,
2005-07-21,174,429,92,296,184,48.91,3.565626017e+11,2.15375066e+11,,,
2005-07-22,330,297,68,232,186,48.7,3.551694131e+11,2.16943522e+11,,,
2005-07-25,352,258,85,199,197,49,3.6140705e+11,2.1807801e+11,,,
2005-07-26,167,459,69,183,225,48.87,3.582868652e+11,2.19374672e+11,,,
2005-07-27,187,421,87,167,265,48.35,3.600017572e+11,2.21381388e+11,,,
2005-07-28,316,299,80,134,319,48.59,3.668752163e+11,2.23668958e+11,,,
2005-07-29,158,458,79,132,351,48.17,3.612016907e+11,2.2391492e+11,,,
2005-08-01,231,391,73,134,372,48.33,3.604111989e+11,2.23889166e+11,,,
2005-08-02,246,355,94,106,400,48.94,3.534348552e+11,2.21635044e+11,,,
2005-08-03,470,136,89,113,393,49.75,3.605157325e+11,2.21355166e+11,,,
2005-08-04,291,302,102,105,362,49.76,3.62839007e+11,2.23432338e+11,,,
2005-08-08,201,425,69,111,348,49.18,3.597644736e+11,2.24057329e+11,,,
2005-08-09,304,281,110,117,355,49.03,3.600825319e+11,2.24054775e+11,,,
2005-08-10,233,362,100,108,376,49.1,3.606845296e+11,2.26582417e+11,,,
2005-08-11,240,348,107,99,360,49.05,3.593594482e+11,2.26513656e+11,,,
2005-08-12,362,261,72,93,341,49,3.559293021e+11,2.25548599e+11,,,
2005-08-15,118,512,65,75,345,47.92,3.499197342e+11,2.25682543e+11,,,
2005-08-16,219,370,106,66,384,48.17,3.4944872e+11,2.25274535e+11,,,
2005-08-17,258,329,108,53,433,48.23,3.510787923e+11,2.25308089e+11,,,
2005-08-18,207,379,109,48,462,48.12,3.503662109e+11,2.26058171e+11,,,
2005-08-19,168,436,93,50,483,47.57,3.470141919e+11,2.26264209e+11,,,
2005-08-22,353,228,115,45,486,47.96,3.495882228e+11,2.25655107e+11,,,
2005-08-23,226,369,101,53,486,47.99,3.45904975e+11,2.24746617e+11,,,
2005-08-24,95,523,79,52,493,47.69,3.398022126e+11,2.23947604e+11,,,
2005-08-25,243,364,90,50,514,47.55,3.372450223e+11,2.2327228e+11,,,
2005-08-26,395,210,92,48,510,47.72,3.376628793e+11,2.22537331e+11,,,
2005-08-29,129,491,77,47,501,46.85,3.325861798e+11,2.21835957e+11,,,
2005-08-30,267,330,100,49,497,46.84,3.290548764e+11,2.20963906e+11,,,
2005-08-31,158,449,90,46,511,46.7,3.236382833e+11,2.19114141e+11,,,
2005-09-02,537,116,44,46,480,47.33,3.323668052e+11,2.19549579e+11,1.382765917e+13,8.067711008e+12,662
2005-09-05,261,332,104,53,439,47.27,3.322247125e+11,2.19330686e+11,1.378937204e+13,8.069238346e+12,662
2005-09-06,401,209,87,60,345,47.55,3.360609445e+11,2.19479047e+11,1.388842152e+13,8.071418997e+12,660
2005-09-07,256,326,115,64,308,47.61,3.353927172e+11,2.1929453e+11,1.392564243e+13,8.083683684e+12,660
2005-09-08,271,330,96,65,273,47.65,3.350441331e+11,2.18630521e+11,1.398982443e+13,8.109706438e+12,660
2005-09-09,205,422,70,66,278,47.41,3.325230324e+11,2.1828769e+11,1.390887453e+13,8.106574525e+12,656
2005-09-12,299,304,90,65,292,47.81,3.340311434e+11,2.17843981e+11,1.407625976e+13,8.121565337e+12,656
2005-09-13,227,361,105,69,314,47.96,3.314443111e+11,2.17224087e+11,1.411388611e+13,8.144975492e+12,660
2005-09-14,162,436,95,65,338,47.75,3.297520608e+11,2.17466958e+11,1.406470236e+13,8.141069476e+12,657
2005-09-15,112,489,93,59,397,47.53,3.239336454e+11,2.17107758e+11,1.392419826e+13,8.142842352e+12,660
2005-09-16,144,451,100,46,452,47.04,3.193663186e+11,2.16185162e+11,1.381867131e+13,8.152807384e+12,659
2005-09-19,257,327,111,33,483,47.19,3.174589446e+11,2.15169247e+11,1.383162923e+13,8.159599364e+12,656
2005-09-20,466,136,93,42,481,47.73,3.272710094e+11,2.15999365e+11,1.399642369e+13,8.161311051e+12,656
2005-09-21,174,414,107,65,449,47.36,3.241185215e+11,2.16305954e+11,1.392807183e+13,8.174546483e+12,662
2005-09-22,126,495,73,74,434,46.42,3.235488276e+11,2.17893861e+11,1.370356353e+13,8.167793579e+12,660
2005-09-23,187,396,111,61,459,46.1,3.183830977e+11,2.16702817e+11,1.361536623e+13,8.17474374e+12,657
2005-09-26,273,317,104,65,460,46.12,3.198794394e+11,2.17157555e+11,1.363099969e+13,8.180499584e+12,657
2005-09-27,248,333,113,71,447,46.33,3.183679546e+11,2.1619026e+11,1.367008742e+13,8.186165485e+12,658
2005-09-28,234,333,127,73,426,46.29,3.188263788e+11,2.16116636e+11,1.364026106e+13,8.18379295e+12,653
2005-09-29,511,106,77,79,370,46.75,3.242602013e+11,2.15837907e+11,1.38209487e+13,8.167338906e+12,658
2005-09-30,510,116,68,95,285,47.45,3.284208913e+11,2.15268187e+11,1.407899356e+13,8.171730247e+12,658
2005-10-03,314,303,77,106,180,47.69,3.3164161e+11,2.16084385e+11,1.412091133e+13,8.183864862e+12,661
2005-10-04,261,361,72,118,151,47.86,3.308662982e+11,2.15668119e+11,1.428692428e+13,8.212564906e+12,660
2005-10-05,252,345,97,121,175,47.71,3.322153292e+11,2.16319509e+11,1.427061832e+13,8.214006434e+12,665
2005-10-06,246,355,93,134,207,47.47,3.343234745e+11,2.1857744e+11,1.417437268e+13,8.211826754e+12,660
2005-10-07,261,338,95,144,225,47.4,3.335409443e+11,2.18400905e+11,1.414774078e+13,8.213844677e+12,662
2005-10-11,232,361,101,141,246,47.4,3.322197782e+11,2.18401047e+11,1.409249884e+13,8.195633766e+12,660
2005-10-12,165,443,86,126,286,46.65,3.269078857e+11,2.18604754e+11,1.391014996e+13,8.196450557e+12,658
2005-10-13,222,387,85,90,315,46.4,3.236346646e+11,2.18074502e+11,1.385627727e+13,8.2064606e+12,662
2005-10-14,396,209,89,74,323,46.4,3.268138197e+11,2.18880845e+11,1.387567925e+13,8.202491906e+12,660
2005-10-17,70,583,41,61,336,45.42,3.101839102e+11,2.15302518e+11,1.354269913e+13,8.202210007e+12,659
2005-10-18,289,309,96,55,360,45.5,3.117507588e+11,2.14963384e+11,1.35602515e+13,8.200712969e+12,659
2005-10-19,77,568,48,39,430,44.24,2.992628447e+11,2.12160823e+11,1.324542844e+13,8.203018415e+12,658
2005-10-20,282,328,82,43,451,44.79,3.028888172e+11,2.1099419e+11,1.336860781e+13,8.198834715e+12,659
2005-10-21,324,269,99,51,476,44.6,3.043664551e+11,2.1052048e+11,1.334516048e+13,8.197968672e+12,658
2005-10-24,220,385,87,65,480,44.57,3.016449749e+11,2.09997228e+11,1.329580246e+13,8.197671625e+12,657
2005-10-25,320,270,103,73,460,44.84,2.99298689e+11,2.08999728e+11,1.330194367e+13,8.191968965e+12,653
2005-10-26,159,461,73,59,464,44.71,2.893211072e+11,2.06319461e+11,1.326942986e+13,8.203322712e+12,659
2005-10-27,206,391,96,52,470,44.6,2.873538389e+11,2.05710059e+11,1.317397074e+13,8.196857208e+12,655
2005-10-28,221,394,76,47,458,44.5,2.859563686e+11,2.04613923e+11,1.315405816e+13,8.343972651e+12,656
2005-10-31,567,77,46,43,402,45.44,2.950296554e+11,2.03719614e+11,1.343486354e+13,8.34234948e+12,658
2005-11-01,328,284,78,57,299,45.52,2.932129434e+11,2.01830304e+11,1.351569272e+13,8.634853246e+12,656
2005-11-02,323,273,94,55,217,46.1,2.972834557e+11,2.01818585e+11,1.369124421e+13,8.634571717e+12,656
2005-11-03,267,338,85,60,202,46.22,2.955615255e+11,2.01328988e+11,1.366068122e+13,8.639851999e+12,661
2005-11-04,294,292,104,70,208,46.35,2.977451965e+11,2.0102269e+11,1.378397565e+13,8.641718197e+12,660
2005-11-07,155,454,81,79,245,46.32,2.928237992e+11,2.00655223e+11,1.36634794e+13,8.645437531e+12,661
2005-11-08,224,374,92,86,276,46.33,2.920475865e+11,2.00473589e+11,1.363421983e+13,8.636617864e+12,657
2005-11-09,522,104,66,91,285,47.13,3.007320499e+11,2.00386279e+11,1.39162185e+13,8.636567827e+12,660
2005-11-10,366,226,100,108,244,47.3,2.998351172e+11,1.99052899e+11,1.39549983e+13,8.64253273e+12,660
2005-11-11,486,137,69,137,154,47.97,3.04038191e+11,1.99006114e+11,1.416197468e+13,8.642964808e+12,661
2005-11-14,377,236,79,151,107,48.04,3.047982328e+11,1.98803683e+11,1.41984925e+13,8.651975135e+12,657
2005-11-15,190,425,77,162,81,47.62,3.009482018e+11,1.98458627e+11,1.407694549e+13,8.652895462e+12,659
2005-11-16,295,301,96,173,97,47.71,3.021941542e+11,1.98147237e+11,1.411157339e+13,8.653328644e+12,659
2005-11-17,294,312,86,179,136,47.49,3.044123085e+11,1.98663114e+11,1.405408163e+13,8.654292926e+12,660
2005-11-18,442,166,84,205,134,48.15,3.077383185e+11,1.98120151e+11,1.425537986e+13,8.650834119e+12,662
2005-11-21,268,340,86,220,141,48.19,3.096751046e+11,1.99418458e+11,1.424937899e+13,8.659077071e+12,661
2005-11-22,224,362,108,223,141,47.85,3.068545789e+11,1.99838568e+11,1.41475524e+13,8.651736322e+12,661
2005-11-23,318,280,95,208,168,48.28,3.103922859e+11,2.0078246e+11,1.429569506e+13,8.653219004e+12,660
2005-11-24,313,263,117,204,182,48.27,3.106169473e+11,2.00585954e+11,1.427046419e+13,8.653163702e+12,659
2005-11-25,309,271,112,215,175,48.27,3.139237219e+11,2.01244874e+11,1.430574322e+13,8.655529616e+12,659
2005-11-28,464,151,77,255,137,49.05,3.204912274e+11,2.01836276e+11,1.448479565e+13,8.65473345e+12,661
2005-11-29,266,338,88,287,108,48.52,3.187004654e+11,2.02625886e+11,1.437111328e+13,8.689112553e+12,664
2005-11-30,374,240,78,330,92,48.79,3.230825643e+11,2.03697737e+11,1.452592082e+13,8.689589319e+12,665
2005-12-01,236,371,84,320,104,48.7,3.228120905e+11,2.04303271e+11,1.446813651e+13,8.683442355e+12,661
2005-12-02,324,274,93,319,102,49.05,3.217491252e+11,2.02973014e+11,1.456786491e+13,8.665705532e+12,662
2005-12-05,554,79,59,364,88,50.35,3.33158479e+11,2.04858097e+11,1.486018804e+13,8.681560886e+12,663
2005-12-06,318,300,74,401,79,50.3,3.333133741e+11,2.05839735e+11,1.48687405e+13,8.683884278e+12,663
2005-12-07,278,354,60,422,70,49.9,3.318432088e+11,2.0679734e+11,1.481248105e+13,8.679735624e+12,658
2005-12-08,187,415,90,387,77,49.1,3.323117647e+11,2.08697788e+11,1.463034816e+13,8.681880243e+12,656
2005-12-09,344,247,101,345,88,49.1,3.382832864e+11,2.10632178e+11,1.466539726e+13,8.683041238e+12,661
2005-12-12,301,291,100,333,91,49.1,3.378003914e+11,2.11079557e+11,1.467036259e+13,8.678158797e+12,654
2005-12-13,282,295,115,320,87,49.12,3.37521989e+11,2.11344537e+11,1.466016519e+13,8.681355424e+12,660
2005-12-14,275,313,103,313,88,48.81,3.384364257e+11,2.12324115e+11,1.460262266e+13,8.686701099e+12,661
2005-12-15,347,235,108,303,86,48.9,3.439718117e+11,2.13871042e+11,1.464713269e+13,8.68024558e+12,655
2005-12-16,450,162,78,322,85,49.78,3.49301616e+11,2.14327496e+11,1.487595937e+13,8.686349379e+12,662
2005-12-19,515,119,56,412,58,50.35,3.550278707e+11,2.15082527e+11,1.506272696e+13,8.689378945e+12,660
2005-12-20,307,292,91,457,26,50.3,3.571690847e+11,2.16828798e+11,1.505412263e+13,8.691097126e+12,659
2005-12-21,389,223,78,486,21,50.65,3.619101955e+11,2.18481065e+11,1.515434168e+13,8.686081219e+12,657
2005-12-22,191,432,66,487,26,50.25,3.601378081e+11,2.19610625e+11,1.50254655e+13,8.68002428e+12,658
2005-12-23,444,152,93,490,31,51,3.680278329e+11,2.20760793e+11,1.524948161e+13,8.68032303e+12,657
2005-12-26,357,262,71,480,35,51.25,3.732721255e+11,2.23310339e+11,1.530061567e+13,8.678988028e+12,654
2005-12-27,246,371,73,477,35,51.4,3.747805083e+11,2.24772057e+11,1.529525767e+13,8.681585575e+12,658
2005-12-28,232,385,73,441,43,51,3.777554169e+11,2.2663703e+11,1.527601876e+13,8.680612305e+12,657
2005-12-29,377,225,89,385,50,51.35,3.846850643e+11,2.28894297e+11,1.548944668e+13,8.679175469e+12,662
2005-12-30,328,299,64,339,48,51.25,3.899617746e+11,2.31793716e+11,1.541976189e+13,8.679683851e+12,664
2006-01-02,136,511,44,266,59,50.55,3.873960839e+11,2.32997882e+11,1.521171683e+13,8.679670528e+12,660
2006-01-03,520,122,48,264,58,51.45,3.978663327e+11,2.34813142e+11,1.552123713e+13,8.679963402e+12,663
2006-01-04,279,340,72,262,62,51.7,3.945646499e+11,2.35063698e+11,1.558037913e+13,8.679790149e+12,665
2006-01-05,504,133,54,336,59,52.45,4.072464747e+11,2.39084062e+11,1.580190482e+13,8.67988039e+12,664
2006-01-06,281,348,62,340,55,52.3,4.053564125e+11,2.40404689e+11,1.576451917e+13,8.677020585e+12,663
2006-01-09,388,227,77,391,53,52.8,4.102583591e+11,2.41878399e+11,1.586811667e+13,8.680334647e+12,662
2006-01-10,297,319,76,415,46,52.3,4.131197221e+11,2.44457953e+11,1.579389598e+13,8.679934619e+12,664
2006-01-11,354,276,62,430,39,52.55,4.148008843e+11,2.45969884e+11,1.58575261e+13,8.681134187e+12,664
2006-01-12,202,415,75,390,41,52.7,4.059077412e+11,2.44959622e+11,1.583690428e+13,8.681310122e+12,661
2006-01-13,169,450,73,345,38,52.45,4.056203975e+11,2.46299542e+11,1.573297616e+13,8.677996986e+12,660
2006-01-16,254,352,88,271,53,52.85,4.108554913e+11,2.46891208e+11,1.583029026e+13,8.680342759e+12,662
2006-01-17,204,418,72,224,75,52.85,4.109336577e+11,2.47428087e+11,1.580770462e+13,8.682546282e+12,666
2006-01-18,42,626,26,123,106,50.85,3.962174472e+11,2.47527633e+11,1.530278847e+13,8.67968749e+12,661
2006-01-19,289,318,86,67,124,51.4,3.985659152e+11,2.47847412e+11,1.533480265e+13,8.677465805e+12,660
2006-01-20,178,434,81,49,158,51.3,3.918380468e+11,2.46346708e+11,1.52726354e+13,8.678709607e+12,660
2006-01-23,66,577,51,34,194,50.55,3.746596274e+11,2.4270385e+11,1.502363494e+13,8.675713791e+12,656
2006-01-24,489,131,74,32,243,51,3.829313237e+11,2.4188846e+11,1.519602961e+13,8.677761243e+12,665
2006-01-25,392,226,76,44,298,51.35,3.769173037e+11,2.36928249e+11,1.539418838e+13,8.686944589e+12,665
2006-02-03,485,164,45,106,311,51.6,3.835508125e+11,2.37462945e+11,1.553234283e+13,8.679122416e+12,667
2006-02-06,524,98,72,188,241,52.35,3.942745823e+11,2.39134828e+11,1.582427731e+13,8.676998824e+12,664
2006-02-07,344,273,76,226,129,53,3.945290772e+11,2.39425763e+11,1.582235212e+13,8.678958708e+12,665
2006-02-08,174,463,56,221,77,52.3,3.92265427e+11,2.41111778e+11,1.547479962e+13,8.633983708e+12,664
2006-02-09,211,373,108,212,83,52.2,3.931659336e+11,2.41964679e+11,1.562238401e+13,8.676648888e+12,664
2006-02-10,221,377,94,191,125,52.1,3.886709143e+11,2.41733932e+11,1.554537754e+13,8.673526243e+12,663
2006-02-13,173,456,63,163,184,52,3.869001738e+11,2.41771569e+11,1.547108337e+13,8.675706758e+12,665
2006-02-14,364,229,99,138,259,52.25,3.943024742e+11,2.4239234e+11,1.558729573e+13,8.677349432e+12,663
2006-02-15,236,344,112,122,284,52.05,3.913727142e+11,2.41037339e+11,1.554816659e+13,8.672866634e+12,663
2006-02-16,422,163,107,123,275,53.05,3.976608146e+11,2.41484742e+11,1.575616721e+13,8.675447411e+12,663
2006-02-17,279,316,97,120,272,52.95,3.930210976e+11,2.39639979e+11,1.572099315e+13,8.670858492e+12,664
2006-02-20,218,394,80,128,264,52.9,3.911180555e+11,2.39114954e+11,1.575651614e+13,8.673289515e+12,664
2006-02-21,116,508,68,120,300,52.8,3.854076631e+11,2.38222779e+11,1.562051259e+13,8.670586309e+12,661
2006-02-22,71,578,43,94,366,52.1,3.706759473e+11,2.35625572e+11,1.538608124e+13,8.675381943e+12,663
2006-02-23,151,477,64,71,408,51.7,3.630156437e+11,2.34308176e+11,1.52576622e+13,8.675542687e+12,664
2006-02-24,407,200,82,58,411,52.05,3.659630825e+11,2.33127136e+11,1.541268514e+13,8.662311306e+12,663
2006-02-27,256,334,100,66,414,52.4,3.651405836e+11,2.31517895e+11,1.546311013e+13,8.663482329e+12,663
2006-03-01,508,123,59,85,396,52.85,3.750349352e+11,2.31906123e+11,1.557917215e+13,8.67363177e+12,667
2006-03-02,277,304,109,106,357,52.85,3.755970804e+11,2.32365611e+11,1.564319837e+13,8.665945279e+12,662
2006-03-03,112,515,63,111,302,52.05,3.694150179e+11,2.32768837e+11,1.544423447e+13,8.673580683e+12,667
2006-03-06,300,295,94,104,306,52.45,3.759999632e+11,2.34196751e+11,1.54964028e+13,8.674021177e+12,665
2006-03-07,171,421,97,89,343,51.8,3.72265169e+11,2.3493686e+11,1.530641543e+13,8.671194563e+12,664
2006-03-08,280,305,104,90,341,51.4,3.758385135e+11,2.36883703e+11,1.521854627e+13,8.665755703e+12,660
2006-03-09,342,234,112,94,340,51.65,3.770475774e+11,2.37398813e+11,1.528291508e+13,8.659869229e+12,659
2006-03-10,242,341,105,100,340,51.6,3.792514578e+11,2.38290577e+11,1.529375154e+13,8.661645263e+12,662
2006-03-13,360,243,85,114,307,51.8,3.87161796e+11,2.392936e+11,1.54207426e+13,8.66652585e+12,662
2006-03-14,126,499,63,118,324,51.3,3.813008563e+11,2.38926265e+11,1.522528745e+13,8.669021597e+12,663
2006-03-15,326,265,97,107,318,52.15,3.876564324e+11,2.39770124e+11,1.53623177e+13,8.66885352e+12,662
2006-03-16,218,389,81,101,345,51.9,3.857764572e+11,2.40316906e+11,1.532749911e+13,8.670782264e+12,662
2006-03-17,314,290,85,116,313,52,3.917630866e+11,2.42467158e+11,1.538467398e+13,8.675208359e+12,662
2006-03-20,283,305,101,122,312,51.95,3.936853874e+11,2.4362387e+11,1.544364522e+13,8.71525266e+12,660
2006-03-21,174,421,94,121,302,51.55,3.860999197e+11,2.43093052e+11,1.530244862e+13,8.716234947e+12,662
2006-03-22,216,382,91,114,323,50.75,3.858796273e+11,2.44202083e+11,1.514813461e+13,8.742546142e+12,664
2006-03-23,205,391,94,100,343,50.5,3.805322444e+11,2.43208568e+11,1.508936953e+13,8.745857757e+12,664
2006-03-24,316,274,100,98,328,50.9,3.77731883e+11,2.42268891e+11,1.511763989e+13,8.744693544e+12,661
2006-03-27,376,235,80,102,311,51.05,3.812107397e+11,2.4200576e+11,1.523110355e+13,8.749357135e+12,663
2006-03-28,335,255,101,115,279,51.5,3.840960467e+11,2.41701717e+11,1.530125048e+13,8.754511735e+12,661
2006-03-29,314,252,125,134,250,51.7,3.873716047e+11,2.41398595e+11,1.541199635e+13,8.756563443e+12,665
2006-03-30,391,203,97,162,217,52.3,3.874340262e+11,2.40973203e+11,1.552315108e+13,8.777117724e+12,664
2006-03-31,451,155,86,176,170,52.8,3.919313978e+11,2.40167273e+11,1.569305993e+13,8.78770581e+12,667
2006-04-03,409,204,78,205,108,53.1,3.943599543e+11,2.38990176e+11,1.579990604e+13,8.789891976e+12,665
2006-04-04,287,306,97,225,81,53.1,3.902403382e+11,2.37198904e+11,1.580152172e+13,8.788038113e+12,665
2006-04-06,520,111,59,254,56,53.7,3.933804643e+11,2.35866822e+11,1.602939732e+13,8.790102843e+12,665
2006-04-07,339,272,81,278,44,53.9,3.917888003e+11,2.35532932e+11,1.618977821e+13,8.773358734e+12,666
2006-04-10,309,307,77,301,41,54.1,3.862249047e+11,2.3208431e+11,1.617903127e+13,8.767635399e+12,667
2006-04-11,302,317,74,329,62,53.55,3.820752677e+11,2.29628854e+11,1.613128013e+13,8.765479075e+12,666
2006-04-12,464,159,71,358,62,53.95,3.85367977e+11,2.28965957e+11,1.625457031e+13,8.770592568e+12,667
2006-04-13,446,187,61,382,58,54.4,3.94321488e+11,2.33799331e+11,1.636332628e+13,8.770182611e+12,669
2006-04-14,478,154,62,431,40,55.05,4.02474273e+11,2.35964712e+11,1.659286182e+13,8.77230665e+12,667
2006-04-17,462,173,59,462,28,55.2,4.039083781e+11,2.36914658e+11,1.680209522e+13,8.812762857e+12,667
2006-04-18,270,368,56,496,22,55.3,4.076582019e+11,2.38820474e+11,1.67887847e+13,8.824344939e+12,670
2006-04-19,316,303,74,497,31,55.7,4.087030499e+11,2.3929832e+11,1.690596306e+13,8.823291882e+12,669
2006-04-20,357,264,72,517,32,56.1,4.160755426e+11,2.40977287e+11,1.705996153e+13,8.860787994e+12,669
2006-04-21,225,394,75,498,36,56.25,4.163344476e+11,2.42369335e+11,1.70365408e+13,8.873169214e+12,673
2006-04-24,385,248,62,460,39,56.35,4.220075558e+11,2.45578305e+11,1.70321939e+13,8.881782989e+12,670
2006-04-25,314,329,52,409,43,55.85,4.200107209e+11,2.47483594e+11,1.694558017e+13,8.892207742e+12,671
2006-04-26,488,144,63,407,44,56.85,4.302029536e+11,2.50426689e+11,1.721841626e+13,8.927849162e+12,673
2006-04-27,293,345,56,395,46,56.6,4.260655976e+11,2.5279336e+11,1.711231063e+13,8.981624769e+12,670
2006-04-28,314,301,79,385,44,56.8,4.316324521e+11,2.54224075e+11,1.720435313e+13,9.080418711e+12,671
2006-05-02,404,253,37,368,48,56.8,4.375788834e+11,2.56927701e+11,1.726193343e+13,9.078090395e+12,670
2006-05-03,369,270,55,382,46,57.2,4.426102684e+11,2.57455764e+11,1.737174282e+13,9.462393191e+12,673
2006-05-04,376,262,56,395,62,58,4.478856362e+11,2.59224327e+11,1.761742485e+13,9.456925114e+12,671
2006-05-05,311,336,47,405,63,58.4,4.487701978e+11,2.61207538e+11,1.76891924e+13,9.469882281e+12,671
2006-05-08,451,193,50,421,63,59.2,4.596127968e+11,2.65367315e+11,1.793863369e+13,9.467997949e+12,672
2006-05-09,255,376,63,421,71,58.5,4.538754381e+11,2.65042422e+11,1.774722094e+13,9.470625486e+12,673
2006-05-10,297,344,53,407,80,57.4,4.558853456e+11,2.6859883e+11,1.7605081e+13,9.487371478e+12,673
2006-05-11,337,312,45,378,85,57.75,4.639913252e+11,2.70872024e+11,1.769042528e+13,9.488033573e+12,672
2006-05-12,301,331,61,364,85,57.5,4.650724294e+11,2.74123565e+11,1.749332063e+13,9.5795477e+12,671
2006-05-15,337,284,72,330,87,56,4.693212015e+11,2.78779852e+11,1.723723564e+13,9.610282766e+12,672
2006-05-16,168,476,49,277,89,55.2,4.662958737e+11,2.80762072e+11,1.698700011e+13,9.683713104e+12,672
2006-05-17,275,357,62,231,94,55.6,4.677246311e+11,2.81114922e+11,1.713461402e+13,9.714557097e+12,673
2006-05-18,242,395,57,174,107,54.65,4.690130362e+11,2.83143653e+11,1.693533836e+13,9.703892867e+12,674
2006-05-19,349,272,73,149,112,54.75,4.741752948e+11,2.84500908e+11,1.704781737e+13,9.710771959e+12,674
2006-05-22,154,487,53,146,127,53.9,4.649971378e+11,2.84299063e+11,1.672809e+13,9.716714791e+12,674
2006-05-23,175,464,54,125,142,53,4.55991404e+11,2.84333865e+11,1.649863871e+13,9.707943811e+12,673
2006-05-24,374,248,71,99,168,53.35,4.534585067e+11,2.82956353e+11,1.657735055e+13,9.712540246e+12,671
2006-05-25,361,255,77,104,197,53.35,4.5513947e+11,2.84150344e+11,1.654520487e+13,9.710789037e+12,669
2006-05-26,272,336,85,139,195,53.3,4.493236444e+11,2.82936702e+11,1.660075389e+13,9.713973691e+12,670
2006-05-29,257,351,85,168,211,53.6,4.498647333e+11,2.82330504e+11,1.659902254e+13,9.713764978e+12,668
2006-05-30,218,415,60,140,216,53.4,4.459155338e+11,2.7952764e+11,1.653422807e+13,9.714216986e+12,669
2006-06-01,334,288,71,112,235,53.4,4.46990137e+11,2.7930863e+11,1.660178597e+13,9.724656624e+12,672
2006-06-02,326,277,90,115,241,54.3,4.478617556e+11,2.78382771e+11,1.683219916e+13,9.730966958e+12,672
2006-06-05,37,635,21,89,304,52.45,4.196804138e+11,2.73766011e+11,1.625414251e+13,9.739431136e+12,672
2006-06-06,232,388,73,57,361,52.9,4.164859911e+11,2.72363826e+11,1.629963164e+13,9.744197101e+12,671
2006-06-07,145,485,63,32,407,51.85,4.039500326e+11,2.7039451e+11,1.602452331e+13,9.749663797e+12,670
2006-06-08,15,657,21,14,457,49.99,3.745553639e+11,2.62682263e+11,1.532952109e+13,9.740294332e+12,671
2006-06-09,460,165,69,10,501,50.8,3.84327409e+11,2.608685e+11,1.559939236e+13,9.734836609e+12,669
2006-06-12,266,340,88,11,524,50.7,3.83433107e+11,2.58862156e+11,1.562499639e+13,9.748770699e+12,672
2006-06-13,186,433,75,15,536,49.6,3.774299233e+11,2.58697288e+11,1.536685317e+13,9.749305472e+12,671
2006-06-14,574,71,49,22,520,51.1,3.885195851e+11,2.59552305e+11,1.568310969e+13,9.742394653e+12,668
2006-06-15,171,443,80,31,488,50.8,3.795144914e+11,2.57260778e+11,1.557924982e+13,9.739129709e+12,671
2006-06-16,546,90,58,45,334,51.9,3.838742954e+11,2.56175749e+11,1.592875525e+13,9.73995592e+12,671
2006-06-19,302,319,73,39,249,51.85,3.80650333e+11,2.55389323e+11,1.594889292e+13,9.743246965e+12,672
2006-06-20,46,621,27,41,237,50.45,3.652449587e+11,2.52765552e+11,1.536101134e+13,9.724660865e+12,671
2006-06-21,90,541,63,29,334,50.2,3.51292147e+11,2.48309167e+11,1.520016088e+13,9.716208869e+12,669
2006-06-22,605,46,43,26,442,51.65,3.646916226e+11,2.47156124e+11,1.564511151e+13,9.714591259e+12,672
2006-06-23,240,375,79,22,440,51.15,3.640835097e+11,2.45247965e+11,1.556282807e+13,9.712549984e+12,668
2006-06-26,502,114,76,40,323,51.8,3.70645793e+11,2.44747251e+11,1.573693726e+13,9.717033321e+12,670
2006-06-27,438,169,85,41,270,51.85,3.729590413e+11,2.44320252e+11,1.586967753e+13,9.724581509e+12,670
2006-06-28,247,364,81,50,181,51.55,3.752855102e+11,2.45684091e+11,1.579292836e+13,9.726383364e+12,670
2006-06-29,500,103,89,66,137,52.2,3.794191429e+11,2.46293198e+11,1.595275086e+13,9.721210512e+12,668
2006-06-30,418,194,80,75,95,53.1,3.805332083e+11,2.44332725e+11,1.618541175e+13,9.718927676e+12,669
2006-07-03,324,280,88,87,55,53.05,3.81002559e+11,2.44461446e+11,1.622567164e+13,9.727368757e+12,669
2006-07-04,299,279,114,101,62,53.35,3.813114332e+11,2.43767397e+11,1.625304869e+13,9.722048902e+12,668
2006-07-05,143,480,69,107,131,52.7,3.771633835e+11,2.43913864e+11,1.606551747e+13,9.727061203e+12,668
2006-07-06,351,237,103,116,177,52.6,3.826312597e+11,2.45669012e+11,1.606098081e+13,9.728858722e+12,667
2006-07-07,301,304,86,113,234,52.3,3.80939453e+11,2.45143047e+11,1.607337623e+13,9.732640229e+12,668
2006-07-10,318,283,90,120,230,53.1,3.847237533e+11,2.45511572e+11,1.619464815e+13,9.758460175e+12,669
2006-07-11,220,360,111,112,223,52.7,3.811922602e+11,2.45839662e+11,1.60821023e+13,9.75416806e+12,669
2006-07-12,211,371,109,105,233,52.5,3.786679605e+11,2.44814221e+11,1.607826633e+13,9.758747403e+12,670
2006-07-13,161,411,119,89,262,52.1,3.763572412e+11,2.4546229e+11,1.591608011e+13,9.760865538e+12,671
2006-07-14,69,567,55,73,316,50.8,3.682660449e+11,2.45550841e+11,1.557714161e+13,9.753405597e+12,670
2006-07-17,36,611,44,50,401,49.63,3.48983509e+11,2.41817472e+11,1.515920663e+13,9.75198003e+12,669
2006-07-18,431,170,90,38,437,49.97,3.536961472e+11,2.4106042e+11,1.519823289e+13,9.744371764e+12,668
2006-07-19,294,298,99,37,447,49.99,3.519180584e+11,2.40107876e+11,1.517523079e+13,9.741511823e+12,671
2006-07-20,549,73,69,58,439,51.35,3.61835786e+11,2.39675684e+11,1.555546261e+13,9.730418055e+12,671
2006-07-21,258,353,80,67,414,51.2,3.613678934e+11,2.38710528e+11,1.549566934e+13,9.734289921e+12,670
2006-07-24,181,422,88,97,361,50.6,3.569634044e+11,2.37806447e+11,1.534508022e+13,9.736454005e+12,670
2006-07-25,431,159,101,109,345,50.85,3.57596444e+11,2.36489391e+11,1.541623828e+13,9.729923765e+12,671
2006-07-26,234,348,109,112,296,50.9,3.559186793e+11,2.37190493e+11,1.52983678e+13,9.707353633e+12,666
2006-07-27,433,142,116,132,215,51.6,3.607326623e+11,2.3653459e+11,1.549606218e+13,9.701229266e+12,668
2006-07-28,385,206,99,144,174,51.55,3.614481395e+11,2.35849708e+11,1.555287114e+13,9.709013509e+12,671
2006-07-31,254,338,98,165,158,51.4,3.562326664e+11,2.34438539e+11,1.549479404e+13,9.701812987e+12,670
2006-08-01,255,319,116,174,176,51.45,3.556338077e+11,2.34348602e+11,1.54115614e+13,9.655032498e+12,669
2006-08-02,350,224,116,166,190,51.8,3.579228421e+11,2.3495341e+11,1.544143138e+13,9.642836877e+12,674
2006-08-03,303,267,120,178,192,51.95,3.574426307e+11,2.34687456e+11,1.539858961e+13,9.625929897e+12,670
2006-08-04,217,382,91,179,196,51.45,3.550770013e+11,2.34154239e+11,1.535513542e+13,9.632016614e+12,674
2006-08-07,153,457,80,148,244,51.4,3.525551679e+11,2.33264911e+11,1.527420869e+13,9.612364602e+12,667
2006-08-08,450,141,98,139,268,52.25,3.573202043e+11,2.32971631e+11,1.544335209e+13,9.606449481e+12,672
2006-08-09,372,219,98,148,261,53,3.585328624e+11,2.312507e+11,1.559072143e+13,9.577692644e+12,671
2006-08-10,285,306,98,177,220,53.1,3.589997596e+11,2.31269769e+11,1.558942133e+13,9.588022804e+12,670
2006-08-11,213,397,79,173,221,53,3.571500969e+11,2.30939249e+11,1.556806146e+13,9.591708367e+12,671
2006-08-14,340,243,106,170,232,53.45,3.590531749e+11,2.30975016e+11,1.565513388e+13,9.588268787e+12,670
2006-08-15,328,264,97,164,240,53.5,3.602383868e+11,2.30518196e+11,1.565623189e+13,9.577676494e+12,667
2006-08-16,455,151,83,183,203,54.3,3.632536356e+11,2.30175377e+11,1.585293218e+13,9.578302586e+12,668
2006-08-17,284,310,95,198,181,54.75,3.621186583e+11,2.2967628e+11,1.577790266e+13,9.551008076e+12,672
2006-08-18,220,396,74,200,145,54.6,3.591124971e+11,2.29331737e+11,1.575088558e+13,9.553237637e+12,672
2006-08-21,31,630,29,117,266,52.9,3.374205048e+11,2.26046883e+11,1.523080963e+13,9.543396571e+12,671
2006-08-22,441,139,109,69,313,53.4,3.444483663e+11,2.26952991e+11,1.536844023e+13,9.538298952e+12,669
2006-08-23,186,414,89,45,353,53.5,3.43642258e+11,2.26818616e+11,1.530864665e+13,9.537368379e+12,668
2006-08-24,294,272,122,63,364,53.15,3.449524353e+11,2.2728813e+11,1.528819174e+13,9.533789059e+12,670
2006-08-25,237,352,99,62,380,53.2,3.414546926e+11,2.26839251e+11,1.526632031e+13,9.529146105e+12,669
2006-08-28,82,547,59,58,395,52.55,3.337140501e+11,2.25475955e+11,1.511689608e+13,9.533162451e+12,666
2006-08-29,382,206,100,56,407,52.9,3.358410144e+11,2.24915357e+11,1.521452192e+13,9.533030426e+12,670
2006-08-30,510,102,76,68,409,53.7,3.414225254e+11,2.2420648e+11,1.548170715e+13,9.427122883e+12,667
2006-08-31,319,278,91,97,340,54.25,3.390952968e+11,2.22629267e+11,1.56521895e+13,9.307129991e+12,668
2006-09-01,285,326,77,124,245,54.35,3.390826923e+11,2.21898951e+11,1.574353742e+13,9.265489652e+12,669
2006-09-04,461,141,86,132,204,55.05,3.441532117e+11,2.21493891e+11,1.599949104e+13,9.281818919e+12,669
2006-09-05,201,386,101,141,189,55.2,3.423436125e+11,2.21595461e+11,1.597624428e+13,9.293058124e+12,669
2006-09-06,150,451,87,145,183,54.75,3.395231552e+11,2.21323797e+11,1.587930529e+13,9.299921322e+12,667
2006-09-07,248,330,110,142,221,54.55,3.416581437e+11,2.22256993e+11,1.588796823e+13,9.307689897e+12,671
2006-09-08,291,301,97,130,243,54.7,3.423637102e+11,2.22123908e+11,1.590663767e+13,9.314578614e+12,670
2006-09-11,337,243,110,141,247,54.75,3.422143433e+11,2.21584147e+11,1.590212621e+13,9.308349687e+12,670
2006-09-12,88,520,81,125,297,54.15,3.3478327e+11,2.20843114e+11,1.576317643e+13,9.324936661e+12,670
2006-09-13,243,334,113,97,330,54.9,3.345918898e+11,2.20852625e+11,1.586255354e+13,9.337414542e+12,673
2006-09-14,69,566,55,52,380,54.6,3.233304787e+11,2.17922742e+11,1.569979919e+13,9.331988739e+12,673
2006-09-15,472,137,81,59,393,55.25,3.272317513e+11,2.17055299e+11,1.61132977e+13,9.368982486e+12,672
2006-09-18,640,24,26,88,352,56.9,3.412780542e+11,2.17892331e+11,1.659359716e+13,9.366555241e+12,674
2006-09-19,300,297,92,140,241,56.95,3.417102063e+11,2.18466886e+11,1.657389322e+13,9.333379422e+12,672
2006-09-20,331,262,95,183,108,56.6,3.439443059e+11,2.20044573e+11,1.656588856e+13,9.328238219e+12,672
2006-09-21,396,217,74,177,96,56.75,3.458467496e+11,2.21205023e+11,1.667525731e+13,9.371728071e+12,670
2006-09-22,339,244,104,187,78,56.45,3.490040887e+11,2.2294047e+11,1.666443888e+13,9.371906595e+12,670
2006-09-25,437,183,67,211,58,56.6,3.547039367e+11,2.24896849e+11,1.673246439e+13,9.378775111e+12,671
2006-09-26,265,342,80,237,52,56.6,3.53040601e+11,2.2522556e+11,1.671438511e+13,9.374713874e+12,671
2006-09-27,418,193,76,272,47,57,3.557849082e+11,2.25830528e+11,1.682243298e+13,9.37980392e+12,669
2006-09-28,144,478,65,274,79,56.5,3.481652936e+11,2.24184572e+11,1.667863196e+13,9.376820514e+12,667
2006-09-29,388,208,92,293,99,56.35,3.518708246e+11,2.25278589e+11,1.667693102e+13,9.383075594e+12,672
2006-10-02,460,169,59,295,110,56.75,3.55170931e+11,2.26003895e+11,1.694204836e+13,9.382902208e+12,672
2006-10-03,320,292,74,340,96,56.9,3.574396008e+11,2.26636614e+11,1.693270028e+13,9.382513166e+12,667
2006-10-04,246,366,74,349,98,56.25,3.560344132e+11,2.27338283e+11,1.67322327e+13,9.386721971e+12,669
2006-10-05,459,162,65,349,90,57.25,3.565277495e+11,2.25575513e+11,1.703916325e+13,9.377659295e+12,668
2006-10-11,429,209,50,370,83,57.3,3.617734285e+11,2.27979731e+11,1.709203768e+13,9.408659685e+12,670
2006-10-12,252,365,71,403,82,57,3.620453302e+11,2.29656301e+11,1.70389558e+13,9.409027877e+12,670
2006-10-13,485,138,64,426,69,57.65,3.693622251e+11,2.31351609e+11,1.724050264e+13,9.409782121e+12,670
2006-10-16,363,271,53,460,61,58.2,3.743885737e+11,2.33126428e+11,1.746248208e+13,9.428953912e+12,673
2006-10-17,194,418,74,468,54,57.85,3.716219823e+11,2.33083375e+11,1.728908566e+13,9.435685802e+12,672
2006-10-18,194,415,78,424,59,57,3.709131373e+11,2.33991501e+11,1.7143889e+13,9.441056176e+12,671
2006-10-19,285,301,101,365,66,56.7,3.7155703e+11,2.34627733e+11,1.709149931e+13,9.44038118e+12,670
2006-10-20,435,179,74,348,64,57,3.762522649e+11,2.35648125e+11,1.719918116e+13,9.44370725e+12,673
2006-10-23,331,280,77,353,68,57,3.769444082e+11,2.36331337e+11,1.719821634e+13,9.437428228e+12,671
2006-10-24,366,230,91,362,60,57.5,3.774475001e+11,2.36442295e+11,1.746278913e+13,9.462082524e+12,675
2006-10-25,186,427,73,357,61,57.4,3.744067149e+11,2.36315187e+11,1.736310723e+13,9.456125951e+12,674
2006-10-26,289,302,96,334,69,53.6,3.753300637e+11,2.36249951e+11,1.741409864e+13,9.496631297e+12,671
2006-10-27,192,424,71,284,72,53.9,3.728699591e+11,2.35789557e+11,1.742825587e+13,9.565267842e+12,671
2006-10-30,207,410,70,256,81,53.15,3.73086487e+11,2.37118924e+11,1.721024958e+13,9.64917686e+12,671
2006-10-31,309,275,105,219,84,53.4,3.735193363e+11,2.37212283e+11,1.727824097e+13,9.758577636e+12,673
2006-11-01,340,261,86,206,89,53.25,3.757718484e+11,2.37782663e+11,1.726795509e+13,9.795625686e+12,672
2006-11-02,358,251,78,246,82,53.5,3.796907575e+11,2.38841047e+11,1.742131249e+13,9.793654547e+12,670
2006-11-03,467,143,79,298,74,54.45,3.85447163e+11,2.39825828e+11,1.764552221e+13,9.79367867e+12,673
2006-11-06,159,479,50,337,72,53.9,3.814960581e+11,2.39800358e+11,1.75443644e+13,9.784313353e+12,671
2006-11-07,491,138,59,380,76,54.3,3.882630021e+11,2.41136378e+11,1.770228493e+13,9.786499824e+12,672
2006-11-08,333,287,68,373,83,54.15,3.91596293e+11,2.42554144e+11,1.768257121e+13,9.772585461e+12,674
2006-11-09,242,371,75,396,75,53.95,3.897423939e+11,2.44653978e+11,1.761287118e+13,9.780279958e+12,674
2006-11-10,343,253,93,381,81,54,3.943700988e+11,2.4644436e+11,1.76720748e+13,9.777154142e+12,675
2006-11-13,318,296,75,349,87,53.6,3.959643263e+11,2.47580475e+11,1.757460249e+13,9.769930935e+12,676
2006-11-14,416,209,64,361,83,54.05,4.00876253e+11,2.48540429e+11,1.774635158e+13,9.757165181e+12,676
2006-11-15,339,283,67,365,80,54.25,4.036625838e+11,2.48847818e+11,1.783064313e+13,9.788471347e+12,675
2006-11-16,345,276,68,371,63,54.4,4.025764247e+11,2.49085113e+11,1.787095581e+13,9.783858319e+12,674
2006-11-17,333,283,73,361,53,54.4,4.040470125e+11,2.50481567e+11,1.788164033e+13,9.786805799e+12,677
2006-11-20,269,361,60,347,49,53.9,4.051492483e+11,2.51009794e+11,1.787558656e+13,9.782007767e+12,673
2006-11-21,323,283,82,338,48,54.75,4.077846477e+11,2.50838495e+11,1.800418448e+13,9.787022148e+12,676
2006-11-22,381,234,73,344,51,55.1,4.105333353e+11,2.51525566e+11,1.809460183e+13,9.784349165e+12,674
2006-11-23,382,240,66,371,46,55.25,4.104415122e+11,2.51546812e+11,1.819742403e+13,9.796929662e+12,679
2006-11-24,397,200,91,402,38,55.55,4.167640343e+11,2.52665011e+11,1.830901394e+13,9.803103667e+12,678
2006-11-27,369,250,68,438,34,55.85,4.178971968e+11,2.52321135e+11,1.847841867e+13,9.801169931e+12,675
2006-11-28,252,375,60,453,36,55.65,4.163335349e+11,2.52890587e+11,1.834507085e+13,9.800851976e+12,677
2006-11-29,311,298,78,429,36,55.75,4.168642202e+11,2.53591695e+11,1.842093412e+13,9.80211501e+12,679
2006-11-30,512,117,59,445,39,56.3,4.228938057e+11,2.5460986e+11,1.865488742e+13,9.808309191e+12,681
2006-12-01,403,230,55,482,31,56.6,4.231974015e+11,2.54622751e+11,1.876705247e+13,9.808060985e+12,681
2006-12-04,466,189,33,508,31,56.95,4.284613049e+11,2.56805221e+11,1.885080496e+13,9.79930542e+12,681
2006-12-05,141,506,41,480,35,56.8,4.214622983e+11,2.5656926e+11,1.875899009e+13,9.795118641e+12,680
2006-12-06,506,129,53,467,36,57.5,4.295646999e+11,2.58284963e+11,1.896519506e+13,9.801711982e+12,681
2006-12-07,272,344,71,427,42,57.3,4.283658818e+11,2.58492151e+11,1.894697747e+13,9.799525439e+12,680
2006-12-08,335,276,77,416,41,56.55,4.311534209e+11,2.60648236e+11,1.881748665e+13,9.796206674e+12,678
2006-12-11,340,291,58,396,43,56.5,4.341222125e+11,2.63484616e+11,1.876613447e+13,9.797974738e+12,680
2006-12-12,134,504,51,344,51,55.3,4.240443469e+11,2.63359237e+11,1.838005602e+13,9.795153453e+12,676
2006-12-13,180,450,58,248,59,55.25,4.223989957e+11,2.63682211e+11,1.836200019e+13,9.794571857e+12,678
2006-12-14,461,163,65,193,69,55.6,4.272524082e+11,2.62858867e+11,1.843375073e+13,9.794357666e+12,677
2006-12-15,432,186,71,195,60,55.95,4.298576767e+11,2.63075254e+11,1.858940402e+13,9.796489308e+12,681
2006-12-18,469,160,60,283,56,56.7,4.373699792e+11,2.6433728e+11,1.880111896e+13,9.796896682e+12,680
2006-12-19,281,347,60,336,50,56.45,4.388829269e+11,2.65440246e+11,1.873774896e+13,9.799349054e+12,680
2006-12-20,458,161,68,431,37,56.5,4.452091667e+11,2.66978077e+11,1.886660427e+13,9.799786122e+12,679
2006-12-21,203,440,44,423,35,56.5,4.404025614e+11,2.66829072e+11,1.879839404e+13,9.797378199e+12,679
2006-12-22,348,264,75,423,29,56.5,4.452012157e+11,2.6819958e+11,1.887644494e+13,9.796553026e+12,679
2006-12-25,416,197,75,419,33,56.4,4.493378547e+11,2.69684293e+11,1.886693218e+13,9.796229978e+12,682
2006-12-26,459,167,61,464,22,56.75,4.553610566e+11,2.71034208e+11,1.906473994e+13,9.791950662e+12,679
2006-12-27,259,369,60,485,18,57.05,4.563887628e+11,2.72351644e+11,1.909453813e+13,9.803229097e+12,681
2006-12-28,212,408,68,459,23,57.1,4.551399695e+11,2.72776214e+11,1.90932569e+13,9.805706947e+12,680
2006-12-29,506,122,60,445,33,57.75,4.632090679e+11,2.74286738e+11,1.931847474e+13,9.806474413e+12,681
2007-01-02,,,,452,34,58.45,4.683152249e+11,2.75665895e+11,1.956925744e+13,9.815641799e+12,681
2007-01-03,,,,465,31,58.7,4.653630519e+11,2.7543865e+11,1.956043825e+13,9.818459104e+12,682
2007-01-04,,,,444,37,58.65,4.707521101e+11,2.77831808e+11,1.959958498e+13,9.811245869e+12,678
2007-01-05,,,,340,45,57.9,4.719235173e+11,2.79768928e+11,1.935275994e+13,9.81099878e+12,679
2007-01-08,,,,271,55,57.05,4.674054626e+11,2.81250309e+11,1.911273395e+13,9.81275454e+12,678
2007-01-09,,,,251,56,57.3,4.737218487e+11,2.82929933e+11,1.924433461e+13,9.816663696e+12,680
2007-01-10,,,,233,66,56.5,4.713127714e+11,2.84314768e+11,1.90165902e+13,9.80653619e+12,678
2007-01-11,,,,184,99,56.25,4.568280185e+11,2.83196488e+11,1.881851246e+13,9.81450273e+12,679
2007-01-12,,,,155,122,57.5,4.658688417e+11,2.84599437e+11,1.917382559e+13,9.812713198e+12,678
2007-01-15,,,,150,140,57.9,4.652511413e+11,2.84242971e+11,1.922842895e+13,9.814768309e+12,681
2007-01-16,,,,187,155,57.55,4.616323469e+11,2.83111297e+11,1.924884255e+13,9.813050785e+12,681
2007-01-17,,,,214,161,58,4.668993619e+11,2.83346956e+11,1.934611067e+13,9.812753895e+12,680
2007-01-18,,,,254,156,58.4,4.721540427e+11,2.83809745e+11,1.948692945e+13,9.818581533e+12,680
2007-01-19,,,,278,146,58,4.70785054e+11,2.84570487e+11,1.93478391e+13,9.813897998e+12,678
2007-01-22,,,,292,140,57.85,4.697725639e+11,2.84907789e+11,1.932858614e+13,9.799620027e+12,674
2007-01-23,,,,300,138,57.75,4.705737112e+11,2.85260561e+11,1.935928218e+13,9.811724767e+12,677
2007-01-24,,,,295,112,58.6,4.737539819e+11,2.85417725e+11,1.956382383e+13,9.807313647e+12,676
2007-01-25,,,,273,120,58.75,4.704489144e+11,2.84949517e+11,1.953538369e+13,9.807642456e+12,675
2007-01-26,,,,248,127,57.7,4.710565094e+11,2.85841659e+11,1.929198761e+13,9.814886208e+12,677
2007-01-29,,,,172,165,57.15,4.625331928e+11,2.84631852e+11,1.91134638e+13,9.810075143e+12,675
2007-01-30,,,,123,192,57.15,4.591069882e+11,2.84528543e+11,1.90940159e+13,9.81594151e+12,676
2007-01-31,,,,95,223,56.7,4.548134102e+11,2.8313332e+11,1.899645429e+13,9.815297602e+12,677
2007-02-01,,,,87,242,56.75,4.53284409e+11,2.82085855e+11,1.899441879e+13,9.813267104e+12,676
2007-02-02,,,,84,256,57.4,4.559961872e+11,2.81562551e+11,1.921031547e+13,9.818126705e+12,679
2007-02-05,,,,102,248,57.3,4.550805391e+11,2.80722761e+11,1.92260501e+13,9.81884639e+12,679
2007-02-06,,,,141,213,57.8,4.610549711e+11,2.80788863e+11,1.944450595e+13,9.811664685e+12,676
2007-02-07,,,,172,206,57.85,4.555049421e+11,2.79071313e+11,1.93818776e+13,9.812386584e+12,677
2007-02-08,,,,181,197,57.8,4.542016227e+11,2.78495464e+11,1.936351275e+13,9.809393253e+12,675
2007-02-09,,,,177,200,57.75,4.545082383e+11,2.77800168e+11,1.939955176e+13,9.807584522e+12,677
2007-02-12,,,,160,215,57.2,4.483396583e+11,2.76338474e+11,1.918737819e+13,9.80818744e+12,676
2007-02-13,,,,144,217,56.7,4.459078588e+11,2.74684011e+11,1.909764178e+13,9.808969178e+12,677
2007-02-14,,,,137,238,57.15,4.429758293e+11,2.70939758e+11,1.927597725e+13,9.806549612e+12,676
2007-02-26,,,,175,179,57.95,4.501597476e+11,2.71605681e+11,1.949830034e+13,9.806897294e+12,678
2007-02-27,,,,223,143,57.75,4.543077808e+11,2.73119948e+11,1.951875055e+13,9.814162127e+12,677
2007-03-01,,,,202,181,56.05,4.507224589e+11,2.76524716e+11,1.895738388e+13,9.804754002e+12,676
2007-03-02,,,,172,218,55.7,4.550928278e+11,2.78631318e+11,1.893876072e+13,9.805017298e+12,676
2007-03-05,,,,117,318,53.45,4.317665843e+11,2.78012594e+11,1.813365287e+13,9.809201333e+12,676
2007-03-06,,,,96,335,54,4.396744371e+11,2.78380486e+11,1.838869956e+13,9.801645596e+12,675
2007-03-07,,,,79,371,54.3,4.418235258e+11,2.781215e+11,1.846820652e+13,9.809167997e+12,674
2007-03-08,,,,113,352,54.95,4.540794947e+11,2.7991582e+11,1.869829252e+13,9.804565934e+12,676
2007-03-09,,,,134,333,54.75,4.529044118e+11,2.79798213e+11,1.868464555e+13,9.806516388e+12,674
2007-03-12,,,,162,301,55.3,4.554880429e+11,2.79675226e+11,1.883638621e+13,9.811662268e+12,677
2007-03-13,,,,188,261,55.8,4.581325677e+11,2.80001999e+11,1.896922129e+13,9.811405774e+12,676
2007-03-14,,,,203,225,54.95,4.547999229e+11,2.81577363e+11,1.869180068e+13,9.814358822e+12,674
2007-03-15,,,,209,198,55.75,4.660250841e+11,2.82847725e+11,1.895312482e+13,9.812646102e+12,673
2007-03-16,,,,209,145,55.85,4.695409721e+11,2.84315576e+11,1.90510662e+13,9.819814908e+12,673
2007-03-19,,,,242,101,56,4.734585362e+11,2.85373504e+11,1.910218718e+13,9.826664857e+12,675
2007-03-20,,,,238,89,56.15,4.702773596e+11,2.84757458e+11,1.909990926e+13,9.825486995e+12,674
2007-03-21,,,,240,83,56.25,4.708237201e+11,2.84757078e+11,1.908186973e+13,9.763879918e+12,674
2007-03-22,,,,225,81,56.9,4.68903462e+11,2.83059647e+11,1.923803728e+13,9.763187342e+12,673
2007-03-23,,,,239,79,56.7,4.732873205e+11,2.84007637e+11,1.93275008e+13,9.766561089e+12,674
2007-03-26,,,,262,75,57.1,4.773957355e+11,2.84590309e+11,1.941311831e+13,9.78554434e+12,674
2007-03-27,,,,274,90,56.9,4.730709509e+11,2.83747051e+11,1.934025669e+13,9.787330586e+12,675
2007-03-28,,,,272,109,56.25,4.758645936e+11,2.86013e+11,1.919104194e+13,9.803211621e+12,674
2007-03-29,,,,276,121,56.55,4.843838434e+11,2.88683604e+11,1.932252645e+13,9.805506803e+12,675
2007-03-30,,,,306,113,56.45,4.862285621e+11,2.89051447e+11,1.951286843e+13,9.884624111e+12,676
2007-04-02,,,,346,84,56.7,4.88154513e+11,2.89531482e+11,1.951490804e+13,9.859931098e+12,674
2007-04-03,,,,369,67,56.85,4.926031858e+11,2.90233065e+11,1.962989077e+13,9.86024473e+12,675
2007-04-04,,,,391,51,57.75,4.900346861e+11,2.89093391e+11,1.981102982e+13,9.859780134e+12,675
2007-04-09,,,,412,36,58.15,4.894805599e+11,2.88493633e+11,1.993596995e+13,9.883779924e+12,675
2007-04-10,,,,390,31,58.1,4.818165151e+11,2.85136291e+11,1.991508496e+13,9.888781638e+12,676
2007-04-11,,,,376,30,58.5,4.777391222e+11,2.82347874e+11,2.000258787e+13,9.888268125e+12,676
2007-04-12,,,,392,39,58.25,4.767837657e+11,2.80419072e+11,1.997685711e+13,9.904924572e+12,674
2007-04-13,,,,384,44,57.6,4.712541176e+11,2.80931515e+11,1.976900328e+13,9.926967662e+12,675
2007-04-16,,,,393,55,58,4.764879102e+11,2.85155479e+11,1.987439664e+13,9.931580727e+12,675
2007-04-17,,,,331,65,57.45,4.61217464e+11,2.82877117e+11,1.966387011e+13,9.925513801e+12,674
2007-04-18,,,,327,71,57.65,4.697629164e+11,2.84227429e+11,1.977238555e+13,9.9276064e+12,673
2007-04-19,,,,256,91,56.75,4.694513773e+11,2.86282585e+11,1.948993688e+13,9.935155729e+12,675
2007-04-20,,,,248,97,56.95,4.757447331e+11,2.8718921e+11,1.96322546e+13,9.944943277e+12,673
2007-04-23,,,,237,104,57.85,4.750551843e+11,2.86034041e+11,1.979379285e+13,9.958248884e+12,673
2007-04-24,,,,253,105,58.1,4.781586522e+11,2.86754258e+11,1.986990096e+13,9.982448453e+12,671
2007-04-25,,,,259,107,57.6,4.760530661e+11,2.86926641e+11,1.972242843e+13,1.000929767e+13,672
2007-04-26,,,,243,103,57.7,4.768572562e+11,2.87283951e+11,1.978317684e+13,1.008317358e+13,677
2007-04-27,,,,214,104,57.5,4.726291072e+11,2.86616583e+11,1.965163197e+13,1.017203096e+13,674
2007-04-30,,,,162,128,56.9,4.630102766e+11,2.85549046e+11,1.946318009e+13,1.060753801e+13,675
2007-05-02,,,,108,164,57.55,4.606402417e+11,2.84339656e+11,1.952947176e+13,1.061355518e+13,673
2007-05-03,,,,76,203,58.2,4.52544549e+11,2.8104282e+11,1.958503038e+13,1.062064815e+13,673
2007-05-04,,,,84,223,59.2,4.627716936e+11,2.81062537e+11,1.99288594e+13,1.061532951e+13,672
2007-05-07,,,,113,226,59.55,4.673553426e+11,2.80636334e+11,2.004513365e+13,1.059371048e+13,672
2007-05-08,,,,171,196,59.3,4.683778701e+11,2.81054566e+11,2.000292359e+13,1.059348356e+13,673
2007-05-09,,,,205,197,58.95,4.640586962e+11,2.8139661e+11,1.989603378e+13,1.059746939e+13,672
2007-05-10,,,,204,202,59.25,4.68907147e+11,2.81646879e+11,2.00056417e+13,1.059482439e+13,673
2007-05-11,,,,210,202,58.6,4.689047099e+11,2.82495354e+11,1.984491506e+13,1.059559866e+13,672
2007-05-14,,,,200,206,58.75,4.664951011e+11,2.82730564e+11,1.983710057e+13,1.060091411e+13,671
2007-05-15,,,,176,245,58.15,4.661139044e+11,2.84049947e+11,1.97252687e+13,1.063850545e+13,672
2007-05-16,,,,155,261,58.2,4.682769395e+11,2.8484907e+11,1.975818183e+13,1.064941345e+13,670
2007-05-17,,,,145,275,58.6,4.701106718e+11,2.84965553e+11,1.98813214e+13,1.065011274e+13,670
2007-05-18,,,,145,268,58.5,4.716728614e+11,2.85293234e+11,1.988452706e+13,1.065309761e+13,672
2007-05-21,,,,160,249,59.6,4.787891041e+11,2.86539324e+11,2.014985458e+13,1.065776084e+13,671
2007-05-22,,,,182,182,59.8,4.820403432e+11,2.86130813e+11,2.026945777e+13,1.06611593e+13,671
2007-05-23,,,,207,134,60.05,4.825135606e+11,2.86264219e+11,2.036113378e+13,1.066598708e+13,673
2007-05-24,,,,205,108,60.1,4.850861598e+11,2.87161865e+11,2.034194347e+13,1.066723061e+13,671
2007-05-25,,,,201,131,59.45,4.871742617e+11,2.89019524e+11,2.021069974e+13,1.067115828e+13,672
2007-05-28,,,,191,155,59.5,4.861345631e+11,2.89461668e+11,2.019142212e+13,1.067397906e+13,670
2007-05-29,,,,194,191,59.7,4.859602129e+11,2.89129723e+11,2.027196912e+13,1.06757145e+13,672
2007-05-30,,,,181,228,59.25,4.864491484e+11,2.89913484e+11,2.018866479e+13,1.067869693e+13,673
2007-05-31,,,,187,231,59.75,4.933434218e+11,2.90547409e+11,2.018665667e+13,1.06798859e+13,672
2007-06-01,,,,199,232,60,4.950454505e+11,2.90154277e+11,2.045420367e+13,1.068066907e+13,672
2007-06-04,,,,242,213,60.2,5.014883893e+11,2.91653967e+11,2.056972054e+13,1.068380071e+13,672
2007-06-05,,,,252,200,60.2,4.998194711e+11,2.91811437e+11,2.059362206e+13,1.06693177e+13,672
2007-06-06,,,,249,193,60.75,4.983465728e+11,2.92563121e+11,2.06277688e+13,1.066941152e+13,672
2007-06-07,,,,253,185,60.9,5.083202246e+11,2.95538384e+11,2.074675436e+13,1.067996149e+13,671
2007-06-08,,,,251,158,60.7,5.117856229e+11,2.98024304e+11,2.057963426e+13,1.066898089e+13,672
2007-06-11,,,,276,163,60.85,5.150888038e+11,2.98891999e+11,2.06775798e+13,1.067289385e+13,673
2007-06-12,,,,285,154,61.2,5.164879758e+11,2.9936882e+11,2.067903409e+13,1.064778201e+13,671
2007-06-13,,,,298,140,61.2,5.159472305e+11,3.00983496e+11,2.061941523e+13,1.064911618e+13,672
2007-06-14,,,,304,119,62,5.175595537e+11,3.01319926e+11,2.087809527e+13,1.065190135e+13,671
2007-06-15,,,,307,88,63.2,5.182730996e+11,3.00783611e+11,2.118010965e+13,1.065055715e+13,672
2007-06-20,,,,318,62,65.2,5.144263634e+11,2.99306797e+11,2.162764413e+13,1.064832701e+13,672
2007-06-21,,,,315,41,65.8,5.192775399e+11,3.0009404e+11,2.186133673e+13,1.065006622e+13,673
2007-06-22,,,,356,28,65.4,5.325369798e+11,3.03231342e+11,2.18495096e+13,1.064906269e+13,674
2007-06-25,,,,441,18,66.15,5.457691157e+11,3.08565035e+11,2.215684527e+13,1.067449434e+13,674
2007-06-26,,,,485,15,65.35,5.408411519e+11,3.10821083e+11,2.197080182e+13,1.067711944e+13,674
2007-06-27,,,,498,18,65,5.460994061e+11,3.13255695e+11,2.191413452e+13,1.067414757e+13,674
2007-06-28,,,,494,18,65.2,5.483016665e+11,3.14102689e+11,2.203144278e+13,1.066781245e+13,671
2007-06-29,,,,502,19,65,5.500687792e+11,3.15644397e+11,2.205180533e+13,1.068340664e+13,673
2007-07-02,,,,510,17,65.6,5.573129131e+11,3.17170732e+11,2.218976612e+13,1.068210442e+13,673
2007-07-03,,,,512,19,66.3,5.599481977e+11,3.18028095e+11,2.234811945e+13,1.068589281e+13,674
2007-07-04,,,,519,20,66.8,5.609838729e+11,3.17258288e+11,2.252644912e+13,1.068358021e+13,673
2007-07-05,,,,523,19,67.15,5.691990575e+11,3.19437132e+11,2.271409101e+13,1.065000616e+13,673
2007-07-06,,,,533,14,67,5.765524557e+11,3.2221357e+11,2.281150961e+13,1.065635457e+13,673
2007-07-09,,,,546,14,68.6,5.872755163e+11,3.24228175e+11,2.326005467e+13,1.065194157e+13,675
2007-07-10,,,,550,13,68.65,5.938823945e+11,3.27117006e+11,2.32920141e+13,1.065155744e+13,674
2007-07-11,,,,525,18,67.85,5.949955465e+11,3.30898436e+11,2.305602573e+13,1.064904034e+13,673
2007-07-12,,,,503,14,68.2,6.077865477e+11,3.36774891e+11,2.320276402e+13,1.064369746e+13,673
2007-07-13,,,,471,15,68.8,6.065140248e+11,3.37749289e+11,2.349142485e+13,1.064190373e+13,674
2007-07-16,,,,450,16,68.5,6.071063958e+11,3.42070386e+11,2.334088024e+13,1.063924726e+13,675
2007-07-17,,,,425,18,68.6,6.253319872e+11,3.48200389e+11,2.34414907e+13,1.057435534e+13,674
2007-07-18,,,,429,21,68.2,6.294198854e+11,3.51042835e+11,2.337675828e+13,1.057117283e+13,673
2007-07-19,,,,449,25,68.15,6.359788714e+11,3.56620625e+11,2.333528385e+13,1.056989805e+13,674
2007-07-20,,,,458,25,69.2,6.460108112e+11,3.5940879e+11,2.360998407e+13,1.056621459e+13,673
2007-07-23,,,,456,25,68.85,6.586198007e+11,3.62984562e+11,2.369802257e+13,1.056587542e+13,672
2007-07-24,,,,450,23,69.75,6.597052841e+11,3.63457441e+11,2.398482156e+13,1.056807139e+13,673
2007-07-25,,,,442,22,69.75,6.805982612e+11,3.71841775e+11,2.393602401e+13,1.055991648e+13,674
2007-07-26,,,,375,33,68.4,6.599748108e+11,3.71438983e+11,2.353461094e+13,1.057267823e+13,671
2007-07-27,,,,264,50,65.55,6.55515876e+11,3.80629701e+11,2.25317284e+13,1.056693953e+13,673
2007-07-30,,,,167,67,64.7,6.558860024e+11,3.85525428e+11,2.23029122e+13,1.056152455e+13,673
2007-07-31,,,,159,79,66.3,6.652141516e+11,3.85285278e+11,2.281677673e+13,1.049866807e+13,672
2007-08-01,,,,143,104,63.3,6.514476073e+11,3.90383487e+11,2.181841945e+13,1.049085728e+13,672
2007-08-02,,,,113,128,64.4,6.450276672e+11,3.90842539e+11,2.195936845e+13,1.048658143e+13,672
2007-08-03,,,,75,147,65.3,6.469124647e+11,3.90285543e+11,2.222339892e+13,1.048705424e+13,671
2007-08-06,,,,73,182,64.65,6.378646004e+11,3.90853109e+11,2.200142497e+13,1.050216729e+13,673
2007-08-07,,,,81,213,63.9,6.290431435e+11,3.89586236e+11,2.179543621e+13,1.050188038e+13,672
2007-08-08,,,,100,251,65.2,6.468503794e+11,3.89825048e+11,2.236928047e+13,1.04904395e+13,671
2007-08-09,,,,139,229,65.75,6.489334449e+11,3.87837001e+11,2.255233244e+13,1.048077381e+13,671
2007-08-10,,,,171,225,64,6.379513302e+11,3.89142683e+11,2.190871731e+13,1.047006332e+13,673
2007-08-13,,,,148,270,63.85,6.344262871e+11,3.89233361e+11,2.192725098e+13,1.046512772e+13,674
2007-08-14,,,,125,302,64.5,6.267473982e+11,3.90029747e+11,2.174275611e+13,1.044227162e+13,669
2007-08-15,,,,96,354,62.15,5.945413979e+11,3.86219954e+11,2.097299354e+13,1.044606154e+13,671
2007-08-16,,,,35,435,59.6,5.586366433e+11,3.81592749e+11,1.998298084e+13,1.042930952e+13,672
2007-08-17,,,,15,487,59.65,5.370365904e+11,3.72550658e+11,1.973588211e+13,1.04131329e+13,669
2007-08-20,,,,9,511,62.35,5.61167934e+11,3.69988432e+11,2.074257996e+13,1.034534844e+13,672
2007-08-21,,,,18,521,61.75,5.47914563e+11,3.66404234e+11,2.064939149e+13,1.034747843e+13,671
2007-08-22,,,,27,519,62.45,5.474368064e+11,3.64743127e+11,2.070222505e+13,1.034251038e+13,669
2007-08-23,,,,42,478,64,5.653313821e+11,3.64725097e+11,2.127874464e+13,1.03248398e+13,671
2007-08-24,,,,49,378,63.5,5.663495034e+11,3.65012549e+11,2.123864174e+13,1.032866085e+13,669
2007-08-27,,,,55,255,63.8,5.647185782e+11,3.65239668e+11,2.103679875e+13,1.026901762e+13,672
2007-08-28,,,,54,198,63.85,5.689457356e+11,3.66823426e+11,2.107379249e+13,1.026664792e+13,670
2007-08-29,,,,53,186,63,5.675251645e+11,3.6903861e+11,2.088713059e+13,1.022697202e+13,672
2007-08-30,,,,58,206,63.8,5.749335894e+11,3.69973796e+11,2.120006649e+13,1.017079897e+13,672
2007-08-31,,,,59,213,65.6,5.890538806e+11,3.71487497e+11,2.173822381e+13,1.021684306e+13,674
2007-09-03,,,,70,136,65.8,5.932215574e+11,3.72482539e+11,2.180574395e+13,1.020993948e+13,669
2007-09-04,,,,79,141,65.7,5.873898278e+11,3.71845629e+11,2.167039538e+13,1.020614224e+13,671
2007-09-05,,,,76,192,65,5.852141342e+11,3.71718087e+11,2.167980886e+13,1.022677301e+13,669
2007-09-06,,,,77,223,65.9,5.932062732e+11,3.72413008e+11,2.196245004e+13,1.02320227e+13,669
2007-09-07,,,,83,226,65.9,5.943816892e+11,3.72423859e+11,2.196156769e+13,1.023725315e+13,668
2007-09-10,,,,92,232,65.4,5.964674726e+11,3.7580006e+11,2.178908177e+13,1.02394837e+13,668
2007-09-11,,,,98,235,65.85,6.048500319e+11,3.77808117e+11,2.196509506e+13,1.025116816e+13,669
2007-09-12,,,,106,246,65.65,6.080407641e+11,3.78958054e+11,2.200855925e+13,1.024751951e+13,673
2007-09-13,,,,96,234,65.1,6.042304253e+11,3.80388424e+11,2.181371377e+13,1.025317325e+13,671
2007-09-14,,,,102,228,66.25,6.086820833e+11,3.80680793e+11,2.211559598e+13,1.027652427e+13,672
2007-09-17,,,,106,263,65.25,6.001510218e+11,3.80580113e+11,2.19928416e+13,1.05182657e+13,671
2007-09-19,,,,116,288,65.6,5.823357406e+11,3.75725111e+11,2.207059714e+13,1.052006187e+13,672
2007-09-20,,,,97,318,66,5.758342525e+11,3.73027527e+11,2.184921708e+13,1.022734374e+13,671
2007-09-21,,,,121,299,66.9,5.923126724e+11,3.75598673e+11,2.216277518e+13,1.023246375e+13,672
2007-09-26,,,,156,261,67.95,6.073974966e+11,3.787648e+11,2.254580157e+13,1.023994207e+13,671
2007-09-27,,,,215,166,68.9,6.185909022e+11,3.78957219e+11,2.319461866e+13,1.029097056e+13,667
2007-09-28,,,,270,98,69.05,6.206626555e+11,3.79603514e+11,2.319981447e+13,1.03058539e+13,669
2007-10-01,,,,309,47,69.35,6.353086997e+11,3.85182494e+11,2.339457972e+13,1.030447258e+13,673
2007-10-02,,,,328,42,70.6,6.395172553e+11,3.86252896e+11,2.370921688e+13,1.02939584e+13,671
2007-10-03,,,,337,39,71.7,6.404791846e+11,3.87357354e+11,2.389973281e+13,1.02947756e+13,672
2007-10-04,,,,339,43,71.2,6.458381926e+11,3.91166389e+11,2.371209956e+13,1.029423624e+13,671
2007-10-05,,,,316,65,71.2,6.476972705e+11,3.93964223e+11,2.36722662e+13,1.028380799e+13,667
2007-10-08,,,,269,98,71.85,6.449505616e+11,3.94572427e+11,2.394281243e+13,1.029154439e+13,669
2007-10-09,,,,207,124,71.65,6.437747419e+11,3.9621097e+11,2.406383207e+13,1.058037599e+13,669
2007-10-11,,,,167,137,71.9,6.513113077e+11,3.9933277e+11,2.413306142e+13,1.052746711e+13,663
2007-10-12,,,,140,148,69.9,6.392676162e+11,3.99315751e+11,2.36326454e+13,1.053673731e+13,667
2007-10-15,,,,115,155,70.55,6.390843566e+11,3.99719586e+11,2.372977244e+13,1.054460083e+13,666
2007-10-16,,,,95,181,70.9,6.507735432e+11,4.02684117e+11,2.39261501e+13,1.054685254e+13,667
2007-10-17,,,,96,205,70.4,6.530690033e+11,4.04231807e+11,2.386027901e+13,1.055929279e+13,666
2007-10-18,,,,137,211,71.4,6.653894203e+11,4.07016942e+11,2.404618996e+13,1.056418018e+13,665
2007-10-19,,,,145,222,71.05,6.649359755e+11,4.08437567e+11,2.400394701e+13,1.057130263e+13,668
2007-10-22,,,,108,266,69.45,6.466082791e+11,4.08460899e+11,2.338737381e+13,1.057513993e+13,668
2007-10-23,,,,90,298,70.6,6.603457638e+11,4.10064759e+11,2.374148984e+13,1.057540042e+13,668
2007-10-24,,,,76,342,67.7,6.499590334e+11,4.0922878e+11,2.361869796e+13,1.059167596e+13,671
2007-10-25,,,,101,342,68.4,6.608753093e+11,4.11636244e+11,2.392874991e+13,1.059846112e+13,667
2007-10-26,,,,112,351,69.25,6.657231389e+11,4.12784134e+11,2.416668372e+13,1.069744565e+13,672
2007-10-29,,,,153,304,70.65,6.733748405e+11,4.13291012e+11,2.46327877e+13,1.084032645e+13,673
2007-10-30,,,,161,269,70.45,6.682105657e+11,4.13511482e+11,2.452552092e+13,1.093973787e+13,670
2007-10-31,,,,153,239,70.2,6.670080402e+11,4.14458078e+11,2.426079613e+13,1.111638357e+13,671
2007-11-01,,,,135,268,69.45,6.530300751e+11,4.12197191e+11,2.41402982e+13,1.118805085e+13,673
2007-11-02,,,,105,319,67,6.301634584e+11,4.09886031e+11,2.336805143e+13,1.119239132e+13,677
2007-11-05,,,,74,367,67.1,6.330227126e+11,4.10002846e+11,2.344356248e+13,1.118838506e+13,672
2007-11-06,,,,59,401,67.5,6.375977206e+11,4.12141405e+11,2.342187736e+13,1.118984189e+13,674
2007-11-07,,,,56,411,67.05,6.321176809e+11,4.10148871e+11,2.343695797e+13,1.119470633e+13,678
2007-11-08,,,,37,458,64.9,5.904092788e+11,4.01550507e+11,2.255548358e+13,1.119918336e+13,678
2007-11-09,,,,27,486,65.35,5.856564061e+11,3.97805382e+11,2.263006836e+13,1.120194674e+13,677
2007-11-12,,,,12,529,63.6,5.582848322e+11,3.92170214e+11,2.18721744e+13,1.119120288e+13,675
2007-11-13,,,,12,539,63.5,5.613006357e+11,3.87961079e+11,2.232676349e+13,1.123868199e+13,677
2007-11-14,,,,12,536,64.7,5.771117576e+11,3.85584085e+11,2.28358752e+13,1.126281054e+13,676
2007-11-15,,,,22,503,64.25,5.757946843e+11,3.85720483e+11,2.276275078e+13,1.126013563e+13,673
2007-11-16,,,,29,448,63.05,5.74977561e+11,3.87187426e+11,2.240281021e+13,1.127197304e+13,676
2007-11-19,,,,28,436,62.7,5.721492788e+11,3.87139556e+11,2.219269985e+13,1.126412506e+13,671
2007-11-20,,,,26,397,62.5,5.805002367e+11,3.88206591e+11,2.220034156e+13,1.127468733e+13,675
2007-11-21,,,,23,350,61.15,5.693563656e+11,3.89223056e+11,2.172851058e+13,1.126653154e+13,674
2007-11-22,,,,17,370,61.2,5.700835498e+11,3.90123014e+11,2.172627508e+13,1.125145468e+13,673
2007-11-23,,,,11,459,60.7,5.549394929e+11,3.88469616e+11,2.132318063e+13,1.126590636e+13,673
2007-11-26,,,,10,518,61.95,5.564916504e+11,3.85677035e+11,2.177444225e+13,1.125325466e+13,672
2007-11-27,,,,8,548,61,5.447709406e+11,3.82580202e+11,2.136470272e+13,1.124385218e+13,670
2007-11-28,,,,9,543,60.3,5.350985654e+11,3.8090419e+11,2.114224049e+13,1.126080984e+13,673
2007-11-29,,,,10,540,61.35,5.41720587e+11,3.79543813e+11,2.157265172e+13,1.126701208e+13,674
2007-11-30,,,,11,496,61.8,5.537074895e+11,3.78064367e+11,2.1940218e+13,1.127093769e+13,675
2007-12-03,,,,14,357,61.95,5.558818147e+11,3.77229718e+11,2.194025154e+13,1.126910539e+13,674
2007-12-04,,,,21,186,62.55,5.664260366e+11,3.78189343e+11,2.209966595e+13,1.126522956e+13,673
2007-12-05,,,,26,112,62.75,5.706683927e+11,3.7833228e+11,2.220722368e+13,1.127282175e+13,679
2007-12-06,,,,30,75,62.8,5.587126083e+11,3.74709572e+11,2.22648657e+13,1.126739582e+13,676
2007-12-07,,,,31,78,63.4,5.566033521e+11,3.73681922e+11,2.234720937e+13,1.127351113e+13,677
2007-12-10,,,,30,118,62,5.484547821e+11,3.73426282e+11,2.218042239e+13,1.129062059e+13,679
2007-12-11,,,,36,189,62.35,5.477942067e+11,3.72886445e+11,2.229383179e+13,1.128914119e+13,678
2007-12-12,,,,38,327,61.25,5.46630152e+11,3.75009119e+11,2.193756267e+13,1.128932088e+13,678
2007-12-13,,,,28,465,58.7,5.227374885e+11,3.73636586e+11,2.118941412e+13,1.129825952e+13,680
2007-12-14,,,,23,539,58.4,5.093055795e+11,3.68112411e+11,2.102050125e+13,1.130134156e+13,684
2007-12-17,,,,14,575,56.7,4.772882176e+11,3.59988477e+11,2.026644528e+13,1.130430177e+13,681
2007-12-18,,,,8,595,56.9,4.618435527e+11,3.46746923e+11,2.020721241e+13,1.130195735e+13,685
2007-12-19,,,,6,605,58.5,4.731627976e+11,3.41637199e+11,2.074555932e+13,1.130136784e+13,684
2007-12-20,,,,6,606,57.5,4.537779858e+11,3.36966799e+11,2.033738002e+13,1.12921816e+13,680
2007-12-21,,,,8,599,58.75,4.515913385e+11,3.31141118e+11,1.990288871e+13,1.089260814e+13,678
2007-12-24,,,,9,588,59.15,4.637245553e+11,3.28916609e+11,2.040607262e+13,1.089441388e+13,680
2007-12-25,,,,15,516,59.6,4.657844833e+11,3.27371563e+11,2.049622091e+13,1.089410443e+13,678
2007-12-26,,,,22,347,59.65,4.640391242e+11,3.26681784e+11,2.044833003e+13,1.08832142e+13,679
2007-12-27,,,,24,165,60.9,4.699756638e+11,3.24801026e+11,2.083458348e+13,1.088602957e+13,676
2007-12-28,,,,24,64,61,4.802781682e+11,3.25665088e+11,2.103515116e+13,1.088580577e+13,677
2007-12-31,,,,34,26,61.45,4.930169596e+11,3.27869245e+11,2.135219302e+13,1.089752453e+13,682
2008-01-02,,,,49,19,60.1,4.899046614e+11,3.30226434e+11,2.090048926e+13,1.090882095e+13,689
2008-01-03,,,,52,28,59.1,4.844674802e+11,3.32033119e+11,2.056412378e+13,1.089148685e+13,680
2008-01-04,,,,71,76,59.1,4.889704727e+11,3.34346264e+11,2.068801602e+13,1.090028361e+13,686
2008-01-07,,,,71,229,56.4,4.648556855e+11,3.33416687e+11,1.983842492e+13,1.090522779e+13,688
2008-01-08,,,,84,304,56.95,4.659872125e+11,3.329651e+11,2.001381221e+13,1.090385097e+13,685
2008-01-09,,,,84,377,58,4.755813089e+11,3.33450428e+11,2.067718311e+13,1.127055354e+13,688
2008-01-10,,,,104,361,57.9,4.764943365e+11,3.33668616e+11,2.061179152e+13,1.127294228e+13,690
2008-01-11,,,,116,355,57.65,4.782029736e+11,3.33427775e+11,2.05503273e+13,1.126744781e+13,689
2008-01-14,,,,145,312,58.8,4.785723684e+11,3.32317787e+11,2.090088588e+13,1.126962563e+13,686
2008-01-15,,,,184,234,61.05,4.92266681e+11,3.33440488e+11,2.155585135e+13,1.12718382e+13,691
2008-01-16,,,,206,214,58.4,4.83141729e+11,3.36729465e+11,2.093682364e+13,1.126931677e+13,688
2008-01-17,,,,204,207,58.15,4.86722617e+11,3.38498468e+11,2.074297202e+13,1.127394539e+13,691
2008-01-18,,,,196,234,58.5,5.012311732e+11,3.41255098e+11,2.094256759e+13,1.126867093e+13,687
2008-01-21,,,,188,222,57.7,5.04492009e+11,3.44506253e+11,2.082777574e+13,1.128690516e+13,691
2008-01-22,,,,139,320,53.7,4.607411392e+11,3.35403819e+11,1.951551052e+13,1.128984903e+13,693
2008-01-23,,,,78,399,53.6,4.33180553e+11,3.24790587e+11,1.909297606e+13,1.128236079e+13,691
2008-01-24,,,,25,432,55,4.286188878e+11,3.17509042e+11,1.93578457e+13,1.129208274e+13,694
2008-01-25,,,,22,439,56.4,4.430880412e+11,3.14415846e+11,1.990440687e+13,1.129583905e+13,698
2008-01-28,,,,20,451,54.6,4.218457042e+11,3.09652189e+11,1.924054063e+13,1.127368244e+13,692
2008-01-29,,,,20,467,55.1,4.229918021e+11,3.0717795e+11,1.947052598e+13,1.127484117e+13,698
2008-01-30,,,,20,479,54.95,4.21179065e+11,3.05478616e+11,1.938731387e+13,1.12721239e+13,696
2008-01-31,,,,25,457,54.95,4.133161222e+11,3.01370423e+11,1.932689819e+13,1.127308815e+13,698
2008-02-01,,,,54,402,56.4,4.15832982e+11,2.97667318e+11,1.946257403e+13,1.121649854e+13,697
2008-02-12,,,,95,309,54.95,4.103024737e+11,2.97906385e+11,1.919468133e+13,1.122473988e+13,697
2008-02-13,,,,109,269,54.8,4.068937142e+11,2.95486922e+11,1.918835045e+13,1.121558239e+13,694
2008-02-14,,,,124,233,57.8,4.25981109e+11,2.96344829e+11,1.998351881e+13,1.123257153e+13,700
2008-02-15,,,,140,153,57.3,4.282631679e+11,2.94715569e+11,2.000546536e+13,1.12339091e+13,698
2008-02-18,,,,158,70,57.2,4.345467466e+11,2.95469051e+11,2.004190269e+13,1.122857563e+13,695
2008-02-19,,,,186,39,58,4.435916698e+11,2.96676795e+11,2.036880177e+13,1.122535453e+13,699
2008-02-20,,,,195,26,56.9,4.367326896e+11,2.97743048e+11,2.026231677e+13,1.125940136e+13,695
2008-02-21,,,,217,20,58.55,4.515379888e+11,2.99022801e+11,2.072624729e+13,1.125512931e+13,694
2008-02-22,,,,226,28,58.8,4.555836414e+11,2.99588739e+11,2.077472329e+13,1.124955231e+13,693
2008-02-25,,,,266,20,60,4.6337645e+11,2.99367427e+11,2.125852632e+13,1.12523765e+13,692
2008-02-26,,,,300,18,60.2,4.613863117e+11,2.98910353e+11,2.131741567e+13,1.125225995e+13,694
2008-02-27,,,,346,16,60.7,4.693368027e+11,2.99285317e+11,2.166657047e+13,1.125547488e+13,696
2008-02-29,,,,387,13,60.85,4.77596506e+11,3.02357897e+11,2.156298631e+13,1.126726498e+13,696
2008-03-03,,,,416,21,59.15,4.71246693e+11,3.04161602e+11,2.119530071e+13,1.12662681e+13,697
2008-03-04,,,,448,26,60.7,4.837966016e+11,3.05766262e+11,2.173138905e+13,1.126994638e+13,702
2008-03-05,,,,464,43,60.9,4.860141446e+11,3.07241186e+11,2.176599876e+13,1.126754336e+13,700
2008-03-06,,,,518,19,62.3,4.961063551e+11,3.0816054e+11,2.221374834e+13,1.126905975e+13,702
2008-03-07,,,,524,13,61.4,4.905331456e+11,3.08675482e+11,2.189737584e+13,1.127589784e+13,699
2008-03-10,,,,470,17,59.6,4.820544981e+11,3.1074904e+11,2.130561124e+13,1.126941207e+13,695
2008-03-11,,,,336,27,60.1,4.914850952e+11,3.13411267e+11,2.134805761e+13,1.119141946e+13,697
2008-03-12,,,,266,31,60.65,4.90355357e+11,3.12066418e+11,2.148804131e+13,1.119392421e+13,702
2008-03-13,,,,235,38,59.1,4.790064533e+11,3.12408508e+11,2.092649499e+13,1.117651154e+13,698
2008-03-14,,,,158,48,58.45,4.773558549e+11,3.12858221e+11,2.079267019e+13,1.120066185e+13,698
2008-03-17,,,,63,57,57.35,4.697267007e+11,3.13832077e+11,2.039400127e+13,1.119482405e+13,697
2008-03-18,,,,62,63,57.9,4.769915396e+11,3.15423622e+11,2.051293975e+13,1.119639068e+13,693
2008-03-19,,,,78,73,58.5,4.752600697e+11,3.12866108e+11,2.082811251e+13,1.120295411e+13,697
2008-03-20,,,,144,79,59.95,4.840250524e+11,3.13589874e+11,2.122604953e+13,1.120080122e+13,694
2008-03-21,,,,238,73,61.55,4.872469186e+11,3.11023121e+11,2.170272697e+13,1.122318844e+13,699
2008-03-24,,,,425,39,64.15,5.063088039e+11,3.14312959e+11,2.250957905e+13,1.120713846e+13,700
2008-03-25,,,,544,22,63.05,5.085176081e+11,3.16703236e+11,2.233215109e+13,1.121313852e+13,699
2008-03-26,,,,566,17,62.4,5.130545936e+11,3.21058267e+11,2.22698101e+13,1.121288558e+13,699
2008-03-27,,,,562,25,61.2,5.18554502e+11,3.27384485e+11,2.186960068e+13,1.123574553e+13,704
2008-03-28,,,,551,28,62,5.261662668e+11,3.29129004e+11,2.208455275e+13,1.131693022e+13,702
2008-03-31,,,,543,29,60.45,5.257056877e+11,3.30003761e+11,2.195536398e+13,1.133607911e+13,701
2008-04-01,,,,496,26,60.05,5.16070676e+11,3.29161119e+11,2.157482252e+13,1.135077771e+13,701
2008-04-02,,,,401,22,61.75,5.272890067e+11,3.2919799e+11,2.204581332e+13,1.135614358e+13,700
2008-04-03,,,,331,18,61.2,5.305523171e+11,3.29938697e+11,2.202147155e+13,1.137901821e+13,700
2008-04-07,,,,346,16,62.2,5.393244834e+11,3.30385371e+11,2.235847739e+13,1.138363802e+13,703
2008-04-08,,,,387,22,61.6,5.255641324e+11,3.25252521e+11,2.222922932e+13,1.14491491e+13,699
2008-04-09,,,,432,25,61.6,5.197366471e+11,3.2107203e+11,2.222205227e+13,1.146725176e+13,704
2008-04-10,,,,463,25,62.6,5.233730196e+11,3.18640062e+11,2.263112518e+13,1.146938909e+13,702
2008-04-11,,,,482,26,63.5,5.381852724e+11,3.26312361e+11,2.281829312e+13,1.146847839e+13,701
2008-04-14,,,,482,25,63.2,5.417417955e+11,3.29072364e+11,2.278252379e+13,1.147057477e+13,704
2008-04-15,,,,456,30,63.15,5.478931883e+11,3.31268391e+11,2.286324704e+13,1.146939489e+13,702
2008-04-16,,,,456,31,64.2,5.571413397e+11,3.33858146e+11,2.323275274e+13,1.146511894e+13,702
2008-04-17,,,,501,25,64.65,5.566455737e+11,3.3616157e+11,2.330157537e+13,1.146497827e+13,702
2008-04-18,,,,515,22,64.4,5.654942659e+11,3.41350924e+11,2.326824723e+13,1.147768389e+13,704
2008-04-21,,,,517,23,64.6,5.639079704e+11,3.40859632e+11,2.329749916e+13,1.147610335e+13,705
2008-04-22,,,,504,19,64.4,5.69252102e+11,3.43727336e+11,2.31643421e+13,1.148093135e+13,702
2008-04-23,,,,444,24,63.75,5.727652492e+11,3.45420248e+11,2.308136058e+13,1.150912842e+13,700
2008-04-24,,,,409,27,63.45,5.746181042e+11,3.48045418e+11,2.302925753e+13,1.149998383e+13,697
2008-04-25,,,,338,39,63.5,5.70981734e+11,3.48804744e+11,2.290586633e+13,1.150107461e+13,700
2008-04-28,,,,283,46,64.15,5.712353916e+11,3.47542111e+11,2.321775364e+13,1.153122137e+13,697
2008-04-29,,,,201,54,63.5,5.617622747e+11,3.47419857e+11,2.276892903e+13,1.164246591e+13,699
2008-04-30,,,,178,66,63.9,5.657579353e+11,3.49185264e+11,2.288677144e+13,1.173776686e+13,704
2008-05-02,,,,168,81,64.2,5.676685302e+11,3.4905592e+11,2.300583637e+13,1.191930959e+13,703
2008-05-05,,,,192,99,62.95,5.654269194e+11,3.5109783e+11,2.26685742e+13,1.192000055e+13,701
2008-05-06,,,,197,123,63.05,5.69443835e+11,3.52459936e+11,2.272908665e+13,1.192116397e+13,698
2008-05-07,,,,202,150,63.6,5.746977499e+11,3.52943267e+11,2.288590271e+13,1.191270129e+13,699
2008-05-08,,,,229,168,62.7,5.783502606e+11,3.56405518e+11,2.274395212e+13,1.192496783e+13,700
2008-05-09,,,,249,169,62.25,5.753636154e+11,3.5765208e+11,2.255551892e+13,1.19294188e+13,699
2008-05-12,,,,248,171,62.7,5.778717634e+11,3.58724085e+11,2.265727454e+13,1.193563898e+13,701
2008-05-13,,,,240,161,63.9,5.856508683e+11,3.58387204e+11,2.307376687e+13,1.194498956e+13,701
2008-05-14,,,,263,131,64.15,5.881576403e+11,3.58132953e+11,2.314891764e+13,1.195916727e+13,702
2008-05-15,,,,312,77,65.05,5.968641296e+11,3.58175905e+11,2.350452728e+13,1.195044673e+13,705
2008-05-16,,,,338,38,65.4,5.991645995e+11,3.58234719e+11,2.360828505e+13,1.19557874e+13,702
2008-05-19,,,,369,17,65.65,6.074705668e+11,3.60328921e+11,2.386015531e+13,1.195694618e+13,705
2008-05-20,,,,362,27,64,5.962736305e+11,3.62432061e+11,2.328489945e+13,1.195078757e+13,706
2008-05-21,,,,339,70,63.4,6.019410648e+11,3.65891404e+11,2.315168931e+13,1.194796264e+13,706
2008-05-22,,,,273,144,63.45,6.05421104e+11,3.68661328e+11,2.313187283e+13,1.195205352e+13,703
2008-05-23,,,,225,175,62.45,5.856783487e+11,3.66214386e+11,2.268811302e+13,1.195332422e+13,704
2008-05-26,,,,135,229,61.6,5.66439884e+11,3.63893493e+11,2.23528015e+13,1.195317901e+13,702
2008-05-27,,,,75,269,62.2,5.72111225e+11,3.62981167e+11,2.2538721e+13,1.19456387e+13,701
2008-05-28,,,,46,309,61.7,5.625406018e+11,3.62158433e+11,2.225215474e+13,1.195101538e+13,703
2008-05-29,,,,41,346,62.3,5.611427675e+11,3.60952657e+11,2.229973192e+13,1.196554172e+13,701
2008-05-30,,,,23,385,62.2,5.503595525e+11,3.57110392e+11,2.212389692e+13,1.196039251e+13,700
2008-06-02,,,,28,415,62.6,5.54130105e+11,3.56390863e+11,2.240647086e+13,1.195723641e+13,698
2008-06-03,,,,31,433,61.6,5.494594323e+11,3.57765895e+11,2.203345265e+13,1.196420716e+13,701
2008-06-04,,,,44,454,61.8,5.544451883e+11,3.58410351e+11,2.216969437e+13,1.195684631e+13,702
2008-06-05,,,,58,435,62.7,5.636968807e+11,3.58712118e+11,2.245525096e+13,1.196762372e+13,706
2008-06-06,,,,89,319,62.7,5.613328261e+11,3.5764037e+11,2.247393489e+13,1.196568803e+13,705
2008-06-09,,,,94,309,61.15,5.518233579e+11,3.5762254e+11,2.206686106e+13,1.196312262e+13,701
2008-06-10,,,,78,426,59.7,5.380644429e+11,3.57728972e+11,2.151863465e+13,1.197570015e+13,704
2008-06-11,,,,41,508,59.9,5.239405443e+11,3.54640483e+11,2.146316034e+13,1.197861174e+13,703
2008-06-12,,,,17,574,58.45,4.92132944e+11,3.47799074e+11,2.055072719e+13,1.172030341e+13,701
2008-06-13,,,,9,600,58.8,4.913493036e+11,3.44752508e+11,2.066467573e+13,1.172293769e+13,701
2008-06-16,,,,6,614,59.1,4.91735392e+11,3.42854697e+11,2.08273559e+13,1.172096769e+13,701
2008-06-17,,,,11,603,59.5,4.939003036e+11,3.41512657e+11,2.090560381e+13,1.171333796e+13,698
2008-06-18,,,,14,592,59.6,5.000916072e+11,3.41647129e+11,2.094307849e+13,1.171379869e+13,697
2008-06-19,,,,15,579,58.45,4.925306982e+11,3.42699975e+11,2.051359499e+13,1.171863836e+13,701
2008-06-20,,,,12,567,57.2,4.818796645e+11,3.40961167e+11,2.016816274e+13,1.172788839e+13,700
2008-06-23,,,,9,598,57.35,4.742028475e+11,3.38075083e+11,2.010239685e+13,1.173430553e+13,699
2008-06-24,,,,6,617,56.9,4.574537465e+11,3.3444832e+11,1.975166802e+13,1.173256435e+13,700
2008-06-25,,,,5,604,57.5,4.658527074e+11,3.32197815e+11,2.006128278e+13,1.173898571e+13,702
2008-06-26,,,,4,604,57.05,4.645836283e+11,3.31368734e+11,1.995011667e+13,1.173548221e+13,698
2008-06-27,,,,5,617,55.25,4.374529455e+11,3.23749164e+11,1.927908324e+13,1.172191965e+13,701
2008-06-30,,,,4,632,55,4.232787394e+11,3.17276167e+11,1.921686369e+13,1.173729271e+13,699
2008-07-01,,,,3,651,54.9,4.069296633e+11,3.07972059e+11,1.892056573e+13,1.172372508e+13,699
2008-07-02,,,,4,647,54.3,4.131464619e+11,3.05505567e+11,1.878044733e+13,1.173354727e+13,697
2008-07-03,,,,7,617,54.2,4.282399326e+11,3.05558823e+11,1.888345259e+13,1.17274721e+13,698
2008-07-04,,,,6,577,52.6,4.161598963e+11,3.0497225e+11,1.843399249e+13,1.171521345e+13,699
2008-07-07,,,,7,483,53.55,4.232848324e+11,3.04287602e+11,1.87210694e+13,1.171776714e+13,699
2008-07-08,,,,5,534,51.7,4.043937887e+11,3.019003e+11,1.798470576e+13,1.172307297e+13,699
2008-07-09,,,,3,513,51.45,4.034498504e+11,2.99705487e+11,1.797155073e+13,1.171226944e+13,697
2008-07-10,,,,5,509,51.7,4.032420237e+11,2.97355289e+11,1.804434139e+13,1.171725597e+13,701
2008-07-11,,,,7,402,52.9,4.146288248e+11,2.9601858e+11,1.847239231e+13,1.171554219e+13,703
2008-07-14,,,,14,331,52.2,4.10492199e+11,2.95163775e+11,1.822614924e+13,1.169105201e+13,700
2008-07-15,,,,18,415,49.9,3.838672301e+11,2.90024155e+11,1.731715241e+13,1.168101114e+13,703
2008-07-16,,,,13,558,49.5,3.730188334e+11,2.85413863e+11,1.69724554e+13,1.165832288e+13,701
2008-07-17,,,,12,593,52.2,3.873043565e+11,2.83944985e+11,1.763142213e+13,1.165278528e+13,701
2008-07-18,,,,9,598,51,3.694317666e+11,2.78526527e+11,1.721711163e+13,1.164952757e+13,699
2008-07-21,,,,11,531,53.75,3.811095154e+11,2.75744114e+11,1.789926975e+13,1.163917056e+13,699
2008-07-22,,,,10,518,52.9,3.80143794e+11,2.74105749e+11,1.784429957e+13,1.164193808e+13,700
2008-07-23,,,,20,356,54.3,3.936865135e+11,2.73253235e+11,1.846033629e+13,1.164492332e+13,704
2008-07-24,,,,22,209,54.65,3.966654091e+11,2.72276773e+11,1.855316347e+13,1.160936473e+13,702
2008-07-25,,,,30,112,53.9,3.918884015e+11,2.72810772e+11,1.820171627e+13,1.162054635e+13,699
2008-07-29,,,,34,126,51.95,3.802424988e+11,2.72145532e+11,1.763001885e+13,1.159148006e+13,700
2008-07-30,,,,32,244,52.55,3.809878129e+11,2.71729278e+11,1.774099206e+13,1.157462763e+13,701
2008-07-31,,,,35,383,52.4,3.712557564e+11,2.69171501e+11,1.759478537e+13,1.155822313e+13,699
2008-08-01,,,,31,424,52.4,3.657000986e+11,2.66256226e+11,1.754037701e+13,1.154325002e+13,699
2008-08-04,,,,25,492,52.5,3.636624326e+11,2.65027371e+11,1.747030141e+13,1.152797654e+13,698
2008-08-05,,,,26,552,51.4,3.499827264e+11,2.6142366e+11,1.704489339e+13,1.150551652e+13,701
2008-08-06,,,,26,540,53.3,3.612952409e+11,2.59482252e+11,1.757772551e+13,1.152330746e+13,700
2008-08-07,,,,35,507,53.05,3.609392836e+11,2.58359176e+11,1.764643908e+13,1.152142395e+13,701
2008-08-08,,,,61,357,54.65,3.724379372e+11,2.58121621e+11,1.813634962e+13,1.150918901e+13,699
2008-08-11,,,,71,244,55.6,3.774895344e+11,2.56907446e+11,1.842477927e+13,1.150958709e+13,700
2008-08-12,,,,89,181,55.55,3.769117582e+11,2.56610911e+11,1.834012255e+13,1.150249927e+13,700
2008-08-13,,,,110,151,55.35,3.837927582e+11,2.59004655e+11,1.832789188e+13,1.149671545e+13,697
2008-08-14,,,,143,125,55.75,3.905053314e+11,2.61583111e+11,1.838101248e+13,1.146511676e+13,700
2008-08-15,,,,155,120,54.4,3.786531362e+11,2.60186699e+11,1.805662529e+13,1.145899222e+13,696
2008-08-18,,,,150,173,53.35,3.643102753e+11,2.58152835e+11,1.760966858e+13,1.149464624e+13,696
2008-08-19,,,,89,339,52.9,3.667606653e+11,2.58954656e+11,1.755559898e+13,1.142241038e+13,696
2008-08-20,,,,55,388,53.4,3.71746548e+11,2.59552565e+11,1.77177454e+13,1.142046742e+13,699
2008-08-21,,,,53,400,52.55,3.63900298e+11,2.59265853e+11,1.744182069e+13,1.144231972e+13,700
2008-08-22,,,,44,396,52.7,3.610960134e+11,2.58610566e+11,1.741086827e+13,1.136025255e+13,698
2008-08-25,,,,37,398,53.7,3.647824277e+11,2.57793969e+11,1.77148261e+13,1.133814443e+13,696
2008-08-26,,,,45,395,53.25,3.627739945e+11,2.57587362e+11,1.754171051e+13,1.127021756e+13,694
2008-08-27,,,,69,370,54.1,3.703527933e+11,2.57231067e+11,1.786216815e+13,1.125762185e+13,701
2008-08-28,,,,95,312,53.7,3.684144281e+11,2.57387163e+11,1.772448963e+13,1.095680582e+13,695
2008-08-29,,,,115,226,53.65,3.710887744e+11,2.58446343e+11,1.824524034e+13,1.111132114e+13,698
2008-09-01,,,,82,290,51.45,3.569585338e+11,2.5805948e+11,1.764191298e+13,1.088903201e+13,695
2008-09-02,,,,57,386,50.6,3.5267885e+11,2.58147214e+11,1.736256327e+13,1.090010996e+13,699
2008-09-03,,,,32,500,50,3.337655412e+11,2.51400615e+11,1.662257236e+13,1.054769362e+13,702
2008-09-04,,,,20,558,48.99,3.194467984e+11,2.45223689e+11,1.614232229e+13,1.050267012e+13,694
2008-09-05,,,,17,582,48.58,3.114146377e+11,2.39440882e+11,1.588882385e+13,1.051850279e+13,694
2008-09-08,,,,18,578,51.95,3.314576365e+11,2.39163757e+11,1.677467046e+13,1.051913737e+13,694
2008-09-09,,,,16,582,49.65,3.150216012e+11,2.36732926e+11,1.61947583e+13,1.05185007e+13,696
2008-09-10,,,,22,559,49.86,3.234627466e+11,2.37989724e+11,1.630494498e+13,1.053933686e+13,696
2008-09-11,,,,12,594,48.37,3.09765784e+11,2.35879553e+11,1.58032741e+13,1.055066036e+13,698
2008-09-12,,,,14,568,48.87,3.098842888e+11,2.32996287e+11,1.595489722e+13,1.057391017e+13,698
2008-09-15,,,,5,602,46.55,2.875779574e+11,2.25875288e+11,1.531906728e+13,1.058293066e+13,697
2008-09-16,,,,0,636,45,2.572138839e+11,2.09845581e+11,1.442774334e+13,1.049834809e+13,693
2008-09-17,,,,0,659,45.91,2.534156391e+11,2.03873332e+11,1.455216604e+13,1.053237811e+13,695
2008-09-18,,,,1,674,44.5,2.362618688e+11,1.92525587e+11,1.413947011e+13,1.05018129e+13,691
2008-09-19,,,,1,669,47.61,2.498608815e+11,1.89931193e+11,1.497669549e+13,1.054546574e+13,697
2008-09-22,,,,1,647,48.5,2.551742674e+11,1.87767307e+11,1.535100956e+13,1.055632146e+13,697
2008-09-23,,,,5,538,48.76,2.641707344e+11,1.88732926e+11,1.552025466e+13,1.053714163e+13,690
2008-09-24,,,,5,278,48.46,2.682409214e+11,1.9083761e+11,1.540516885e+13,1.054665675e+13,695
2008-09-25,,,,5,166,47.7,2.638536547e+11,1.90676166e+11,1.52294877e+13,1.054983089e+13,691
2008-09-26,,,,3,150,46.6,2.530735514e+11,1.89395151e+11,1.493725467e+13,1.057181033e+13,694
2008-09-30,,,,3,313,44.6,2.372405341e+11,1.84757366e+11,1.440294138e+13,1.056918207e+13,692
2008-10-01,,,,5,471,45.6,2.416437447e+11,1.84313751e+11,1.452343427e+13,1.057399392e+13,695
2008-10-02,,,,6,520,44.55,2.399956414e+11,1.83711702e+11,1.439089499e+13,1.058696667e+13,697
2008-10-03,,,,5,490,44.73,2.464850083e+11,1.83959778e+11,1.448829818e+13,1.059393366e+13,696
2008-10-06,,,,7,532,42.7,2.344834644e+11,1.82891621e+11,1.38959964e+13,1.059504433e+13,696
2008-10-07,,,,7,535,42.95,2.360003225e+11,1.8178469e+11,1.394263372e+13,1.059733445e+13,695
2008-10-08,,,,3,616,40.19,2.188431378e+11,1.77221512e+11,1.313762879e+13,1.059684046e+13,694
2008-10-09,,,,2,627,40.24,2.102362569e+11,1.71976187e+11,1.294351966e+13,1.05804676e+13,693
2008-10-13,,,,3,649,38.84,2.040864589e+11,1.68159622e+11,1.267173504e+13,1.060046558e+13,694
2008-10-14,,,,4,625,41.55,2.185997483e+11,1.68111074e+11,1.33540933e+13,1.05989314e+13,697
2008-10-15,,,,4,603,40.57,2.159089842e+11,1.66144925e+11,1.324035616e+13,1.059442537e+13,693
2008-10-16,,,,8,537,39.15,2.0863841e+11,1.65008716e+11,1.281028262e+13,1.058934515e+13,692
2008-10-17,,,,6,559,38.02,2.047832024e+11,1.63975306e+11,1.242106064e+13,1.053317284e+13,690
2008-10-20,,,,8,566,38.34,2.060029051e+11,1.63008492e+11,1.235136431e+13,1.052913391e+13,691
2008-10-21,,,,12,536,38.12,2.064183724e+11,1.62565847e+11,1.237856001e+13,1.053339258e+13,694
2008-10-22,,,,14,481,36.79,2.024094302e+11,1.6156703e+11,1.217934205e+13,1.053207906e+13,691
2008-10-23,,,,17,505,35.51,1.947372411e+11,1.5877676e+11,1.183227581e+13,1.053129211e+13,688
2008-10-24,,,,13,580,32.34,1.860025897e+11,1.54991831e+11,1.145389633e+13,1.05235439e+13,688
2008-10-27,,,,4,639,30.1,1.723239983e+11,1.48370113e+11,1.100179482e+13,1.058647458e+13,688
2008-10-28,,,,4,637,32.19,1.739771388e+11,1.42213275e+11,1.108839021e+13,1.059790538e+13,690
2008-10-29,,,,5,633,32.19,1.691605262e+11,1.39501758e+11,1.110974681e+13,1.062461115e+13,693
2008-10-30,,,,12,568,34.44,1.813817471e+11,1.39799446e+11,1.180559676e+13,1.06634876e+13,691
2008-10-31,,,,19,414,36.54,1.843077173e+11,1.38269054e+11,1.227478585e+13,1.071919987e+13,690
2008-11-03,,,,24,165,36.69,1.910840351e+11,1.38501698e+11,1.259326994e+13,1.075785369e+13,696
2008-11-04,,,,31,101,36.64,1.906326015e+11,1.38532403e+11,1.258679066e+13,1.075859573e+13,693
2008-11-05,,,,35,75,36.8,1.902408212e+11,1.38507696e+11,1.255924933e+13,1.076903873e+13,694
2008-11-06,,,,37,123,34.23,1.786694649e+11,1.37920153e+11,1.183718017e+13,1.075921166e+13,689
2008-11-07,,,,39,178,34.39,1.877434913e+11,1.403611e+11,1.196053429e+13,1.075600976e+13,689
2008-11-10,,,,49,299,34.05,1.849892664e+11,1.39330686e+11,1.195711829e+13,1.076193521e+13,693
2008-11-11,,,,67,324,33.46,1.763266775e+11,1.374513e+11,1.168113866e+13,1.074082213e+13,690
2008-11-12,,,,69,399,33.46,1.75479871e+11,1.36969034e+11,1.165032904e+13,1.075823575e+13,693
2008-11-13,,,,40,492,31.6,1.634292362e+11,1.3314732e+11,1.119503492e+13,1.075715503e+13,692
2008-11-14,,,,34,502,32,1.617741346e+11,1.31210959e+11,1.122834878e+13,1.071772942e+13,692
2008-11-17,,,,35,515,32.2,1.57199408e+11,1.28258472e+11,1.118131689e+13,1.069124899e+13,692
2008-11-18,,,,49,500,30.9,1.475369151e+11,1.23526133e+11,1.083918141e+13,1.068832576e+13,691
2008-11-19,,,,48,501,30.96,1.482365472e+11,1.21600726e+11,1.078456824e+13,1.068218556e+13,691
2008-11-20,,,,32,529,29.5,1.38548665e+11,1.18053204e+11,1.039956225e+13,1.075213785e+13,690
2008-11-21,,,,25,529,30.78,1.446225825e+11,1.16749146e+11,1.061229066e+13,1.075935809e+13,692
2008-11-24,,,,36,529,29.96,1.433065675e+11,1.15924528e+11,1.058283245e+13,1.075527027e+13,689
2008-11-25,,,,54,492,30.6,1.478719443e+11,1.16522442e+11,1.084736453e+13,1.075299846e+13,693
2008-11-26,,,,74,425,30.95,1.49454776e+11,1.16170345e+11,1.08702747e+13,1.075350106e+13,694
2008-11-27,,,,97,234,32.8,1.597524145e+11,1.17886646e+11,1.133849633e+13,1.076188903e+13,697
2008-11-28,,,,114,105,32.13,1.58810099e+11,1.17332994e+11,1.135444647e+13,1.076428865e+13,698
2008-12-01,,,,127,36,32.5,1.608620454e+11,1.17184178e+11,1.149768299e+13,1.076279818e+13,695
2008-12-02,,,,118,53,30.6,1.532554497e+11,1.1667366e+11,1.108829025e+13,1.076413094e+13,692
2008-12-03,,,,108,108,30.5,1.524485376e+11,1.17384566e+11,1.096482864e+13,1.076499551e+13,695
2008-12-04,,,,87,288,30.01,1.512351957e+11,1.1777183e+11,1.082108375e+13,1.075927235e+13,698
2008-12-05,,,,76,349,30.18,1.499989724e+11,1.1775148e+11,1.076231688e+13,1.076730075e+13,697
2008-12-08,,,,87,339,32.29,1.600851424e+11,1.18658694e+11,1.125712916e+13,1.078506227e+13,701
2008-12-09,,,,121,276,32.29,1.610505448e+11,1.17982714e+11,1.138049652e+13,1.07689262e+13,701
2008-12-10,,,,189,113,34.19,1.715765587e+11,1.19542022e+11,1.186895883e+13,1.077894897e+13,703
2008-12-11,,,,207,56,33.8,1.721083962e+11,1.19900396e+11,1.185923738e+13,1.077449674e+13,699
2008-12-12,,,,198,38,32,1.641758035e+11,1.19122295e+11,1.141767818e+13,1.077437571e+13,700
2008-12-15,,,,184,54,33.51,1.715715968e+11,1.20005946e+11,1.175450609e+13,1.07761178e+13,700
2008-12-16,,,,191,93,33.51,1.713763544e+11,1.19991849e+11,1.175748971e+13,1.077281705e+13,699
2008-12-17,,,,230,78,33.67,1.713516073e+11,1.20031997e+11,1.183846079e+13,1.077126788e+13,702
2008-12-18,,,,266,96,33.79,1.75711284e+11,1.20831962e+11,1.195572747e+13,1.076556474e+13,701
2008-12-19,,,,304,109,33.82,1.768368388e+11,1.21360833e+11,1.195510128e+13,1.076882305e+13,701
2008-12-22,,,,269,142,32.65,1.691232602e+11,1.20765398e+11,1.155250411e+13,1.076390781e+13,701
2008-12-23,,,,120,220,31.75,1.617492875e+11,1.19543822e+11,1.122313449e+13,1.078371309e+13,701
2008-12-24,,,,61,273,31.8,1.639591145e+11,1.19805124e+11,1.126402264e+13,1.077573794e+13,700
2008-12-25,,,,61,287,31.83,1.649315147e+11,1.20030985e+11,1.124081229e+13,1.076649156e+13,699
2008-12-26,,,,72,279,31.85,1.646786184e+11,1.19798067e+11,1.127027576e+13,1.07807605e+13,703
2008-12-29,,,,84,277,31.8,1.631875446e+11,1.19349099e+11,1.124564588e+13,1.077326992e+13,696
2008-12-30,,,,128,247,33.16,1.717192782e+11,1.20176845e+11,1.170254596e+13,1.07886054e+13,704
2008-12-31,,,,235,189,32.87,1.720104705e+11,1.20161103e+11,1.170874421e+13,1.078430534e+13,706
2009-01-05,,,,353,63,34.2,1.788825499e+11,1.21254022e+11,1.19803382e+13,1.077273031e+13,707
2009-01-06,,,,382,30,34.18,1.803858697e+11,1.21246441e+11,1.203093365e+13,1.07713396e+13,705
2009-01-07,,,,416,17,34.63,1.833185747e+11,1.21755812e+11,1.221354066e+13,1.081007735e+13,706
2009-01-08,,,,425,36,32.43,1.745138642e+11,1.22575905e+11,1.156604077e+13,1.079802829e+13,706
2009-01-09,,,,367,87,32.22,1.760511776e+11,1.23464956e+11,1.148021886e+13,1.080623718e+13,701
2009-01-12,,,,192,138,31.96,1.745553964e+11,1.23782674e+11,1.1361849e+13,1.080125954e+13,705
2009-01-13,,,,190,132,32.66,1.778225659e+11,1.2387357e+11,1.156083134e+13,1.080450693e+13,705
2009-01-14,,,,163,135,32.5,1.789973386e+11,1.24411202e+11,1.151822964e+13,1.077827437e+13,701
2009-01-15,,,,102,152,31,1.704340908e+11,1.23625927e+11,1.10085162e+13,1.079137856e+13,703
2009-01-16,,,,74,180,31.38,1.74302871e+11,1.24418013e+11,1.109341577e+13,1.078670732e+13,706
2009-01-19,,,,47,227,31.53,1.730309896e+11,1.23351638e+11,1.111714746e+13,1.078559394e+13,699
2009-01-20,,,,65,268,30.7,1.66708088e+11,1.22278825e+11,1.08011774e+13,1.07877218e+13,698
2009-01-21,,,,66,341,30.5,1.64068558e+11,1.20417106e+11,1.083672307e+13,1.080284461e+13,705
2009-02-02,,,,62,386,30.88,1.64841157e+11,1.20340204e+11,1.086870231e+13,1.081202344e+13,704
2009-02-03,,,,83,376,31.47,1.717054596e+11,1.21112257e+11,1.114895982e+13,1.079378795e+13,706
2009-02-04,,,,149,313,31.69,1.729154571e+11,1.21395962e+11,1.1180007e+13,1.079276109e+13,704
2009-02-05,,,,193,220,31.43,1.727044593e+11,1.22000824e+11,1.110971295e+13,1.079270031e+13,703
2009-02-06,,,,194,156,32.2,1.772239748e+11,1.22364317e+11,1.141035636e+13,1.08151769e+13,710
2009-02-09,,,,201,134,32.5,1.763730353e+11,1.21648442e+11,1.145706416e+13,1.08120013e+13,709
2009-02-10,,,,210,94,32.7,1.799917615e+11,1.22533924e+11,1.152838631e+13,1.079706028e+13,700
2009-02-11,,,,217,92,33.25,1.835747058e+11,1.23406427e+11,1.165771645e+13,1.07840175e+13,702
2009-02-12,,,,208,135,32.35,1.775724307e+11,1.23301255e+11,1.13841006e+13,1.079614222e+13,705
2009-02-13,,,,225,141,33.28,1.86358388e+11,1.25133385e+11,1.170366517e+13,1.079910345e+13,703
2009-02-16,,,,237,142,33.21,1.885048573e+11,1.25840351e+11,1.169572906e+13,1.079760507e+13,700
2009-02-17,,,,273,126,32.44,1.842553386e+11,1.25940489e+11,1.145963776e+13,1.081064361e+13,705
2009-02-18,,,,252,174,32.49,1.845066997e+11,1.26427661e+11,1.14798446e+13,1.0805366e+13,707
2009-02-19,,,,209,214,32.92,1.8776969e+11,1.26964091e+11,1.155555718e+13,1.080828456e+13,706
2009-02-20,,,,165,233,32.1,1.844194145e+11,1.26917758e+11,1.129940245e+13,1.07833761e+13,697
2009-02-23,,,,157,262,32.44,1.877555308e+11,1.27714926e+11,1.141928693e+13,1.080207345e+13,702
2009-02-24,,,,136,282,32.16,1.874679503e+11,1.28495267e+11,1.128760719e+13,1.079187133e+13,701
2009-02-25,,,,161,267,32.74,1.900434233e+11,1.28820518e+11,1.14483128e+13,1.080074484e+13,702
2009-02-26,,,,182,257,32.8,1.906211791e+11,1.28657136e+11,1.152524833e+13,1.080643522e+13,703
2009-02-27,,,,259,195,33.05,1.949661401e+11,1.29548471e+11,1.162952793e+13,1.082332849e+13,708
2009-03-02,,,,269,218,31.93,1.881226862e+11,1.29365681e+11,1.129021996e+13,1.08109941e+13,702
2009-03-03,,,,249,239,31.95,1.902267754e+11,1.2995466e+11,1.066149356e+13,1.041749351e+13,698
2009-03-04,,,,255,243,32.75,1.973444004e+11,1.3145541e+11,1.093168845e+13,1.044548284e+13,706
2009-03-05,,,,309,174,33.45,1.999243214e+11,1.31426117e+11,1.114721314e+13,1.042945024e+13,703
2009-03-06,,,,341,98,33.67,2.016804569e+11,1.32248226e+11,1.118138936e+13,1.04200097e+13,700
2009-03-09,,,,358,59,33.32,2.030623227e+11,1.33435933e+11,1.112987126e+13,1.043396056e+13,701
2009-03-10,,,,388,59,33.48,2.083892822e+11,1.34875727e+11,1.124251254e+13,1.043763277e+13,705
2009-03-11,,,,404,30,34.25,2.104536175e+11,1.35681838e+11,1.146360429e+13,1.044723745e+13,708
2009-03-12,,,,439,17,34.05,2.119805575e+11,1.36249891e+11,1.145086089e+13,1.043351802e+13,707
2009-03-13,,,,473,10,35,2.162769441e+11,1.3597567e+11,1.179598084e+13,1.044056856e+13,708
2009-03-16,,,,526,8,35.53,2.186483832e+11,1.35736045e+11,1.196456262e+13,1.039519103e+13,711
2009-03-17,,,,567,3,36.17,2.221659099e+11,1.367496e+11,1.214248031e+13,1.043200618e+13,713
2009-03-18,,,,593,2,36.1,2.202208358e+11,1.36159581e+11,1.216411911e+13,1.041109767e+13,713
2009-03-19,,,,601,3,35.9,2.211521954e+11,1.36890624e+11,1.213675251e+13,1.041467044e+13,712
2009-03-20,,,,573,3,35.42,2.206527786e+11,1.38767287e+11,1.259692675e+13,1.080108123e+13,718
2009-03-23,,,,532,3,36.57,2.285151845e+11,1.39563024e+11,1.296543301e+13,1.077238694e+13,710
2009-03-24,,,,555,4,37.45,2.294175062e+11,1.38495423e+11,1.324810559e+13,1.079779941e+13,714
2009-03-25,,,,644,4,37.82,2.356671984e+11,1.39324444e+11,1.35236162e+13,1.078644452e+13,714
2009-03-26,,,,664,4,38.1,2.396516433e+11,1.40897936e+11,1.362924706e+13,1.080529065e+13,718
2009-03-27,,,,665,2,37.77,2.428497709e+11,1.42882543e+11,1.361935628e+13,1.07680495e+13,718
2009-03-30,,,,632,2,36.29,2.332443059e+11,1.43688867e+11,1.316380206e+13,1.075954871e+13,718
2009-03-31,,,,542,2,36.64,2.367967053e+11,1.45199199e+11,1.31949034e+13,1.076675467e+13,720
2009-04-01,,,,450,2,37.29,2.470878402e+11,1.4726368e+11,1.344203999e+13,1.073572881e+13,717
2009-04-02,,,,534,2,38.58,2.519317231e+11,1.47710072e+11,1.382564658e+13,1.073724058e+13,720
2009-04-03,,,,610,1,38.6,2.536791886e+11,1.48132853e+11,1.396220863e+13,1.073940673e+13,721
2009-04-06,,,,604,1,38.79,2.495191134e+11,1.45666157e+11,1.403829771e+13,1.072297848e+13,721
2009-04-07,,,,616,1,38.8,2.547646833e+11,1.47738235e+11,1.409442147e+13,1.071724498e+13,721
2009-04-08,,,,602,3,37.73,2.488423853e+11,1.47874068e+11,1.375555181e+13,1.069977199e+13,718
2009-04-09,,,,627,3,39.28,2.668491278e+11,1.53386108e+11,1.431781339e+13,1.071770532e+13,723
2009-04-10,,,,646,3,39.97,2.739272683e+11,1.56170944e+11,1.458900415e+13,1.07145808e+13,721
2009-04-13,,,,672,1,40.18,2.766560471e+11,1.55976973e+11,1.4773488e+13,1.069965279e+13,721
2009-04-14,,,,677,1,40.5,2.726316007e+11,1.53078673e+11,1.485489858e+13,1.070068287e+13,723
2009-04-15,,,,672,1,40.25,2.699156924e+11,1.52051702e+11,1.481702236e+13,1.071386006e+13,722
2009-04-16,,,,659,1,41.2,2.742220169e+11,1.52925978e+11,1.511379707e+13,1.07045107e+13,722
2009-04-17,,,,543,1,39.88,2.59831791e+11,1.54302339e+11,1.451680628e+13,1.070525452e+13,721
2009-04-20,,,,335,2,40.17,2.625490815e+11,1.56292655e+11,1.458743138e+13,1.071115984e+13,722
2009-04-21,,,,212,3,40.78,2.754407927e+11,1.59619393e+11,1.482688817e+13,1.068548312e+13,720
2009-04-22,,,,221,3,40.65,2.793695991e+11,1.61338619e+11,1.482986315e+13,1.069255519e+13,722
2009-04-23,,,,293,3,40.46,2.809090584e+11,1.63053421e+11,1.479229311e+13,1.065670451e+13,720
2009-04-24,,,,325,4,40.5,2.834285078e+11,1.64179943e+11,1.481504187e+13,1.067110253e+13,723
2009-04-27,,,,273,6,39.52,2.67310749e+11,1.61236994e+11,1.438116629e+13,1.063650388e+13,720
2009-04-28,,,,182,14,39.05,2.60015726e+11,1.60912929e+11,1.401908338e+13,1.056513126e+13,718
2009-04-29,,,,114,31,39.4,2.571324536e+11,1.60031669e+11,1.418291278e+13,1.059629602e+13,718
2009-04-30,,,,160,46,42.15,2.732968913e+11,1.59835822e+11,1.511290529e+13,1.063320253e+13,720
2009-05-04,,,,346,43,45.1,2.862943942e+11,1.60726525e+11,1.59623903e+13,1.057907726e+13,721
2009-05-05,,,,493,37,46.3,2.83300494e+11,1.60224167e+11,1.609152255e+13,1.058446291e+13,721
2009-05-06,,,,536,37,46.4,2.991060713e+11,1.64894978e+11,1.655787295e+13,1.058766896e+13,721
2009-05-07,,,,540,36,46.3,3.081556253e+11,1.69712785e+11,1.657140592e+13,1.059571065e+13,720
2009-05-08,,,,571,18,45.83,3.153640559e+11,1.73978169e+11,1.65986312e+13,1.059260456e+13,719
2009-05-11,,,,578,15,46.2,3.233313796e+11,1.77366287e+11,1.676043002e+13,1.058681735e+13,718
2009-05-12,,,,557,20,44.6,3.117692541e+11,1.7773823e+11,1.622238721e+13,1.059270852e+13,720
2009-05-13,,,,511,34,44.67,3.261768981e+11,1.83452291e+11,1.635413621e+13,1.059690247e+13,720
2009-05-14,,,,333,44,43.65,3.264674009e+11,1.86336304e+11,1.604753652e+13,1.059360272e+13,718
2009-05-15,,,,334,41,44.8,3.397133162e+11,1.90237265e+11,1.636375487e+13,1.063283083e+13,719
2009-05-18,,,,359,52,45.06,3.476411546e+11,1.92604855e+11,1.658707415e+13,1.064101519e+13,719
2009-05-19,,,,418,53,46.1,3.477841374e+11,1.93322508e+11,1.678263499e+13,1.063258694e+13,719
2009-05-20,,,,438,53,46.3,3.52244673e+11,1.94899369e+11,1.690778341e+13,1.06348274e+13,723
2009-05-21,,,,473,46,45.95,3.593856223e+11,1.97463272e+11,1.694608555e+13,1.06377697e+13,720
2009-05-22,,,,498,45,45.78,3.703485787e+11,2.02052441e+11,1.698842666e+13,1.063909298e+13,721
2009-05-25,,,,532,38,45.73,3.75658256e+11,2.0554543e+11,1.698336705e+13,1.063597394e+13,721
2009-05-26,,,,484,46,45.6,3.611961804e+11,2.04419201e+11,1.685203652e+13,1.06352475e+13,721
2009-05-27,,,,484,41,48,3.789417551e+11,2.09143988e+11,1.73963299e+13,1.065987715e+13,717
2009-06-01,,,,467,39,47.72,3.773461797e+11,2.08347294e+11,1.755681814e+13,1.066252841e+13,722
2009-06-02,,,,479,41,47.85,3.697161591e+11,2.07220128e+11,1.741403994e+13,1.060489404e+13,722
2009-06-03,,,,405,50,47.79,3.651696322e+11,2.07801981e+11,1.727789991e+13,1.061119046e+13,723
2009-06-04,,,,304,67,46.7,3.689273111e+11,2.11059565e+11,1.701718381e+13,1.06136277e+13,721
2009-06-05,,,,259,72,46.62,3.712711911e+11,2.12494508e+11,1.697539561e+13,1.061692257e+13,720
2009-06-08,,,,210,77,45.71,3.635960992e+11,2.130438e+11,1.662152374e+13,1.061668265e+13,722
2009-06-09,,,,127,99,44.45,3.413035484e+11,2.09178826e+11,1.608464763e+13,1.061723926e+13,720
2009-06-10,,,,66,124,44.85,3.375993685e+11,2.0725513e+11,1.620109874e+13,1.061269759e+13,720
2009-06-11,,,,59,139,45.25,3.46634742e+11,2.06913376e+11,1.646802235e+13,1.061393981e+13,720
2009-06-12,,,,71,168,44.66,3.43300242e+11,2.07640895e+11,1.617135361e+13,1.061273683e+13,721
2009-06-15,,,,77,203,43.04,3.219499617e+11,2.03707361e+11,1.56146218e+13,1.060721491e+13,718
2009-06-16,,,,50,265,43.05,3.215893992e+11,2.03390732e+11,1.56005149e+13,1.061474587e+13,720
2009-06-17,,,,38,328,42.97,3.225097183e+11,2.0395418e+11,1.553860532e+13,1.06182978e+13,719
2009-06-18,,,,49,397,42.75,3.20468568e+11,2.03750045e+11,1.540840572e+13,1.061193382e+13,719
2009-06-19,,,,65,438,43.25,3.275811445e+11,2.03559253e+11,1.562601717e+13,1.061911331e+13,720
2009-06-22,,,,97,415,43.9,3.330390044e+11,2.02984139e+11,1.590237593e+13,1.061955111e+13,718
2009-06-23,,,,99,375,42.85,3.294694403e+11,2.04195426e+11,1.55485132e+13,1.061985103e+13,722
2009-06-24,,,,111,307,44.08,3.372217498e+11,2.03940683e+11,1.601020663e+13,1.062518604e+13,722
2009-06-25,,,,120,197,44.58,3.414068745e+11,2.03641788e+11,1.620515232e+13,1.061921499e+13,719
2009-06-26,,,,138,76,44.6,3.40587825e+11,2.03119193e+11,1.62400435e+13,1.062611485e+13,723
2009-06-29,,,,135,74,44.28,3.353186484e+11,2.02850057e+11,1.605871516e+13,1.062871244e+13,721
2009-06-30,,,,127,110,44.46,3.342910386e+11,2.01849758e+11,1.615823261e+13,1.062958947e+13,725
2009-07-01,,,,134,110,45.45,3.434167332e+11,2.01847106e+11,1.652676295e+13,1.062654509e+13,723
2009-07-02,,,,156,76,45.9,3.468238352e+11,2.01150603e+11,1.675172094e+13,1.06272238e+13,723
2009-07-03,,,,187,45,45.8,3.505714878e+11,2.02858462e+11,1.674949526e+13,1.062696273e+13,721
2009-07-06,,,,211,41,45.69,3.528412497e+11,2.03842578e+11,1.671256532e+13,1.062897939e+13,726
2009-07-07,,,,235,61,46.19,3.566906256e+11,2.03887652e+11,1.684962817e+13,1.061780954e+13,721
2009-07-08,,,,260,72,45.66,3.558367587e+11,2.04707594e+11,1.670666291e+13,1.060630007e+13,724
2009-07-09,,,,280,60,46.5,3.59389799e+11,2.05496234e+11,1.702960018e+13,1.066334739e+13,725
2009-07-10,,,,296,75,46.78,3.57565373e+11,2.05228366e+11,1.708405804e+13,1.066176418e+13,723
2009-07-13,,,,249,144,45.3,3.349609816e+11,2.00881787e+11,1.647031665e+13,1.064976797e+13,721
2009-07-14,,,,196,204,46.14,3.433688738e+11,2.01060851e+11,1.674021324e+13,1.064693385e+13,721
2009-07-15,,,,178,237,47.05,3.473986613e+11,2.0017236e+11,1.697427911e+13,1.065120519e+13,723
2009-07-16,,,,244,193,47.45,3.461955539e+11,1.99734181e+11,1.706943914e+13,1.065116739e+13,723
2009-07-17,,,,307,135,47.87,3.542686389e+11,2.01306632e+11,1.724681086e+13,1.064970462e+13,722
2009-07-20,,,,371,96,48.5,3.598542403e+11,2.02147928e+11,1.746554811e+13,1.065362199e+13,722
2009-07-21,,,,413,60,48.4,3.602723606e+11,2.0303099e+11,1.749871282e+13,1.064796867e+13,722
2009-07-22,,,,442,39,48.48,3.64192192e+11,2.04661339e+11,1.757779614e+13,1.06510314e+13,721
2009-07-23,,,,460,39,48.51,3.644871259e+11,2.05973447e+11,1.755605854e+13,1.064932009e+13,724
2009-07-24,,,,473,41,48.38,3.625101199e+11,2.06018954e+11,1.752207221e+13,1.065548857e+13,723
2009-07-27,,,,472,56,48.83,3.636441434e+11,2.05708687e+11,1.766192827e+13,1.065107621e+13,723
2009-07-28,,,,486,43,49.7,3.704843263e+11,2.0658929e+11,1.796467952e+13,1.068187807e+13,724
2009-07-29,,,,507,40,49.35,3.678223949e+11,2.06876576e+11,1.780966898e+13,1.0680465e+13,721
2009-07-30,,,,501,35,48.85,3.670893446e+11,2.08520918e+11,1.767248281e+13,1.068497956e+13,722
2009-07-31,,,,454,37,49.02,3.670077244e+11,2.08368696e+11,1.779891235e+13,1.068882166e+13,722
2009-08-03,,,,456,34,49.19,3.66865805e+11,2.09017584e+11,1.768336731e+13,1.068983418e+13,722
2009-08-04,,,,427,36,48.65,3.554823824e+11,2.0755062e+11,1.741408171e+13,1.068829608e+13,721
2009-08-05,,,,331,47,48.05,3.465059249e+11,2.06782441e+11,1.717562851e+13,1.071278376e+13,724
2009-08-06,,,,219,78,48.14,3.476379137e+11,2.07273725e+11,1.721275607e+13,1.071279195e+13,720
2009-08-10,,,,162,98,48.26,3.498915558e+11,2.08011272e+11,1.725186509e+13,1.072342798e+13,723
2009-08-11,,,,161,113,48.42,3.53861218e+11,2.0828608e+11,1.73221526e+13,1.071895305e+13,720
2009-08-12,,,,202,123,48.25,3.553968574e+11,2.09693397e+11,1.728842788e+13,1.071989092e+13,721
2009-08-13,,,,280,126,49.36,3.614038899e+11,2.09713401e+11,1.760367238e+13,1.070551176e+13,722
2009-08-14,,,,350,121,49.62,3.606094201e+11,2.09947529e+11,1.770438544e+13,1.071135129e+13,722
2009-08-17,,,,372,126,48.66,3.532366784e+11,2.09809668e+11,1.736099984e+13,1.071458286e+13,722
2009-08-18,,,,271,173,48.02,3.392071777e+11,2.07327515e+11,1.700535558e+13,1.071475358e+13,721
2009-08-19,,,,175,228,47.86,3.400806101e+11,2.07135582e+11,1.700203384e+13,1.071498933e+13,720
2009-08-20,,,,93,263,47.6,3.320741803e+11,2.05478921e+11,1.686155076e+13,1.070937086e+13,718
2009-08-21,,,,77,277,47.18,3.229967022e+11,2.03012891e+11,1.666193184e+13,1.071464566e+13,720
2009-08-24,,,,76,295,48.7,3.318861408e+11,2.02767903e+11,1.712794538e+13,1.07169044e+13,717
2009-08-25,,,,90,303,48.33,3.298544297e+11,2.02840317e+11,1.704694016e+13,1.040488277e+13,717
2009-08-26,,,,108,320,48,3.205862872e+11,2.00997635e+11,1.687578685e+13,1.040555148e+13,718
2009-08-27,,,,96,341,47.75,3.194037029e+11,2.00635122e+11,1.677393538e+13,1.033898781e+13,722
2009-08-28,,,,101,361,48.4,3.230647702e+11,1.99940658e+11,1.709579135e+13,1.036047584e+13,720
2009-08-31,,,,128,339,48.45,3.269286585e+11,2.0040751e+11,1.714703006e+13,1.038874292e+13,721
2009-09-01,,,,164,238,50.2,3.40517126e+11,2.02392795e+11,1.763331814e+13,1.035608013e+13,718
2009-09-02,,,,198,133,50.2,3.469765301e+11,2.04849395e+11,1.768301481e+13,1.035918417e+13,718
2009-09-03,,,,224,66,50.45,3.525494334e+11,2.06501256e+11,1.784428679e+13,1.036235781e+13,721
2009-09-04,,,,242,47,51.05,3.56385922e+11,2.08478002e+11,1.797287574e+13,1.036651731e+13,720
2009-09-07,,,,264,36,51.8,3.592642515e+11,2.08520035e+11,1.821269644e+13,1.040495106e+13,718
2009-09-08,,,,285,25,52.5,3.596723508e+11,2.07816772e+11,1.843660615e+13,1.040244998e+13,717
2009-09-09,,,,295,19,52.05,3.573438447e+11,2.08975554e+11,1.828654274e+13,1.040328572e+13,719
2009-09-10,,,,289,46,52.85,3.531181976e+11,2.07662557e+11,1.848918675e+13,1.040225751e+13,716
2009-09-11,,,,278,83,52.5,3.569657382e+11,2.08332723e+11,1.854116309e+13,1.043203594e+13,716
2009-09-14,,,,276,123,51.85,3.55100873e+11,2.09164796e+11,1.833755782e+13,1.042331085e+13,718
2009-09-15,,,,300,129,52.45,3.602277166e+11,2.09687908e+11,1.862943633e+13,1.046095769e+13,717
2009-09-16,,,,337,126,53.2,3.644723107e+11,2.10023341e+11,1.884227846e+13,1.044277432e+13,717
2009-09-17,,,,404,82,53.15,3.645070481e+11,2.1010746e+11,1.893838876e+13,1.04425288e+13,717
2009-09-18,,,,436,47,53.3,3.716145379e+11,2.11797872e+11,1.910178997e+13,1.046009602e+13,717
2009-09-21,,,,467,47,53.15,3.759102323e+11,2.14099481e+11,1.906705731e+13,1.046553802e+13,719
2009-09-22,,,,471,39,52.95,3.74404569e+11,2.14874953e+11,1.898023562e+13,1.046625092e+13,717
2009-09-23,,,,401,54,52.7,3.638764992e+11,2.13228361e+11,1.874181678e+13,1.046600293e+13,718
2009-09-24,,,,280,88,52,3.664434601e+11,2.14784277e+11,1.861499001e+13,1.046798804e+13,713
2009-09-25,,,,203,114,52.35,3.71382801e+11,2.16983563e+11,1.86856125e+13,1.047431607e+13,716
2009-09-28,,,,175,122,51.8,3.655238153e+11,2.16715771e+11,1.85373317e+13,1.048320318e+13,717
2009-09-29,,,,184,118,52.85,3.694943714e+11,2.16203231e+11,1.891029958e+13,1.048622389e+13,721
2009-09-30,,,,220,119,53.3,3.78785324e+11,2.18558105e+11,1.911941529e+13,1.049243578e+13,721
2009-10-01,,,,325,106,53.65,3.808313926e+11,2.20082237e+11,1.921496021e+13,1.049209589e+13,721
2009-10-02,,,,339,95,52.7,3.780993315e+11,2.21048329e+11,1.88769966e+13,1.049300291e+13,721
2009-10-05,,,,338,86,52.65,3.858042428e+11,2.23460858e+11,1.895922559e+13,1.050575368e+13,722
2009-10-06,,,,383,83,53.6,3.882347419e+11,2.23190143e+11,1.921252078e+13,1.050977969e+13,723
2009-10-07,,,,461,53,53.9,3.944576262e+11,2.25308101e+11,1.93984906e+13,1.050210848e+13,723
2009-10-08,,,,477,39,53.05,3.8839864e+11,2.25534817e+11,1.913663117e+13,1.050919517e+13,725
2009-10-09,,,,455,33,53.35,3.932547063e+11,2.26593883e+11,1.931103204e+13,1.04991638e+13,724
2009-10-12,,,,456,44,53.6,3.990856611e+11,2.28455908e+11,1.939326058e+13,1.050629778e+13,724
2009-10-13,,,,463,42,53.7,4.00360449e+11,2.28942212e+11,1.938752889e+13,1.050845533e+13,723
2009-10-14,,,,500,40,54.35,4.073563376e+11,2.30654743e+11,1.964846288e+13,1.051505647e+13,725
2009-10-15,,,,500,40,54.65,3.999235483e+11,2.28615888e+11,1.968931487e+13,1.051227299e+13,725
2009-10-16,,,,485,33,54.65,4.036985486e+11,2.29816743e+11,1.969477576e+13,1.050286102e+13,725
2009-10-19,,,,466,42,54.85,4.096201978e+11,2.31486547e+11,1.979301612e+13,1.052067655e+13,724
2009-10-20,,,,481,43,54.9,4.083366704e+11,2.31639509e+11,1.978162155e+13,1.051319297e+13,721
2009-10-21,,,,473,37,54.5,4.083741152e+11,2.32774768e+11,1.965423357e+13,1.052169262e+13,725
2009-10-22,,,,361,57,53.7,4.035783116e+11,2.33583943e+11,1.941439671e+13,1.051916587e+13,724
2009-10-23,,,,300,73,53.25,4.091175863e+11,2.35499176e+11,1.951799885e+13,1.051825628e+13,726
2009-10-26,,,,254,89,53.5,4.063742769e+11,2.35437257e+11,1.956403447e+13,1.053082037e+13,723
2009-10-27,,,,236,101,53.4,4.077996452e+11,2.36558803e+11,1.954073881e+13,1.05353278e+13,725
2009-10-28,,,,176,121,52.55,4.004143226e+11,2.36479238e+11,1.923647319e+13,1.065053085e+13,723
2009-10-29,,,,93,153,51.55,3.845687114e+11,2.33241395e+11,1.87822442e+13,1.072774138e+13,725
2009-10-30,,,,70,185,51.65,3.816049124e+11,2.32497217e+11,1.874312939e+13,1.091836569e+13,725
2009-11-02,,,,59,225,51.35,3.819441918e+11,2.32279297e+11,1.872479288e+13,1.096397816e+13,724
2009-11-03,,,,83,268,51,3.84769249e+11,2.33369096e+11,1.869412044e+13,1.09668205e+13,725
2009-11-04,,,,107,286,51.95,3.959874091e+11,2.34528948e+11,1.907118766e+13,1.096111612e+13,724
2009-11-05,,,,155,281,51.85,3.928259719e+11,2.34698372e+11,1.894788948e+13,1.096055478e+13,726
2009-11-06,,,,208,254,52.25,3.93115278e+11,2.34531351e+11,1.90792958e+13,1.096056302e+13,727
2009-11-09,,,,220,236,52.75,3.957162864e+11,2.34779736e+11,1.927560205e+13,1.096893146e+13,727
2009-11-10,,,,230,137,53.15,3.961246215e+11,2.33505192e+11,1.942265045e+13,1.096950492e+13,727
2009-11-11,,,,246,85,53.85,3.991955977e+11,2.33461592e+11,1.960856255e+13,1.096695604e+13,724
2009-11-12,,,,253,53,53.8,3.992959747e+11,2.33787627e+11,1.961661232e+13,1.097416788e+13,727
2009-11-13,,,,258,48,53.65,4.00051584e+11,2.33763082e+11,1.960011226e+13,1.106252699e+13,724
2009-11-16,,,,288,44,54.55,4.079132882e+11,2.34643276e+11,1.992799242e+13,1.107820609e+13,725
2009-11-17,,,,294,63,54.1,4.011481323e+11,2.33442252e+11,1.97777089e+13,1.108168668e+13,728
2009-11-18,,,,306,51,54.15,4.085367662e+11,2.35534787e+11,1.987586241e+13,1.108193531e+13,729
2009-11-19,,,,313,64,53.95,4.12839143e+11,2.37376291e+11,1.984423989e+13,1.107129286e+13,728
2009-11-20,,,,320,67,53.45,4.14964534e+11,2.40125171e+11,1.964260495e+13,1.104816134e+13,726
2009-11-23,,,,291,102,53.4,4.17710564e+11,2.41481814e+11,1.965791119e+13,1.10569843e+13,728
2009-11-24,,,,286,131,53.65,4.194622027e+11,2.42424138e+11,1.972172253e+13,1.10556268e+13,726
2009-11-25,,,,282,138,54,4.216000366e+11,2.43171592e+11,1.98315631e+13,1.105473919e+13,727
2009-11-26,,,,275,143,53.85,4.202691507e+11,2.42971116e+11,1.981319638e+13,1.106967024e+13,726
2009-11-27,,,,178,215,52.2,4.026165284e+11,2.40324317e+11,1.918702307e+13,1.107030417e+13,728
2009-11-30,,,,141,245,52.7,4.125251799e+11,2.42143329e+11,1.941485393e+13,1.107270264e+13,727
2009-12-01,,,,132,261,53.25,4.178923427e+11,2.4338452e+11,1.959585226e+13,1.106395206e+13,729
2009-12-02,,,,191,239,53.4,4.217489948e+11,2.44510364e+11,1.966988098e+13,1.106358204e+13,726
2009-12-03,,,,198,227,53.45,4.216641069e+11,2.45154885e+11,1.968400409e+13,1.10621482e+13,727
2009-12-04,,,,193,227,53.1,4.222604384e+11,2.46046041e+11,1.959958727e+13,1.106687619e+13,728
2009-12-07,,,,229,188,53.95,4.320747627e+11,2.47732478e+11,1.991763771e+13,1.106445757e+13,724
2009-12-08,,,,295,130,53.7,4.311485047e+11,2.47998282e+11,1.990709827e+13,1.107363506e+13,728
2009-12-09,,,,358,62,53.85,4.398707455e+11,2.51087051e+11,1.998019114e+13,1.106893451e+13,727
2009-12-10,,,,324,89,53,4.293285716e+11,2.50116694e+11,1.96758073e+13,1.10695505e+13,727
2009-12-11,,,,354,113,53.85,4.425533678e+11,2.53440857e+11,1.998723745e+13,1.107582175e+13,729
2009-12-14,,,,362,117,53.9,4.454104389e+11,2.54290077e+11,2.004762474e+13,1.107116918e+13,729
2009-12-15,,,,424,70,53.75,4.450719333e+11,2.5502724e+11,2.002692758e+13,1.10852118e+13,730
2009-12-16,,,,437,75,53.2,4.442396809e+11,2.55687499e+11,1.988760861e+13,1.108803692e+13,728
2009-12-17,,,,379,110,53.4,4.374061506e+11,2.54728131e+11,1.991038224e+13,1.110139837e+13,732
2009-12-18,,,,312,125,53.25,4.389422256e+11,2.55212435e+11,1.993929301e+13,1.110405717e+13,728
2009-12-21,,,,280,123,53.7,4.41017282e+11,2.55438162e+11,2.002801423e+13,1.110264775e+13,733
2009-12-22,,,,317,111,54.15,4.438242645e+11,2.55251572e+11,2.020310153e+13,1.110301306e+13,732
2009-12-23,,,,374,77,54.55,4.450895616e+11,2.55183839e+11,2.034119254e+13,1.11062491e+13,735
2009-12-24,,,,380,64,55.1,4.472720626e+11,2.55727226e+11,2.049956922e+13,1.111035941e+13,737
2009-12-25,,,,383,60,55.2,4.506721369e+11,2.56913813e+11,2.053522137e+13,1.111299348e+13,734
2009-12-28,,,,414,41,55.6,4.562180204e+11,2.57730433e+11,2.076086782e+13,1.111303967e+13,738
2009-12-29,,,,459,34,55.5,4.57556217e+11,2.58265069e+11,2.075417109e+13,1.11163512e+13,736
2009-12-30,,,,513,17,55.7,4.630046516e+11,2.59437508e+11,2.090582403e+13,1.111565878e+13,737
2009-12-31,,,,540,13,56.45,4.671705372e+11,2.6034682e+11,2.110127161e+13,1.111293754e+13,739
2010-01-04,,,,561,14,56.5,4.686813783e+11,2.61712044e+11,2.115334845e+13,1.111555965e+13,738
2010-01-05,,,,547,17,56.5,4.623961982e+11,2.61344911e+11,2.115994567e+13,1.111338182e+13,738
2010-01-06,,,,476,25,57.55,4.712097293e+11,2.64615436e+11,2.146277681e+13,1.111931982e+13,740
2010-01-07,,,,386,29,57.4,4.601223618e+11,2.63404549e+11,2.122791758e+13,1.111501212e+13,739
2010-01-08,,,,376,35,57.75,4.672362466e+11,2.65475882e+11,2.134496067e+13,1.11163216e+13,741
2010-01-11,,,,350,40,57.9,4.725937405e+11,2.67652256e+11,2.145659562e+13,1.111271674e+13,741
2010-01-12,,,,367,43,57.6,4.762996777e+11,2.69515094e+11,2.142010257e+13,1.111745139e+13,740
2010-01-13,,,,353,55,56.75,4.742554498e+11,2.70901923e+11,2.112972736e+13,1.111969815e+13,740
2010-01-14,,,,325,62,57.45,4.815163959e+11,2.72322023e+11,2.136082788e+13,1.11032373e+13,739
2010-01-15,,,,373,54,57.8,4.866985954e+11,2.73690462e+11,2.153174265e+13,1.109957339e+13,738
2010-01-18,,,,453,42,57.5,4.91167174e+11,2.75979183e+11,2.148538471e+13,1.110520302e+13,739
2010-01-19,,,,421,48,56.75,4.821684496e+11,2.75481684e+11,2.118370118e+13,1.094573381e+13,737
2010-01-20,,,,380,54,56.4,4.803927174e+11,2.7624502e+11,2.111086126e+13,1.094528652e+13,737
2010-01-21,,,,257,79,55.95,4.697062796e+11,2.75031181e+11,2.025705052e+13,1.056374407e+13,735
2010-01-22,,,,142,123,54.4,4.603832848e+11,2.7470597e+11,1.975955289e+13,1.056663277e+13,735
2010-01-25,,,,69,171,54.2,4.547020339e+11,2.73839653e+11,1.962348953e+13,1.056502246e+13,735
2010-01-26,,,,35,235,52.95,4.234412137e+11,2.67163949e+11,1.893943589e+13,1.056515905e+13,736
2010-01-27,,,,25,305,52.9,4.143689558e+11,2.64341709e+11,1.883925937e+13,1.055956635e+13,734
2010-01-28,,,,16,358,54.05,4.293251246e+11,2.65194179e+11,1.919936379e+13,1.058955977e+13,737
2010-01-29,,,,18,441,53,4.242094917e+11,2.64643741e+11,1.90600932e+13,1.058662729e+13,736
2010-02-01,,,,27,482,52.4,4.213509699e+11,2.66081111e+11,1.877357557e+13,1.059207082e+13,738
2010-02-02,,,,26,539,51.85,4.082782699e+11,2.62778494e+11,1.853641925e+13,1.058883509e+13,737
2010-02-03,,,,31,556,52.75,4.154111655e+11,2.62489339e+11,1.888844696e+13,1.070971145e+13,737
2010-02-04,,,,29,550,52.55,4.178015457e+11,2.63046087e+11,1.886694046e+13,1.069983804e+13,736
2010-02-05,,,,26,575,50.75,3.87967145e+11,2.56681142e+11,1.805790347e+13,1.070675991e+13,737
2010-02-08,,,,15,619,50.85,3.794394964e+11,2.50612403e+11,1.862256623e+13,1.10819681e+13,737
2010-02-09,,,,9,637,51.55,3.89556604e+11,2.49048415e+11,1.900014649e+13,1.108816712e+13,736
2010-02-10,,,,14,579,52.1,3.918027804e+11,2.46411897e+11,1.920364988e+13,1.109312303e+13,738
2010-02-22,,,,29,385,52.6,3.965880621e+11,2.4674474e+11,1.950294973e+13,1.109641579e+13,737
2010-02-23,,,,35,194,52.6,4.017139404e+11,2.48591035e+11,1.960088278e+13,1.109551648e+13,738
2010-02-24,,,,43,127,52.25,4.027673748e+11,2.50538185e+11,1.942709501e+13,1.109698977e+13,738
2010-02-25,,,,45,151,51.65,3.993158275e+11,2.51699726e+11,1.917169387e+13,1.109481993e+13,738
2010-02-26,,,,39,194,51.55,4.007482386e+11,2.5262484e+11,1.919918015e+13,1.113142696e+13,738
2010-03-01,,,,43,140,52.8,4.107777575e+11,2.52749047e+11,1.957567179e+13,1.112588746e+13,737
2010-03-02,,,,61,114,52.65,4.117963111e+11,2.52940737e+11,1.962109868e+13,1.11332901e+13,739
2010-03-03,,,,77,89,52.65,4.14136837e+11,2.53348027e+11,1.969704518e+13,1.113198816e+13,740
2010-03-04,,,,91,115,52.2,4.134552149e+11,2.54177488e+11,1.954155949e+13,1.112258504e+13,737
2010-03-05,,,,106,123,52.95,4.1768222e+11,2.53983398e+11,1.978681394e+13,1.112872042e+13,740
2010-03-08,,,,115,83,53.65,4.185400048e+11,2.52080636e+11,1.985786557e+13,1.095096386e+13,737
2010-03-09,,,,131,50,53.8,4.179024145e+11,2.51670339e+11,1.987645296e+13,1.094886582e+13,734
2010-03-10,,,,148,55,53.8,4.171420941e+11,2.51517094e+11,1.98991749e+13,1.095380962e+13,737
2010-03-11,,,,159,94,53.65,4.167824067e+11,2.51942737e+11,1.982820701e+13,1.094867473e+13,737
2010-03-12,,,,189,147,53.6,4.174038574e+11,2.52362193e+11,1.983022858e+13,1.094794097e+13,738
2010-03-15,,,,180,224,52.85,4.113724469e+11,2.52581446e+11,1.954076611e+13,1.094487785e+13,737
2010-03-16,,,,191,273,53.1,4.1707936e+11,2.53793426e+11,1.969461762e+13,1.096751668e+13,738
2010-03-17,,,,227,232,54.15,4.231657745e+11,2.52972189e+11,2.028775181e+13,1.108408454e+13,738
2010-03-18,,,,332,99,54.4,4.283502339e+11,2.54014777e+11,2.036516917e+13,1.095097425e+13,737
2010-03-19,,,,426,36,54.25,4.337559154e+11,2.55460974e+11,2.040709814e+13,1.097679984e+13,736
2010-03-22,,,,468,24,53.7,4.375610751e+11,2.57848293e+11,2.024144024e+13,1.09734624e+13,736
2010-03-23,,,,485,31,53.35,4.363529595e+11,2.58659722e+11,2.018377852e+13,1.098533366e+13,735
2010-03-24,,,,491,40,53.5,4.375822284e+11,2.59579485e+11,2.021093193e+13,1.099752875e+13,736
2010-03-25,,,,490,42,53.5,4.403526286e+11,2.60796519e+11,2.023063154e+13,1.101621106e+13,737
2010-03-26,,,,498,42,54,4.419001947e+11,2.60747409e+11,2.032902955e+13,1.102558634e+13,735
2010-03-29,,,,495,34,54.5,4.458960032e+11,2.60765398e+11,2.050703937e+13,1.104214917e+13,736
2010-03-30,,,,508,28,54.45,4.44846412e+11,2.60660489e+11,2.056420964e+13,1.105758425e+13,735
2010-03-31,,,,493,26,54.25,4.438300078e+11,2.60520882e+11,2.046146245e+13,1.107293859e+13,736
2010-04-01,,,,478,23,54.75,4.487077146e+11,2.60846469e+11,2.070152551e+13,1.108572107e+13,736
2010-04-02,,,,488,19,54.75,4.50100312e+11,2.6077779e+11,2.073600234e+13,1.109269647e+13,736
2010-04-06,,,,536,16,55.3,4.482937845e+11,2.59257996e+11,2.091249882e+13,1.111128483e+13,738
2010-04-07,,,,564,9,55.4,4.509680557e+11,2.59553431e+11,2.099445997e+13,1.111027987e+13,737
2010-04-08,,,,539,9,55.05,4.470760475e+11,2.60558809e+11,2.083085474e+13,1.111580015e+13,738
2010-04-09,,,,488,14,55.2,4.494585526e+11,2.61104291e+11,2.091962845e+13,1.112170366e+13,737
2010-04-12,,,,466,15,55.45,4.462183475e+11,2.5880781e+11,2.098662396e+13,1.112280336e+13,737
2010-04-13,,,,436,18,54.8,4.338992313e+11,2.55136375e+11,2.075997428e+13,1.112366333e+13,737
2010-04-14,,,,417,25,55.2,4.385352543e+11,2.54931398e+11,2.094018697e+13,1.114198271e+13,737
2010-04-15,,,,416,29,55.55,4.462571171e+11,2.57990506e+11,2.112658561e+13,1.114847422e+13,737
2010-04-16,,,,465,33,55.2,4.49889837e+11,2.61559567e+11,2.097014747e+13,1.115019128e+13,736
2010-04-19,,,,303,53,53.65,4.251293482e+11,2.58251048e+11,2.030770422e+13,1.117619174e+13,739
2010-04-20,,,,183,73,53.85,4.307231866e+11,2.59017748e+11,2.042945665e+13,1.118417216e+13,738
2010-04-21,,,,136,90,54.55,4.385350101e+11,2.59420883e+11,2.066426341e+13,1.119253018e+13,738
2010-04-22,,,,192,96,54.45,4.401560291e+11,2.60444363e+11,2.063766294e+13,1.119852967e+13,738
2010-04-23,,,,261,98,54.75,4.45368334e+11,2.62529323e+11,2.070674293e+13,1.121011915e+13,738
2010-04-26,,,,298,112,55.9,4.477826594e+11,2.61721772e+11,2.110974723e+13,1.125395959e+13,739
2010-04-27,,,,339,114,55.85,4.470218966e+11,2.62382064e+11,2.108140365e+13,1.135687233e+13,739
2010-04-28,,,,347,124,55.25,4.463094187e+11,2.6340799e+11,2.091571118e+13,1.140660541e+13,738
2010-04-29,,,,336,167,55,4.504302854e+11,2.65964051e+11,2.08454656e+13,1.149015557e+13,737
2010-04-30,,,,292,207,54.8,4.384576607e+11,2.63636741e+11,2.071582617e+13,1.190328331e+13,738
2010-05-03,,,,222,234,54.45,4.352528229e+11,2.63743742e+11,2.058749454e+13,1.190065691e+13,737
2010-05-04,,,,139,271,54.5,4.340444887e+11,2.636266e+11,2.053548032e+13,1.190681052e+13,737
2010-05-05,,,,81,326,53,4.181278822e+11,2.62098859e+11,1.992570128e+13,1.189692608e+13,737
2010-05-06,,,,57,381,51.95,4.097773728e+11,2.61550281e+11,1.961927447e+13,1.189864753e+13,736
2010-05-07,,,,41,426,51.95,4.058752065e+11,2.58506131e+11,1.958397656e+13,1.189846168e+13,735
2010-05-10,,,,41,462,52.4,4.145472668e+11,2.59422522e+11,1.98420182e+13,1.19013651e+13,734
2010-05-11,,,,45,489,52.2,4.11984648e+11,2.5986264e+11,1.968925824e+13,1.189376438e+13,735
2010-05-12,,,,60,474,52.1,4.122956987e+11,2.60386211e+11,1.966899987e+13,1.188113525e+13,732
2010-05-13,,,,84,422,53.25,4.223642353e+11,2.60908833e+11,2.010988584e+13,1.190347031e+13,736
2010-05-14,,,,113,289,53.1,4.239125459e+11,2.60948525e+11,2.011600252e+13,1.189448279e+13,736
2010-05-17,,,,120,228,51.9,4.120664781e+11,2.60535469e+11,1.96674027e+13,1.189740386e+13,736
2010-05-18,,,,99,292,52,4.078079284e+11,2.59572461e+11,1.941954908e+13,1.172409981e+13,733
2010-05-19,,,,79,382,51.45,4.112109122e+11,2.60752423e+11,1.935782466e+13,1.172971901e+13,735
2010-05-20,,,,65,419,50.8,4.007835103e+11,2.59827516e+11,1.901154659e+13,1.172039508e+13,733
2010-05-21,,,,43,547,49.75,3.792302205e+11,2.54981337e+11,1.853767435e+13,1.172888482e+13,733
2010-05-24,,,,24,596,50.45,3.842796715e+11,2.53979091e+11,1.878393142e+13,1.176614369e+13,735
2010-05-25,,,,14,620,49.12,3.616203151e+11,2.48300557e+11,1.817633025e+13,1.176363773e+13,735
2010-05-26,,,,12,629,49.32,3.674871613e+11,2.47803882e+11,1.838405208e+13,1.17539861e+13,733
2010-05-27,,,,11,634,49.66,3.774947213e+11,2.48114996e+11,1.858343372e+13,1.17634525e+13,734
2010-05-28,,,,17,581,49.87,3.81211364e+11,2.48060799e+11,1.871786881e+13,1.1755333e+13,735
2010-05-31,,,,29,418,50.1,3.852355661e+11,2.48500127e+11,1.891909259e+13,1.17528773e+13,732
2010-06-01,,,,39,275,49.83,3.842465581e+11,2.49496458e+11,1.870546063e+13,1.176282058e+13,733
2010-06-02,,,,42,235,49.05,3.801327934e+11,2.50242635e+11,1.8467469e+13,1.176494962e+13,734
2010-06-03,,,,43,184,50.2,3.883162768e+11,2.49917136e+11,1.888905041e+13,1.175818968e+13,734
2010-06-04,,,,48,150,50.05,3.88325848e+11,2.4994741e+11,1.885411816e+13,1.176013213e+13,736
2010-06-07,,,,47,167,48.74,3.779023581e+11,2.49504437e+11,1.838391842e+13,1.176413737e+13,736
2010-06-08,,,,46,360,48.56,3.833461008e+11,2.51533832e+11,1.836996424e+13,1.175259869e+13,734
2010-06-09,,,,32,548,48.18,3.747148721e+11,2.50427656e+11,1.81656417e+13,1.176436884e+13,735
2010-06-10,,,,34,537,48.85,3.814136735e+11,2.50547834e+11,1.844893336e+13,1.17665468e+13,736
2010-06-11,,,,31,507,49.62,3.85382561e+11,2.49663804e+11,1.875142105e+13,1.176331178e+13,736
2010-06-14,,,,47,275,50.35,3.888750205e+11,2.49275822e+11,1.897362492e+13,1.174697824e+13,733
2010-06-15,,,,66,160,50.7,3.897809005e+11,2.48458244e+11,1.915096196e+13,1.176834464e+13,734
2010-06-17,,,,87,100,51.05,3.909726765e+11,2.47813747e+11,1.928557966e+13,1.174531029e+13,733
2010-06-18,,,,100,63,50.9,3.904354413e+11,2.48069995e+11,1.922869244e+13,1.175157162e+13,734
2010-06-21,,,,127,26,52,3.969154619e+11,2.47376777e+11,1.959986689e+13,1.174792541e+13,736
2010-06-22,,,,179,22,51.7,3.983303059e+11,2.48141092e+11,1.954252006e+13,1.175424345e+13,734
2010-06-23,,,,218,18,51.15,3.996357995e+11,2.49305003e+11,1.946340169e+13,1.175243404e+13,734
2010-06-24,,,,295,26,51.3,4.044096912e+11,2.51138367e+11,1.971707075e+13,1.202191317e+13,739
2010-06-25,,,,319,74,50.6,3.972847538e+11,2.51402828e+11,1.940787134e+13,1.202127238e+13,736
2010-06-28,,,,296,137,50.8,3.981964766e+11,2.52529265e+11,1.945615213e+13,1.200223642e+13,737
2010-06-29,,,,195,200,50.5,3.933379958e+11,2.52245212e+11,1.92562871e+13,1.199375631e+13,735
2010-06-30,,,,131,232,49.55,3.9010174e+11,2.53046984e+11,1.900974726e+13,1.199896354e+13,735
2010-07-01,,,,86,259,49.19,3.90267759e+11,2.54470799e+11,1.881807771e+13,1.199647974e+13,735
2010-07-02,,,,76,277,49.49,3.967429006e+11,2.56081714e+11,1.901184123e+13,1.199626257e+13,735
2010-07-05,,,,114,286,50.5,4.04098627e+11,2.56551148e+11,1.929373364e+13,1.199247299e+13,734
2010-07-06,,,,213,236,51.4,4.103421922e+11,2.56312795e+11,1.957716567e+13,1.199204609e+13,733
2010-07-07,,,,296,154,51.3,4.107601525e+11,2.56696809e+11,1.954670445e+13,1.199693475e+13,736
2010-07-08,,,,358,73,52.05,4.147789961e+11,2.56401817e+11,1.973733007e+13,1.199821417e+13,736
2010-07-09,,,,384,56,52.35,4.136650356e+11,2.55399381e+11,1.983539775e+13,1.200286937e+13,737
2010-07-12,,,,409,48,52.3,4.142785207e+11,2.55074587e+11,1.981955436e+13,1.200000078e+13,734
2010-07-13,,,,418,68,52.15,4.126980612e+11,2.55705901e+11,1.971776895e+13,1.201933906e+13,737
2010-07-14,,,,426,71,53.15,4.160421537e+11,2.54950954e+11,2.002131426e+13,1.202135529e+13,738
2010-07-15,,,,431,81,53.25,4.179107162e+11,2.55830078e+11,1.999357143e+13,1.201821657e+13,737
2010-07-16,,,,428,85,52.9,4.144397223e+11,2.5630472e+11,1.988711386e+13,1.201499905e+13,736
2010-07-19,,,,371,97,52.75,4.156167549e+11,2.57688723e+11,1.984557381e+13,1.200242706e+13,736
2010-07-20,,,,322,108,53.2,4.201992475e+11,2.5829995e+11,2.001026877e+13,1.201895276e+13,738
2010-07-21,,,,325,113,52.9,4.19167934e+11,2.58244818e+11,1.998896818e+13,1.201556197e+13,738
2010-07-22,,,,338,112,52.95,4.206232005e+11,2.59530464e+11,1.989500254e+13,1.20070623e+13,739
2010-07-23,,,,370,108,53.7,4.234988915e+11,2.58891426e+11,2.014157572e+13,1.201453123e+13,739
2010-07-26,,,,396,89,53.85,4.226433154e+11,2.57993131e+11,2.019786827e+13,1.200428717e+13,738
2010-07-27,,,,403,86,53.6,4.191302594e+11,2.56848861e+11,2.009346666e+13,1.200217735e+13,738
2010-07-28,,,,398,86,54.05,4.240442674e+11,2.59308573e+11,2.016781126e+13,1.198044278e+13,738
2010-07-29,,,,390,91,54.1,4.250968575e+11,2.6054382e+11,2.019338556e+13,1.196711171e+13,737
2010-07-30,,,,380,105,53.9,4.2386874e+11,2.61222065e+11,2.008821709e+13,1.196326178e+13,739
2010-08-02,,,,401,100,54.95,4.32835979e+11,2.62070177e+11,2.047466661e+13,1.196119658e+13,738
2010-08-03,,,,424,88,55.2,4.345209286e+11,2.61958832e+11,2.058249526e+13,1.193942112e+13,738
2010-08-04,,,,477,67,55.1,4.388904065e+11,2.64525957e+11,2.055533782e+13,1.190277101e+13,736
2010-08-05,,,,455,81,55.05,4.339469143e+11,2.64669203e+11,2.046741738e+13,1.191274013e+13,737
2010-08-06,,,,418,91,55.2,4.39089079e+11,2.66367354e+11,2.053911878e+13,1.191112297e+13,737
2010-08-09,,,,389,96,55.5,4.431684488e+11,2.66603329e+11,2.072576842e+13,1.190786171e+13,736
2010-08-10,,,,380,107,55.4,4.39081792e+11,2.67012481e+11,2.057313198e+13,1.190342789e+13,736
2010-08-11,,,,343,121,54.7,4.345029023e+11,2.67018909e+11,2.034759832e+13,1.188154869e+13,734
2010-08-12,,,,258,145,54.25,4.384913003e+11,2.69718894e+11,2.014360067e+13,1.184948389e+13,736
2010-08-13,,,,232,158,54.85,4.482175068e+11,2.72204806e+11,2.028926314e+13,1.183942823e+13,737
2010-08-16,,,,291,139,55,4.548239317e+11,2.74297479e+11,2.04244556e+13,1.18482102e+13,738
2010-08-17,,,,334,111,54.95,4.564822051e+11,2.75536673e+11,2.040196842e+13,1.185736305e+13,737
2010-08-18,,,,357,113,54.65,4.58519082e+11,2.7756039e+11,2.034485302e+13,1.177838674e+13,737
2010-08-19,,,,337,111,54.95,4.607097329e+11,2.78923703e+11,2.0357024e+13,1.177101552e+13,737
2010-08-20,,,,320,118,54.95,4.623924525e+11,2.80073415e+11,2.034264928e+13,1.176546062e+13,735
2010-08-23,,,,316,115,55.3,4.637617896e+11,2.80016589e+11,2.047752626e+13,1.173499153e+13,734
2010-08-24,,,,319,148,54.95,4.652185263e+11,2.81766106e+11,2.043278825e+13,1.170877242e+13,733
2010-08-25,,,,218,196,53.95,4.472765614e+11,2.80492472e+11,1.976912851e+13,1.160787663e+13,736
2010-08-26,,,,123,245,53.6,4.402479249e+11,2.79717042e+11,1.968830085e+13,1.159357576e+13,734
2010-08-27,,,,66,278,53.85,4.426263019e+11,2.79859141e+11,1.978271283e+13,1.15552503e+13,733
2010-08-30,,,,58,307,54.1,4.392685514e+11,2.78774661e+11,1.983177657e+13,1.146134644e+13,735
2010-08-31,,,,52,333,53.3,4.231489428e+11,2.75439745e+11,1.95392458e+13,1.140742583e+13,735
2010-09-01,,,,60,367,53.7,4.336021745e+11,2.77671097e+11,1.969034306e+13,1.141631736e+13,737
2010-09-02,,,,75,390,54,4.358821721e+11,2.77280708e+11,1.982258122e+13,1.141315503e+13,735
2010-09-03,,,,131,360,54.55,4.476219823e+11,2.78861007e+11,2.0119897e+13,1.143060815e+13,733
2010-09-06,,,,186,265,54.95,4.544446539e+11,2.79925939e+11,2.028452814e+13,1.142908444e+13,733
2010-09-07,,,,203,160,54.85,4.533675821e+11,2.80760656e+11,2.028080788e+13,1.143129092e+13,736
2010-09-08,,,,212,141,54.75,4.528593553e+11,2.81540414e+11,2.020788361e+13,1.143200539e+13,737
2010-09-09,,,,195,180,54.75,4.517051233e+11,2.81814532e+11,2.01706937e+13,1.142687182e+13,736
2010-09-10,,,,185,195,55.25,4.535647658e+11,2.81720318e+11,2.03467775e+13,1.144839448e+13,736
2010-09-13,,,,201,130,56.8,4.633164686e+11,2.82849783e+11,2.086492788e+13,1.145169584e+13,736
2010-09-14,,,,219,114,57,4.678005666e+11,2.83540501e+11,2.096482135e+13,1.144704488e+13,735
2010-09-15,,,,259,82,57.25,4.737745261e+11,2.86039461e+11,2.104489815e+13,1.143649358e+13,735
2010-09-16,,,,266,108,56.65,4.689817833e+11,2.86115933e+11,2.088215577e+13,1.144669672e+13,737
2010-09-17,,,,253,131,57.3,4.762347648e+11,2.87982972e+11,2.105210007e+13,1.145605713e+13,737
2010-09-20,,,,252,144,57.25,4.778585307e+11,2.88555331e+11,2.111751898e+13,1.145661385e+13,735
2010-09-21,,,,275,139,57.35,4.794345271e+11,2.89094776e+11,2.128259026e+13,1.151184189e+13,734
2010-09-23,,,,284,133,57.35,4.831453854e+11,2.90755079e+11,2.130092761e+13,1.150663607e+13,735
2010-09-24,,,,252,169,57,4.789661632e+11,2.90737882e+11,2.122812276e+13,1.151938576e+13,735
2010-09-27,,,,224,213,57.5,4.773562344e+11,2.90847512e+11,2.131072664e+13,1.152578374e+13,736
2010-09-28,,,,196,230,57.4,4.769994664e+11,2.91112259e+11,2.13024926e+13,1.151928716e+13,733
2010-09-29,,,,205,224,57.8,4.817825052e+11,2.92127538e+11,2.144092565e+13,1.152886707e+13,736
2010-09-30,,,,220,187,57.7,4.83354376e+11,2.93262311e+11,2.143962075e+13,1.153026186e+13,735
2010-10-01,,,,263,172,57.75,4.85589355e+11,2.94005391e+11,2.145822486e+13,1.15314877e+13,732
2010-10-04,,,,250,172,57.75,4.806058324e+11,2.93986364e+11,2.144443776e+13,1.151896215e+13,731
2010-10-05,,,,247,203,57.4,4.793246438e+11,2.94246041e+11,2.132747004e+13,1.15095808e+13,729
2010-10-06,,,,262,207,57.75,4.857485238e+11,2.95572406e+11,2.154738544e+13,1.151814439e+13,729
2010-10-07,,,,281,200,57.95,4.871453269e+11,2.96719528e+11,2.154211819e+13,1.151473812e+13,730
2010-10-08,,,,288,197,57.6,4.833915791e+11,2.96569485e+11,2.144198902e+13,1.151208444e+13,729
2010-10-11,,,,252,213,56.95,4.759906617e+11,2.94510346e+11,2.126584392e+13,1.151770046e+13,729
2010-10-12,,,,175,244,56.2,4.731509728e+11,2.94740591e+11,2.104218881e+13,1.151961861e+13,728
2010-10-13,,,,128,268,56.55,4.747899506e+11,2.95246458e+11,2.108700857e+13,1.152238416e+13,730
2010-10-14,,,,138,272,57.45,4.786111527e+11,2.95285257e+11,2.137781141e+13,1.152474811e+13,731
2010-10-15,,,,178,244,57.35,4.732613466e+11,2.94395134e+11,2.135513468e+13,1.152043645e+13,732
2010-10-18,,,,170,268,56.2,4.645503596e+11,2.94094726e+11,2.098193123e+13,1.152562598e+13,733
2010-10-19,,,,135,286,56.05,4.642189175e+11,2.93847635e+11,2.094769669e+13,1.152762585e+13,734
2010-10-20,,,,115,312,56.7,4.732264467e+11,2.95097577e+11,2.115100617e+13,1.153108711e+13,734
2010-10-21,,,,139,302,56.75,4.740535501e+11,2.95979849e+11,2.11863789e+13,1.154450959e+13,738
2010-10-22,,,,168,271,57.1,4.759300424e+11,2.96281549e+11,2.128166361e+13,1.154887337e+13,738
2010-10-25,,,,205,261,56.1,4.841412925e+11,2.97522569e+11,2.16452136e+13,1.155867194e+13,737
2010-10-26,,,,238,192,56.35,4.865023672e+11,2.98272179e+11,2.174382079e+13,1.158908115e+13,739
2010-10-27,,,,236,165,56.05,4.831436918e+11,2.98634452e+11,2.160800459e+13,1.162484702e+13,738
2010-10-28,,,,227,144,56.5,4.872564269e+11,2.99189288e+11,2.17539992e+13,1.167354687e+13,737
2010-10-29,,,,194,181,56,4.809513534e+11,2.98166769e+11,2.15878647e+13,1.193972574e+13,737
2010-11-01,,,,182,221,56.8,4.807304571e+11,2.9727963e+11,2.182497889e+13,1.199228028e+13,735
2010-11-02,,,,162,287,56.8,4.72029224e+11,2.94797431e+11,2.173670889e+13,1.200327797e+13,737
2010-11-03,,,,144,335,56.7,4.577263916e+11,2.90855687e+11,2.160049395e+13,1.199994338e+13,737
2010-11-04,,,,130,375,57.05,4.631943722e+11,2.90822876e+11,2.176864181e+13,1.200260485e+13,738
2010-11-05,,,,138,369,57.65,4.69662583e+11,2.91993825e+11,2.200536437e+13,1.201497926e+13,737
2010-11-08,,,,173,356,57.55,4.676764118e+11,2.92744469e+11,2.195744207e+13,1.202161065e+13,737
2010-11-09,,,,193,345,57.7,4.69155485e+11,2.93003938e+11,2.197659567e+13,1.201910729e+13,735
2010-11-10,,,,204,335,57.65,4.695640095e+11,2.933519e+11,2.199075583e+13,1.201887005e+13,738
2010-11-11,,,,218,293,57.5,4.741265482e+11,2.9437369e+11,2.194276682e+13,1.200082681e+13,734
2010-11-12,,,,196,276,56.35,4.668863242e+11,2.93866809e+11,2.168033383e+13,1.208156651e+13,738
2010-11-15,,,,122,293,56.15,4.602294951e+11,2.92599625e+11,2.149883226e+13,1.210535708e+13,736
2010-11-16,,,,67,329,56.75,4.627811035e+11,2.92615306e+11,2.169286061e+13,1.210303505e+13,738
2010-11-17,,,,53,349,56.5,4.641099467e+11,2.94279593e+11,2.1545566e+13,1.210430609e+13,737
2010-11-18,,,,66,339,56.6,4.657497306e+11,2.94177042e+11,2.161665634e+13,1.209967807e+13,738
2010-11-19,,,,75,327,56.65,4.65525824e+11,2.93705121e+11,2.168053449e+13,1.209781206e+13,740
2010-11-22,,,,97,315,57.35,4.69585254e+11,2.93476258e+11,2.185477846e+13,1.210554899e+13,740
2010-11-23,,,,114,323,56.9,4.673381837e+11,2.92876048e+11,2.175066505e+13,1.210612217e+13,740
2010-11-24,,,,119,342,56.85,4.657749043e+11,2.9332013e+11,2.166756722e+13,1.210994082e+13,739
2010-11-25,,,,108,354,57.1,4.700342818e+11,2.93547839e+11,2.180535249e+13,1.21017663e+13,737
2010-11-26,,,,102,370,56.8,4.66466981e+11,2.9277428e+11,2.170535915e+13,1.209561226e+13,739
2010-11-29,,,,115,326,56.9,4.753091863e+11,2.94859792e+11,2.184893333e+13,1.209231333e+13,736
2010-11-30,,,,138,274,57.1,4.777617184e+11,2.94760406e+11,2.189039745e+13,1.212625951e+13,741
2010-12-01,,,,187,142,58,4.898773242e+11,2.98529506e+11,2.228090688e+13,1.213236988e+13,740
2010-12-02,,,,216,74,58.45,4.930664135e+11,2.99791346e+11,2.245421229e+13,1.212893393e+13,741
2010-12-03,,,,250,46,59,4.974756062e+11,3.01452615e+11,2.254711335e+13,1.213159962e+13,742
2010-12-06,,,,274,45,59.15,5.037917284e+11,3.03514276e+11,2.275546146e+13,1.213003634e+13,740
2010-12-07,,,,302,38,59.1,5.08229563e+11,3.05703452e+11,2.276752441e+13,1.213147837e+13,740
2010-12-08,,,,323,37,59.1,5.099325053e+11,3.06399045e+11,2.275606556e+13,1.2130594e+13,740
2010-12-09,,,,368,39,59.7,5.159918115e+11,3.08722198e+11,2.289346659e+13,1.213724691e+13,744
2010-12-10,,,,378,48,59.3,5.139284982e+11,3.08797967e+11,2.280061278e+13,1.213044025e+13,743
2010-12-13,,,,388,69,59.45,5.195300918e+11,3.10187123e+11,2.284364931e+13,1.21295656e+13,740
2010-12-14,,,,370,85,59.3,5.171955624e+11,3.09912508e+11,2.285806331e+13,1.213617015e+13,742
2010-12-15,,,,366,88,59.6,5.148459117e+11,3.10332485e+11,2.289935894e+13,1.213197546e+13,739
2010-12-16,,,,329,82,59.7,5.203481258e+11,3.12678876e+11,2.314191296e+13,1.214305856e+13,743
2010-12-17,,,,329,74,60.2,5.206063922e+11,3.13285808e+11,2.323955637e+13,1.214690004e+13,745
2010-12-20,,,,319,73,59.9,5.20171283e+11,3.14125414e+11,2.311478655e+13,1.214745123e+13,743
2010-12-21,,,,321,74,60.05,5.258819392e+11,3.15114398e+11,2.327122747e+13,1.215446496e+13,745
2010-12-22,,,,344,71,60.05,5.312496306e+11,3.16197855e+11,2.335981497e+13,1.215438119e+13,744
2010-12-23,,,,448,59,60.45,5.341941181e+11,3.17101224e+11,2.346482031e+13,1.214441986e+13,745
2010-12-24,,,,458,53,60.2,5.311408065e+11,3.17103568e+11,2.336407302e+13,1.214732781e+13,744
2010-12-27,,,,459,56,60.45,5.311222073e+11,3.17500974e+11,2.344722983e+13,1.214414654e+13,745
2010-12-28,,,,389,70,60.35,5.26628684e+11,3.1660238e+11,2.338976411e+13,1.214967719e+13,741
2010-12-29,,,,294,91,60.5,5.248673076e+11,3.1792878e+11,2.338920415e+13,1.215408035e+13,747
2010-12-30,,,,242,114,60.8,5.296384382e+11,3.19167633e+11,2.351427306e+13,1.21683448e+13,749
2010-12-31,,,,240,120,61.4,5.38150616e+11,3.22274797e+11,2.368613589e+13,1.216890918e+13,750
2011-01-03,,,,304,102,61.45,5.427257033e+11,3.23895897e+11,2.383058763e+13,1.217579586e+13,752
2011-01-04,,,,356,106,61.3,5.442976545e+11,3.24753207e+11,2.375442419e+13,1.2168497e+13,751
2011-01-05,,,,352,120,60.3,5.362682116e+11,3.24651796e+11,2.335479005e+13,1.21657925e+13,748
2011-01-06,,,,328,119,60.2,5.415654438e+11,3.26319766e+11,2.344850303e+13,1.216746698e+13,750
2011-01-07,,,,230,158,59.65,5.29460615e+11,3.23733276e+11,2.248699064e+13,1.179820904e+13,749
2011-01-10,,,,211,184,59.85,5.292211801e+11,3.23432914e+11,2.257810837e+13,1.180491682e+13,750
2011-01-11,,,,192,189,60.85,5.351919519e+11,3.23295661e+11,2.287233386e+13,1.179863481e+13,750
2011-01-12,,,,206,174,61.1,5.38744866e+11,3.23805471e+11,2.295286089e+13,1.179843811e+13,749
2011-01-13,,,,228,143,61.05,5.367947943e+11,3.23354873e+11,2.297657048e+13,1.179776503e+13,748
2011-01-14,,,,235,153,61,5.360149685e+11,3.23374517e+11,2.297528101e+13,1.179500824e+13,748
2011-01-17,,,,233,188,60.85,5.319927274e+11,3.23035638e+11,2.285282405e+13,1.179829532e+13,751
2011-01-18,,,,235,205,61.35,5.347801667e+11,3.23336285e+11,2.301455588e+13,1.180076886e+13,750
2011-01-19,,,,245,200,62.05,5.409008921e+11,3.2435263e+11,2.326569206e+13,1.179432533e+13,750
2011-01-20,,,,261,190,61.65,5.379441804e+11,3.24746153e+11,2.310962972e+13,1.180014636e+13,748
2011-01-21,,,,237,194,61,5.352397947e+11,3.24463408e+11,2.294636412e+13,1.180844332e+13,750
2011-01-24,,,,200,238,60.95,5.321991207e+11,3.23867779e+11,2.291566935e+13,1.180441129e+13,746
2011-01-25,,,,184,265,61.45,5.329910902e+11,3.23083204e+11,2.373081027e+13,1.217367531e+13,751
2011-01-26,,,,189,270,62,5.342512834e+11,3.21748933e+11,2.389250176e+13,1.217293868e+13,750
2011-01-27,,,,216,257,62.45,5.327365862e+11,3.2012139e+11,2.401265707e+13,1.217249447e+13,752
2011-01-28,,,,220,251,63,5.243027146e+11,3.16099936e+11,2.412397141e+13,1.216887215e+13,751
2011-02-08,,,,220,277,62.6,5.23384147e+11,3.17642769e+11,2.403348886e+13,1.217506464e+13,752
2011-02-09,,,,198,294,62,5.198415791e+11,3.1853642e+11,2.376982146e+13,1.217984224e+13,751
2011-02-10,,,,176,323,60.85,5.181810286e+11,3.20478417e+11,2.331215022e+13,1.216671918e+13,749
2011-02-11,,,,127,388,58.9,5.001202012e+11,3.18705696e+11,2.272409905e+13,1.217437847e+13,749
2011-02-14,,,,91,427,59.4,5.046321016e+11,3.1800254e+11,2.309992128e+13,1.218730203e+13,753
2011-02-15,,,,79,440,59.75,5.086885826e+11,3.18447236e+11,2.318732184e+13,1.21972456e+13,753
2011-02-16,,,,96,443,59.85,5.102574402e+11,3.19194898e+11,2.317346445e+13,1.219248336e+13,753
2011-02-17,,,,103,442,59.65,5.084840043e+11,3.19250127e+11,2.309747284e+13,1.219658332e+13,754
2011-02-18,,,,109,414,60.65,5.158156264e+11,3.19085466e+11,2.351664683e+13,1.219923734e+13,753
2011-02-21,,,,122,367,60.65,5.157403324e+11,3.19323778e+11,2.350459802e+13,1.21998003e+13,754
2011-02-22,,,,119,344,59.85,5.02731931e+11,3.17590588e+11,2.307350227e+13,1.219526311e+13,753
2011-02-23,,,,84,433,59,4.8882465e+11,3.14944686e+11,2.270303591e+13,1.219511049e+13,754
2011-02-24,,,,62,494,59,4.906005586e+11,3.14517588e+11,2.273798868e+13,1.219851691e+13,755
2011-02-25,,,,49,515,59.5,4.950819454e+11,3.14376509e+11,2.288853108e+13,1.219189122e+13,753
2011-03-01,,,,73,485,59.95,5.02921723e+11,3.14667814e+11,2.323469088e+13,1.219690137e+13,754
2011-03-02,,,,89,432,59.45,5.024473999e+11,3.15645553e+11,2.29484237e+13,1.219653498e+13,754
2011-03-03,,,,109,329,60.2,5.100148595e+11,3.16564531e+11,2.326682404e+13,1.219507122e+13,755
2011-03-04,,,,109,294,60.65,5.065942069e+11,3.15755426e+11,2.338847648e+13,1.219463619e+13,755
2011-03-07,,,,122,227,60.2,5.067699795e+11,3.16724954e+11,2.320165894e+13,1.219289338e+13,756
2011-03-08,,,,121,210,60.25,5.089053264e+11,3.17245112e+11,2.329035407e+13,1.219445859e+13,753
2011-03-09,,,,121,216,60.2,5.118009386e+11,3.18043706e+11,2.329703772e+13,1.219496605e+13,754
2011-03-10,,,,113,258,59.5,5.079688769e+11,3.18389346e+11,2.301073656e+13,1.219769183e+13,755
2011-03-11,,,,102,346,58.85,5.053921936e+11,3.19094082e+11,2.281147102e+13,1.219629506e+13,756
2011-03-14,,,,68,453,58.8,4.896410346e+11,3.15896287e+11,2.268166353e+13,1.21948445e+13,756
2011-03-15,,,,50,529,57.5,4.545670991e+11,3.06716983e+11,2.192122533e+13,1.219190832e+13,757
2011-03-16,,,,44,560,57.3,4.594387243e+11,3.03902316e+11,2.216006345e+13,1.220006874e+13,755
2011-03-17,,,,41,577,57.3,4.542951836e+11,3.01418836e+11,2.204623673e+13,1.221928554e+13,755
2011-03-18,,,,52,569,57.75,4.631111943e+11,3.01218311e+11,2.234655587e+13,1.22249572e+13,755
2011-03-21,,,,60,545,58.1,4.678083001e+11,3.01216675e+11,2.254110187e+13,1.224315544e+13,754
2011-03-22,,,,81,429,58.4,4.735859118e+11,3.02223627e+11,2.264844954e+13,1.224991152e+13,752
2011-03-23,,,,105,231,58.5,4.766399408e+11,3.03095379e+11,2.275005696e+13,1.226031518e+13,754
2011-03-24,,,,115,87,58.75,4.789710172e+11,3.03288479e+11,2.279344476e+13,1.224135757e+13,752
2011-03-25,,,,114,43,59.35,4.745351601e+11,3.01669998e+11,2.288298411e+13,1.226031379e+13,753
2011-03-28,,,,113,47,59.15,4.693278911e+11,3.01038613e+11,2.273065646e+13,1.226119453e+13,753
2011-03-29,,,,123,120,59.25,4.697051209e+11,3.01108969e+11,2.284952866e+13,1.229079136e+13,753
2011-03-30,,,,139,193,59.6,4.719592239e+11,3.01062572e+11,2.298323838e+13,1.228908313e+13,754
2011-03-31,,,,158,220,59.55,4.731607542e+11,3.00318708e+11,2.307442555e+13,1.229496937e+13,750
2011-04-01,,,,181,228,59.85,4.713653611e+11,2.98643611e+11,2.313625673e+13,1.231428247e+13,752
2011-04-06,,,,209,212,61.15,4.713036799e+11,2.95548114e+11,2.352751012e+13,1.231915595e+13,753
2011-04-07,,,,233,154,61.3,4.75534258e+11,2.95305324e+11,2.365630577e+13,1.231028447e+13,752
2011-04-08,,,,267,106,61.1,4.759194144e+11,2.95690605e+11,2.364284266e+13,1.231894333e+13,754
2011-04-11,,,,284,90,61.1,4.734344765e+11,2.94867068e+11,2.364376785e+13,1.235632193e+13,754
2011-04-12,,,,270,148,60.05,4.623677015e+11,2.93148342e+11,2.325335986e+13,1.235871797e+13,756
2011-04-13,,,,256,199,60.4,4.642562087e+11,2.92761277e+11,2.337845574e+13,1.239173975e+13,755
2011-04-14,,,,243,214,60.35,4.690799234e+11,2.94580426e+11,2.343770777e+13,1.239452193e+13,755
2011-04-15,,,,261,200,59.65,4.657886278e+11,2.95232376e+11,2.320785803e+13,1.238989618e+13,754
2011-04-18,,,,233,217,59.55,4.608310914e+11,2.94004325e+11,2.319410624e+13,1.23905273e+13,754
2011-04-19,,,,188,252,59.2,4.56353682e+11,2.93542722e+11,2.299579163e+13,1.239721044e+13,757
2011-04-20,,,,194,249,60.3,4.630132734e+11,2.93174721e+11,2.344672062e+13,1.23867493e+13,755
2011-04-21,,,,242,210,61.7,4.693319123e+11,2.93899437e+11,2.383633074e+13,1.240355602e+13,758
2011-04-22,,,,348,145,61.6,4.740589402e+11,2.95905024e+11,2.386373447e+13,1.240384372e+13,756
2011-04-25,,,,382,122,61.45,4.745818521e+11,2.96858928e+11,2.381544212e+13,1.241841363e+13,756
2011-04-26,,,,390,119,61.2,4.762015699e+11,2.97318006e+11,2.380357868e+13,1.241258658e+13,754
2011-04-27,,,,395,116,62.15,4.780856149e+11,2.97043162e+11,2.410835204e+13,1.244971135e+13,757
2011-04-28,,,,385,115,62.15,4.74941058e+11,2.97200263e+11,2.408287549e+13,1.251130116e+13,757
2011-04-29,,,,349,148,62,4.68172776e+11,2.9603164e+11,2.399659959e+13,1.269663349e+13,757
2011-05-03,,,,271,201,62.15,4.604030747e+11,2.94337309e+11,2.382905833e+13,1.281026417e+13,756
2011-05-04,,,,226,213,61.8,4.684144619e+11,2.96032464e+11,2.383785476e+13,1.281575699e+13,758
2011-05-05,,,,225,222,62.25,4.735268201e+11,2.97346961e+11,2.402710829e+13,1.281187829e+13,758
2011-05-06,,,,251,222,61.95,4.749822213e+11,2.99033342e+11,2.391544021e+13,1.281945783e+13,757
2011-05-09,,,,292,214,62.3,4.755389536e+11,2.98327283e+11,2.407286939e+13,1.281816525e+13,757
2011-05-10,,,,307,214,62.3,4.73217694e+11,2.98032387e+11,2.404383058e+13,1.281890074e+13,759
2011-05-11,,,,315,210,62.05,4.704001207e+11,2.97383437e+11,2.403466387e+13,1.281927417e+13,758
2011-05-12,,,,298,227,62.25,4.733932792e+11,2.98462463e+11,2.407163498e+13,1.282335184e+13,759
2011-05-13,,,,273,226,62.05,4.745068739e+11,2.98740114e+11,2.399432092e+13,1.283714008e+13,756
2011-05-16,,,,230,232,61.3,4.70071474e+11,2.99230599e+11,2.374904585e+13,1.283917442e+13,760
2011-05-17,,,,187,252,61.25,4.665773818e+11,2.99051915e+11,2.367520459e+13,1.284283876e+13,759
2011-05-18,,,,153,269,61.6,4.688008903e+11,2.98389863e+11,2.384298698e+13,1.2847868e+13,760
2011-05-19,,,,147,272,61.05,4.621721572e+11,2.96775734e+11,2.371673499e+13,1.285470116e+13,762
2011-05-20,,,,149,281,61.1,4.552430479e+11,2.95019834e+11,2.356564671e+13,1.285141427e+13,759
2011-05-23,,,,107,328,60.35,4.477194825e+11,2.93643992e+11,2.333424821e+13,1.285649929e+13,758
2011-05-24,,,,93,368,60.45,4.467801504e+11,2.92344865e+11,2.335983448e+13,1.285800873e+13,759
2011-05-25,,,,83,388,60.25,4.473454732e+11,2.9288367e+11,2.328312079e+13,1.285920977e+13,760
2011-05-26,,,,96,394,60.85,4.518298735e+11,2.92901583e+11,2.343765262e+13,1.285092486e+13,758
2011-05-27,,,,112,390,60.6,4.529828974e+11,2.92582214e+11,2.350066071e+13,1.285422848e+13,759
2011-05-30,,,,148,353,60.5,4.5601463e+11,2.92968283e+11,2.354121755e+13,1.285672051e+13,760
2011-05-31,,,,185,243,62,4.636801986e+11,2.92333136e+11,2.398164269e+13,1.286012125e+13,759
2011-06-01,,,,210,131,62.35,4.645973932e+11,2.91194952e+11,2.41775251e+13,1.286004855e+13,759
2011-06-02,,,,224,85,61.9,4.6264946e+11,2.92160795e+11,2.398907901e+13,1.285506613e+13,759
2011-06-03,,,,222,82,62.2,4.649635499e+11,2.92665092e+11,2.413553598e+13,1.28593311e+13,759
2011-06-07,,,,232,108,62.2,4.672203186e+11,2.93455484e+11,2.416261672e+13,1.285317603e+13,757
2011-06-08,,,,247,129,62,4.64557117e+11,2.93215423e+11,2.404857278e+13,1.2857978e+13,758
2011-06-09,,,,240,170,62,4.636323722e+11,2.93385132e+11,2.403366693e+13,1.286392876e+13,759
2011-06-10,,,,177,246,60.55,4.574538527e+11,2.94313611e+11,2.359609198e+13,1.285308891e+13,759
2011-06-13,,,,112,346,59.75,4.507768591e+11,2.94303716e+11,2.326610109e+13,1.285469205e+13,758
2011-06-14,,,,79,380,60.75,4.565584358e+11,2.94453937e+11,2.357303693e+13,1.286131028e+13,758
2011-06-15,,,,86,393,60.5,4.55721988e+11,2.94770265e+11,2.35798572e+13,1.285873354e+13,758
2011-06-16,,,,87,408,59.4,4.465784763e+11,2.94835038e+11,2.31070041e+13,1.286288055e+13,758
2011-06-17,,,,72,439,59.2,4.427190689e+11,2.93065111e+11,2.305859178e+13,1.286263572e+13,758
2011-06-20,,,,56,483,58.6,4.266011824e+11,2.890209e+11,2.277825399e+13,1.286176126e+13,758
2011-06-21,,,,55,510,59.05,4.253810234e+11,2.85732139e+11,2.295629542e+13,1.286600405e+13,758
2011-06-22,,,,49,531,59.2,4.296069442e+11,2.84666638e+11,2.301291136e+13,1.286330164e+13,759
2011-06-23,,,,66,505,58.65,4.277446845e+11,2.84813216e+11,2.287374718e+13,1.286396993e+13,758
2011-06-24,,,,89,474,58.2,4.292544563e+11,2.8516968e+11,2.278261524e+13,1.286230351e+13,758
2011-06-27,,,,91,459,57.8,4.293635964e+11,2.84996745e+11,2.270336348e+13,1.287332318e+13,759
2011-06-28,,,,99,404,57.65,4.284115375e+11,2.84692968e+11,2.264778098e+13,1.287350223e+13,761
2011-06-29,,,,114,317,58.65,4.341920307e+11,2.85445015e+11,2.289926687e+13,1.28744772e+13,762
2011-06-30,,,,125,210,58.85,4.353145072e+11,2.84896384e+11,2.310254902e+13,1.286161603e+13,761
2011-07-01,,,,143,114,59.7,4.385076392e+11,2.84203228e+11,2.333816811e+13,1.28704259e+13,761
2011-07-04,,,,151,113,60.05,4.382246449e+11,2.83389402e+11,2.342961451e+13,1.286796741e+13,761
2011-07-05,,,,171,125,59.95,4.365473934e+11,2.82731345e+11,2.345011601e+13,1.28724227e+13,761
2011-07-06,,,,179,174,60.6,4.389055454e+11,2.82950098e+11,2.355610984e+13,1.287582464e+13,761
2011-07-07,,,,195,214,60.35,4.38556008e+11,2.82873054e+11,2.341014366e+13,1.286246972e+13,757
2011-07-08,,,,202,231,60.05,4.365018814e+11,2.83759883e+11,2.335722127e+13,1.286868792e+13,761
2011-07-11,,,,207,285,59.65,4.294223039e+11,2.82726649e+11,2.31055804e+13,1.2845194e+13,757
2011-07-12,,,,141,379,58.7,4.121619072e+11,2.78432732e+11,2.263646948e+13,1.284005801e+13,759
2011-07-13,,,,111,441,58.7,4.067339456e+11,2.75549998e+11,2.263016179e+13,1.284883064e+13,758
2011-07-14,,,,74,466,58.9,4.026168488e+11,2.72119384e+11,2.260549096e+13,1.284365278e+13,759
2011-07-15,,,,97,471,59.2,4.117261588e+11,2.72913597e+11,2.285544677e+13,1.285043782e+13,761
2011-07-18,,,,131,450,59,4.085426555e+11,2.72532045e+11,2.273838028e+13,1.283343587e+13,761
2011-07-19,,,,169,420,58.9,4.110289591e+11,2.72779041e+11,2.27041829e+13,1.283341015e+13,759
2011-07-20,,,,188,369,60.45,4.176865979e+11,2.72318031e+11,2.315670733e+13,1.283549024e+13,760
2011-07-21,,,,213,304,60.6,4.201226724e+11,2.72819352e+11,2.317284259e+13,1.283042963e+13,758
2011-07-22,,,,230,182,61,4.237839498e+11,2.73168704e+11,2.330675053e+13,1.282462039e+13,763
2011-07-25,,,,220,171,60.4,4.162005664e+11,2.72432128e+11,2.308748534e+13,1.282206124e+13,760
2011-07-26,,,,214,168,61.2,4.2251704e+11,2.72985655e+11,2.336727839e+13,1.282148672e+13,760
2011-07-27,,,,202,196,61.35,4.273766915e+11,2.73610899e+11,2.343130879e+13,1.283081068e+13,762
2011-07-28,,,,215,212,60.85,4.251292162e+11,2.7499704e+11,2.327850673e+13,1.279013462e+13,763
2011-07-29,,,,186,271,59.9,4.170351656e+11,2.75317271e+11,2.28230956e+13,1.268269243e+13,764
2011-08-01,557,151,45,194,294,60.35,4.251596332e+11,2.766714e+11,2.297052056e+13,1.26822073e+13,762
2011-08-02,219,464,59,185,317,59.55,4.239415159e+11,2.7723627e+11,2.262579671e+13,1.266976181e+13,762
2011-08-03,126,597,27,186,329,58.6,4.182431073e+11,2.77355154e+11,2.229148052e+13,1.266471812e+13,761
2011-08-04,174,499,63,134,364,57.85,4.081812811e+11,2.7652618e+11,2.189736394e+13,1.264721264e+13,763
2011-08-05,8,745,5,64,457,54.45,3.680104813e+11,2.63589943e+11,2.071072838e+13,1.266015308e+13,764
2011-08-08,45,691,13,22,509,53.5,3.45300256e+11,2.54416999e+11,1.989486192e+13,1.263486076e+13,760
2011-08-09,206,491,42,11,547,53,3.354262726e+11,2.43359881e+11,1.970527112e+13,1.262269021e+13,760
2011-08-10,689,41,14,11,582,54.1,3.526014338e+11,2.4450025e+11,2.033060954e+13,1.260749655e+13,762
2011-08-11,204,500,41,23,610,54.1,3.539078278e+11,2.45362894e+11,2.027386616e+13,1.260323312e+13,763
2011-08-12,405,288,62,33,618,53.55,3.564831766e+11,2.47800499e+11,2.003933714e+13,1.258604319e+13,761
2011-08-15,663,61,28,45,597,54.6,3.651240753e+11,2.47978969e+11,2.056837219e+13,1.259076351e+13,760
2011-08-16,384,286,79,52,510,54.35,3.665607449e+11,2.48580885e+11,2.051992822e+13,1.260075065e+13,761
2011-08-17,235,451,68,58,318,53.95,3.650768023e+11,2.50590202e+11,2.035104999e+13,1.257989419e+13,762
2011-08-18,97,610,44,53,257,52.95,3.595909079e+11,2.51209947e+11,2.003671501e+13,1.259350956e+13,764
2011-08-19,21,732,5,33,440,51.1,3.360168926e+11,2.45730859e+11,1.937515677e+13,1.261781852e+13,762
2011-08-22,210,490,56,16,603,51.5,3.291115623e+11,2.41927075e+11,1.932232526e+13,1.261865464e+13,761
2011-08-23,693,46,14,10,642,53.3,3.424440728e+11,2.42177786e+11,1.995689123e+13,1.254017485e+13,759
2011-08-24,256,435,61,12,609,52.6,3.404452306e+11,2.4144351e+11,1.982878802e+13,1.252638789e+13,759
2011-08-25,176,510,60,10,567,52.35,3.317408427e+11,2.3976727e+11,1.957803644e+13,1.249266037e+13,761
2011-08-26,283,399,76,6,570,53.05,3.318343685e+11,2.38360889e+11,1.970422268e+13,1.240901995e+13,761
2011-08-29,638,70,49,12,534,53.8,3.362943234e+11,2.37211569e+11,2.012741214e+13,1.228027749e+13,762
2011-08-30,526,170,63,17,387,54.2,3.421507257e+11,2.37835198e+11,2.032193481e+13,1.220046226e+13,763
2011-08-31,496,185,79,26,205,54.55,3.446133624e+11,2.36587893e+11,2.060326229e+13,1.209012796e+13,766
2011-09-01,380,320,60,29,129,55.15,3.439456732e+11,2.35840716e+11,2.064515628e+13,1.20815191e+13,768
2011-09-02,307,362,94,34,114,55.15,3.483722078e+11,2.37636268e+11,2.064577267e+13,1.208105139e+13,766
2011-09-05,78,664,20,34,223,53.6,3.430394598e+11,2.39349922e+11,2.010072245e+13,1.208119287e+13,766
2011-09-06,75,658,29,29,416,52.55,3.340179585e+11,2.3915674e+11,1.962369094e+13,1.209093218e+13,766
2011-09-07,643,88,28,27,536,53.55,3.427172876e+11,2.39711993e+11,2.008561456e+13,1.211171886e+13,764
2011-09-08,402,266,86,33,547,53.7,3.430090664e+11,2.38951163e+11,2.013731504e+13,1.211341782e+13,761
2011-09-09,389,269,97,47,477,54.15,3.440933945e+11,2.37803093e+11,2.030914258e+13,1.211380124e+13,765
2011-09-13,63,661,32,54,510,52.65,3.349689051e+11,2.37766645e+11,1.973136517e+13,1.210185446e+13,763
2011-09-14,63,653,38,38,586,51.6,3.209289888e+11,2.33734407e+11,1.929760178e+13,1.21162239e+13,765
2011-09-15,624,79,53,39,582,52.85,3.303802189e+11,2.34237507e+11,1.971483429e+13,1.211004859e+13,764
2011-09-16,686,46,27,56,507,54.1,3.412883519e+11,2.34754353e+11,2.023882477e+13,1.211670707e+13,768
2011-09-19,138,566,56,67,347,53.2,3.36458469e+11,2.35150414e+11,1.99833484e+13,1.21155499e+13,768
2011-09-20,417,259,84,75,264,53.4,3.43444581e+11,2.37125903e+11,2.004134449e+13,1.212404955e+13,765
2011-09-21,482,202,77,95,275,53.6,3.470575602e+11,2.37590317e+11,2.012018541e+13,1.21044475e+13,768
2011-09-22,62,680,19,91,299,52.1,3.411358261e+11,2.38946583e+11,1.95025814e+13,1.209951985e+13,765
2011-09-23,32,717,13,57,448,50.35,3.262325568e+11,2.37450444e+11,1.879666075e+13,1.209333844e+13,766
2011-09-26,33,713,13,26,575,49.32,3.084617736e+11,2.32779952e+11,1.834366279e+13,1.208869241e+13,762
2011-09-27,615,123,22,19,596,51.1,3.151867463e+11,2.30577418e+11,1.862047759e+13,1.205041383e+13,767
2011-09-28,377,287,94,22,579,51.15,3.179290205e+11,2.29730814e+11,1.879373398e+13,1.206367769e+13,761
2011-09-29,473,196,86,34,560,51.6,3.209780476e+11,2.29474397e+11,1.894089962e+13,1.209058804e+13,766
2011-09-30,434,234,91,57,528,51.65,3.245199015e+11,2.30003043e+11,1.905508937e+13,1.208613837e+13,761
2011-10-03,61,659,39,57,522,50.3,3.171276596e+11,2.30573942e+11,1.85100765e+13,1.207648675e+13,765
2011-10-04,312,372,77,62,517,50.75,3.198744586e+11,2.30540116e+11,1.860011038e+13,1.20707952e+13,765
2011-10-05,216,453,92,57,521,50.25,3.170214042e+11,2.30304825e+11,1.846601322e+13,1.207957543e+13,765
2011-10-06,590,115,60,68,445,51.25,3.214430497e+11,2.29733056e+11,1.884532734e+13,1.208494196e+13,769
2011-10-07,507,187,72,73,332,51.55,3.210219485e+11,2.28403237e+11,1.906352285e+13,1.208851491e+13,767
2011-10-11,665,63,38,91,168,53,3.297599539e+11,2.27663712e+11,1.957371531e+13,1.209632431e+13,769
2011-10-12,318,358,88,103,96,52.85,3.299047102e+11,2.26812726e+11,1.953251309e+13,1.209983229e+13,769
2011-10-13,483,205,76,133,61,52.8,3.31746545e+11,2.25994334e+11,1.994033083e+13,1.214395146e+13,766
2011-10-14,212,477,71,143,64,52.45,3.308989523e+11,2.26608348e+11,1.975404378e+13,1.214032063e+13,765
2011-10-17,550,141,70,155,50,53.1,3.340547546e+11,2.26264795e+11,2.002897959e+13,1.214671937e+13,766
2011-10-18,117,603,44,166,90,52.55,3.305170756e+11,2.2706031e+11,1.976406265e+13,1.214965495e+13,768
2011-10-19,301,364,100,177,123,52.35,3.289097737e+11,2.27272443e+11,1.974484181e+13,1.214775167e+13,769
2011-10-20,110,586,67,159,259,51.75,3.271293193e+11,2.28561638e+11,1.94463364e+13,1.21435922e+13,764
2011-10-21,357,324,82,131,352,51.95,3.290001108e+11,2.29336667e+11,1.949542807e+13,1.21567882e+13,771
2011-10-24,695,55,19,140,316,53.6,3.381451402e+11,2.29519568e+11,2.008021972e+13,1.216061057e+13,773
2011-10-25,342,341,85,198,200,53.6,3.381426348e+11,2.29055274e+11,2.013872907e+13,1.2163894e+13,773
2011-10-26,390,272,110,247,118,52.15,3.427567744e+11,2.30531312e+11,2.025797582e+13,1.21913786e+13,774
2011-10-27,502,211,58,263,84,52.25,3.443550568e+11,2.30617136e+11,2.033156231e+13,1.220095862e+13,773
2011-10-28,329,372,71,287,78,52.4,3.393794629e+11,2.28101407e+11,2.047134602e+13,1.232353618e+13,775
2011-10-31,250,466,53,296,88,52.2,3.389583065e+11,2.29360645e+11,2.039424863e+13,1.244961571e+13,771
2011-11-01,432,255,82,318,109,52.55,3.436907312e+11,2.308152e+11,2.051155677e+13,1.24652136e+13,777
2011-11-02,233,469,74,336,144,52.4,3.457710697e+11,2.32204148e+11,2.044951452e+13,1.246325676e+13,778
2011-11-03,101,619,53,312,171,51.45,3.381035296e+11,2.32186426e+11,2.009443501e+13,1.246430769e+13,775
2011-11-04,703,47,25,279,174,52.3,3.475106776e+11,2.33230102e+11,2.049136705e+13,1.246661572e+13,778
2011-11-07,365,320,89,307,168,52.4,3.49538665e+11,2.33222235e+11,2.053838235e+13,1.244518623e+13,776
2011-11-08,271,401,104,370,133,52.15,3.487517951e+11,2.33563852e+11,2.048583996e+13,1.246070591e+13,780
2011-11-09,219,460,96,348,140,52.2,3.460569313e+11,2.33519615e+11,2.038316668e+13,1.244782302e+13,775
2011-11-10,25,732,13,189,184,50.55,3.310976836e+11,2.32695393e+11,1.971094979e+13,1.246191423e+13,776
2011-11-11,451,250,73,102,221,50.9,3.335972324e+11,2.32438503e+11,1.986465509e+13,1.246853138e+13,775
2011-11-14,666,58,47,87,236,52.15,3.416333923e+11,2.32511413e+11,2.028589306e+13,1.244809901e+13,774
2011-11-15,151,525,94,130,244,51.85,3.375440607e+11,2.31686136e+11,2.019782175e+13,1.244047656e+13,773
2011-11-16,85,636,51,129,257,51.2,3.330446233e+11,2.31744078e+11,1.993990617e+13,1.24548318e+13,776
2011-11-17,315,377,82,89,273,51.35,3.358638145e+11,2.32669085e+11,1.994041937e+13,1.245483195e+13,775
2011-11-18,85,652,36,66,294,50.3,3.294037526e+11,2.32451155e+11,1.952990849e+13,1.244989383e+13,777
2011-11-21,20,731,19,42,369,49.23,3.11657505e+11,2.27997383e+11,1.88995057e+13,1.232848897e+13,770
2011-11-22,121,607,41,24,449,49.02,3.033370764e+11,2.24573643e+11,1.878846699e+13,1.232829929e+13,774
2011-11-23,49,698,24,14,525,47.85,2.884316373e+11,2.19185755e+11,1.828026409e+13,1.233099982e+13,774
2011-11-24,485,237,50,14,564,47.86,2.886893986e+11,2.16310071e+11,1.843464017e+13,1.233536945e+13,774
2011-11-25,197,503,73,13,603,47.44,2.862180961e+11,2.15467118e+11,1.822484917e+13,1.234619969e+13,776
2011-11-28,623,99,51,16,625,48.29,2.905837248e+11,2.14572547e+11,1.85294773e+13,1.234813136e+13,773
2011-11-29,652,72,46,25,620,48.72,2.960463273e+11,2.13943801e+11,1.876912195e+13,1.234028956e+13,774
2011-11-30,87,646,40,38,557,48.08,2.879112247e+11,2.12561577e+11,1.8559299e+13,1.23446628e+13,776
2011-12-01,745,17,13,54,356,50.3,3.03433391e+11,2.13683194e+11,1.930318373e+13,1.234648351e+13,780
2011-12-02,235,474,69,56,201,49.82,3.014379314e+11,2.13175551e+11,1.919849062e+13,1.234572012e+13,777
2011-12-05,226,467,82,59,83,49.66,2.97488208e+11,2.12688395e+11,1.908486585e+13,1.234002728e+13,776
2011-12-06,56,681,38,50,140,48.69,2.880312796e+11,2.10897178e+11,1.870441937e+13,1.235006559e+13,778
2011-12-07,425,261,92,52,291,49.2,2.872039182e+11,2.09566414e+11,1.891027193e+13,1.234599374e+13,779
2011-12-08,142,573,63,45,479,48.86,2.819446986e+11,2.08248138e+11,1.877597419e+13,1.233453268e+13,778
2011-12-09,188,531,57,39,530,48.24,2.790580906e+11,2.07152125e+11,1.853195253e+13,1.234374368e+13,776
2011-12-12,398,284,94,35,566,48.8,2.789697762e+11,2.06170196e+11,1.868388429e+13,1.234518445e+13,778
2011-12-13,167,524,83,31,581,48.55,2.76804534e+11,2.05258837e+11,1.855920606e+13,1.235428467e+13,776
2011-12-14,503,182,92,32,566,48.59,2.803292851e+11,2.05089221e+11,1.86337702e+13,1.235877993e+13,781
2011-12-15,80,657,41,27,566,47.5,2.724068088e+11,2.03770789e+11,1.820703222e+13,1.234931331e+13,778
2011-12-16,319,366,92,24,546,47.7,2.719165372e+11,2.02867637e+11,1.826421472e+13,1.235195043e+13,779
2011-12-19,42,715,21,16,617,46.74,2.577165859e+11,1.98287745e+11,1.785604672e+13,1.235586132e+13,777
2011-12-20,444,262,71,11,635,47,2.607850587e+11,1.97245702e+11,1.793974539e+13,1.236796027e+13,778
2011-12-21,756,13,11,23,594,49.28,2.774984108e+11,1.97912333e+11,1.876277837e+13,1.237216115e+13,783
2011-12-22,232,483,62,42,404,49.16,2.764044397e+11,1.9729782e+11,1.875356775e+13,1.235850747e+13,776
2011-12-23,721,32,23,61,111,50,2.866183261e+11,1.98166935e+11,1.915426971e+13,1.236849954e+13,782
2011-12-26,288,418,70,70,64,49.95,2.864321635e+11,1.97983228e+11,1.910628607e+13,1.236427748e+13,777
2011-12-27,252,439,84,84,43,49.85,2.840446271e+11,1.97387351e+11,1.910416708e+13,1.237690234e+13,777
2011-12-28,300,382,96,94,45,49.57,2.820425404e+11,1.97031624e+11,1.903154606e+13,1.238171019e+13,780
2011-12-29,348,310,119,112,64,49.61,2.832409014e+11,1.96967613e+11,1.907883635e+13,1.238051867e+13,777
2011-12-30,291,362,124,134,78,49.81,2.807286316e+11,1.95784328e+11,1.907336363e+13,1.238252354e+13,781
2012-01-02,97,637,47,153,172,49.06,2.742164924e+11,1.95163168e+11,1.878684162e+13,1.239273313e+13,782
2012-01-03,619,98,64,143,283,49.7,2.774215553e+11,1.93922485e+11,1.905864458e+13,1.239960899e+13,783
2012-01-04,431,248,102,160,298,50,2.769237063e+11,1.9272637e+11,1.914208282e+13,1.240278012e+13,784
2012-01-05,486,201,93,197,248,50.15,2.785126094e+11,1.92080907e+11,1.926853604e+13,1.23962743e+13,782
2012-01-06,272,424,86,226,184,50,2.777786458e+11,1.91644413e+11,1.924870422e+13,1.240150946e+13,784
2012-01-09,202,509,68,242,170,49.81,2.741983181e+11,1.90919224e+11,1.917113054e+13,1.237902828e+13,781
2012-01-10,533,165,84,255,163,50.7,2.755433369e+11,1.89821251e+11,1.940977981e+13,1.238336644e+13,785
2012-01-11,342,336,103,281,153,50.65,2.741354965e+11,1.88120166e+11,1.943936043e+13,1.2396081e+13,782
2012-01-12,160,530,90,305,146,50.75,2.686429634e+11,1.85605449e+11,1.94403181e+13,1.239439673e+13,784
2012-01-13,160,537,85,253,174,50.85,2.597861182e+11,1.81010452e+11,1.942052265e+13,1.239364442e+13,784
2012-01-16,386,313,80,204,205,50.05,2.603783567e+11,1.8133424e+11,1.920556459e+13,1.238035557e+13,781
2012-01-17,705,39,36,256,171,50.55,2.662317941e+11,1.80180968e+11,1.953190162e+13,1.239557162e+13,784
2012-01-18,396,323,65,339,131,50.4,2.594246414e+11,1.75799151e+11,1.956874321e+13,1.239374106e+13,786
2012-01-30,740,32,14,478,65,51.8,2.684185745e+11,1.75873844e+11,2.003783568e+13,1.238364137e+13,787
2012-01-31,649,111,25,539,30,51.95,2.784034995e+11,1.78833064e+11,2.033497333e+13,1.238634641e+13,784
2012-02-01,659,102,23,609,12,52.3,2.882881397e+11,1.81612975e+11,2.042245196e+13,1.238943984e+13,785
2012-02-02,619,128,37,664,9,52.9,2.966120472e+11,1.83669997e+11,2.070324057e+13,1.238569141e+13,784
2012-02-03,420,301,64,696,7,53.05,3.035902021e+11,1.86824849e+11,2.076736857e+13,1.239384954e+13,787
2012-02-06,172,568,48,715,7,53.2,3.06960926e+11,1.9091926e+11,2.080391539e+13,1.239832917e+13,789
2012-02-07,317,404,67,721,7,53.3,3.087908978e+11,1.91892928e+11,2.085378938e+13,1.238335389e+13,787
2012-02-08,723,38,25,719,6,54.45,3.209244929e+11,1.94324605e+11,2.129741431e+13,1.239680502e+13,787
2012-02-09,514,211,61,727,6,54.4,3.261222209e+11,1.96372872e+11,2.140936544e+13,1.239035915e+13,787
2012-02-10,376,344,63,730,7,53.95,3.286711777e+11,1.98961842e+11,2.128316635e+13,1.238459554e+13,784
2012-02-13,541,184,59,714,8,54.2,3.384859107e+11,2.02987018e+11,2.142148519e+13,1.238346391e+13,786
2012-02-14,218,509,60,690,8,54,3.360460007e+11,2.02814057e+11,2.134604535e+13,1.23905886e+13,787
2012-02-15,653,83,52,692,8,54.9,3.450652591e+11,2.0502728e+11,2.167587823e+13,1.238844411e+13,787
2012-02-16,88,664,36,636,7,54.25,3.31457402e+11,2.03604634e+11,2.130691858e+13,1.238824564e+13,787
2012-02-17,360,356,70,558,6,54.75,3.325385684e+11,2.04424545e+11,2.137264686e+13,1.238688874e+13,786
2012-02-20,573,146,66,439,9,54.7,3.394658163e+11,2.06107911e+11,2.153998471e+13,1.238950734e+13,786
2012-02-21,254,466,63,415,8,54.5,3.402402265e+11,2.07162607e+11,2.144473749e+13,1.237865877e+13,783
2012-02-22,566,136,80,485,8,54.85,3.481206197e+11,2.08817609e+11,2.166837268e+13,1.238798844e+13,785
2012-02-23,234,481,70,470,7,54.6,3.460016181e+11,2.09477682e+11,2.149167727e+13,1.238590378e+13,786
2012-02-24,255,454,76,449,10,54.75,3.434559599e+11,2.08655208e+11,2.155460776e+13,1.239099381e+13,784
2012-02-29,505,210,70,446,8,56,3.466440202e+11,2.0813256e+11,2.199310495e+13,1.238706711e+13,786
2012-03-01,454,237,95,484,7,55.9,3.503454928e+11,2.09193793e+11,2.198589993e+13,1.238381791e+13,785
2012-03-02,502,203,81,587,7,55.6,3.560681616e+11,2.11399904e+11,2.205469448e+13,1.23846991e+13,786
2012-03-05,113,632,38,557,9,54.85,3.509928091e+11,2.1298322e+11,2.167725853e+13,1.239272415e+13,785
2012-03-06,96,661,29,384,11,54.6,3.443857197e+11,2.12484996e+11,2.152841981e+13,1.238732612e+13,787
2012-03-07,286,425,73,235,19,54.4,3.441481329e+11,2.12823124e+11,2.142897202e+13,1.238685488e+13,783
2012-03-08,575,148,61,190,20,54.7,3.482879208e+11,2.13248889e+11,2.165096325e+13,1.23904467e+13,787
2012-03-09,521,194,71,262,20,54.95,3.522910313e+11,2.13979259e+11,2.173939243e+13,1.238624526e+13,785
2012-03-12,174,559,51,317,27,54.35,3.463257778e+11,2.13652026e+11,2.14981926e+13,1.24316915e+13,785
2012-03-13,453,247,84,321,33,55.1,3.477384061e+11,2.13478562e+11,2.177755177e+13,1.242555778e+13,783
2012-03-14,566,150,67,348,38,55.9,3.49489334e+11,2.12422152e+11,2.203843575e+13,1.242986775e+13,786
2012-03-15,320,387,79,430,39,55.65,3.513917378e+11,2.13539524e+11,2.202688612e+13,1.24261977e+13,787
2012-03-16,305,395,86,493,39,55.4,3.515162346e+11,2.13914306e+11,2.184805053e+13,1.241506616e+13,787
2012-03-19,213,500,71,463,58,55.25,3.498793038e+11,2.14379876e+11,2.181312394e+13,1.241712641e+13,785
2012-03-20,177,532,70,363,77,54.85,3.464820239e+11,2.14288882e+11,2.161620641e+13,1.24104704e+13,781
2012-03-21,286,409,86,253,110,54.85,3.451330743e+11,2.1415772e+11,2.16488817e+13,1.242185904e+13,786
2012-03-22,535,176,74,255,146,55.6,3.48056431e+11,2.14091341e+11,2.18581298e+13,1.242293368e+13,786
2012-03-23,352,328,103,284,162,55.45,3.498790328e+11,2.14431458e+11,2.190268549e+13,1.242827726e+13,784
2012-03-26,259,453,71,290,178,54.55,3.489240285e+11,2.15482768e+11,2.160837158e+13,1.242185304e+13,784
2012-03-27,245,471,69,240,208,55.25,3.448120112e+11,2.13631212e+11,2.177543818e+13,1.246923955e+13,785
2012-03-28,246,445,91,211,233,55.45,3.441753136e+11,2.13569684e+11,2.179919268e+13,1.253014159e+13,782
2012-03-29,27,740,16,128,304,54.7,3.221152343e+11,2.07941606e+11,2.14729482e+13,1.268172264e+13,788
2012-03-30,546,180,60,94,359,54.9,3.254219841e+11,2.07443414e+11,2.16352778e+13,1.279669859e+13,786
2012-04-02,189,551,46,68,412,54.7,3.207920766e+11,2.07058436e+11,2.144783844e+13,1.281649008e+13,789
2012-04-03,63,704,21,65,442,54.25,3.0496224e+11,2.02439925e+11,2.11680162e+13,1.281654491e+13,788
2012-04-05,94,652,39,33,491,53.65,2.986801999e+11,2.00268896e+11,2.083699114e+13,1.281321044e+13,787
2012-04-06,676,75,35,20,532,53.75,3.062888006e+11,2.00224055e+11,2.101860293e+13,1.280959367e+13,787
2012-04-09,128,605,51,24,570,53.1,2.979431273e+11,1.98221212e+11,2.073172627e+13,1.280487527e+13,786
2012-04-10,561,164,59,45,576,53.1,2.981593854e+11,1.97063562e+11,2.084058217e+13,1.281421495e+13,786
2012-04-11,342,373,68,55,555,53.3,2.991582113e+11,1.96737454e+11,2.090060039e+13,1.282436729e+13,786
2012-04-12,403,277,104,72,453,53.35,3.025390081e+11,1.97912067e+11,2.092011332e+13,1.282982024e+13,787
2012-04-13,680,64,42,97,329,53.95,3.084618426e+11,1.98017092e+11,2.126232498e+13,1.282626273e+13,787
2012-04-16,155,564,65,111,202,53.8,3.049151122e+11,1.97779641e+11,2.110133032e+13,1.28256451e+13,785
2012-04-17,49,701,31,96,203,52.9,2.939498189e+11,1.9596336e+11,2.070388406e+13,1.282230063e+13,785
2012-04-18,293,387,100,73,371,53,2.926230979e+11,1.95571141e+11,2.075894497e+13,1.283051126e+13,783
2012-04-19,319,366,96,64,505,53.05,2.923658206e+11,1.95283331e+11,2.080165513e+13,1.281793365e+13,786
2012-04-20,82,660,41,50,548,52.35,2.845400768e+11,1.93857466e+11,2.048391249e+13,1.28189347e+13,785
2012-04-23,140,584,56,38,592,52.3,2.791490132e+11,1.92062968e+11,2.043706039e+13,1.287440038e+13,784
2012-04-24,316,377,89,24,608,52.4,2.792375154e+11,1.91338059e+11,2.049761217e+13,1.289141583e+13,788
2012-04-25,643,84,57,23,604,52.7,2.831017576e+11,1.91205404e+11,2.067704831e+13,1.289136404e+13,787
2012-04-26,214,471,99,31,586,52.3,2.803021576e+11,1.91223157e+11,2.056573192e+13,1.289342342e+13,788
2012-04-27,179,536,71,47,537,52.2,2.737613995e+11,1.89817555e+11,2.046210603e+13,1.291684444e+13,790
2012-04-30,411,298,79,50,518,52.05,2.745672619e+11,1.88638267e+11,2.051337205e+13,1.299160092e+13,788
2012-05-02,731,44,12,65,370,53.35,2.892926597e+11,1.90876764e+11,2.099305426e+13,1.304243367e+13,790
2012-05-03,236,474,73,87,218,53.1,2.882391786e+11,1.91032844e+11,2.093835834e+13,1.303631015e+13,786
2012-05-04,545,158,81,94,103,53.2,2.919230397e+11,1.91134501e+11,2.106514704e+13,1.303600084e+13,790
2012-05-07,85,667,35,99,143,52.05,2.894510745e+11,1.92755815e+11,2.062776972e+13,1.30507736e+13,789
2012-05-08,380,286,121,114,179,52.05,2.898938826e+11,1.92982586e+11,2.065121924e+13,1.304759072e+13,789
2012-05-09,129,594,66,111,335,51.7,2.883008958e+11,1.93353844e+11,2.04668337e+13,1.305909737e+13,792
2012-05-10,241,435,112,102,371,51.7,2.861029811e+11,1.92721447e+11,2.04837498e+13,1.305905175e+13,789
2012-05-11,100,638,51,68,479,51.15,2.800297941e+11,1.91553978e+11,2.026134808e+13,1.306402816e+13,792
2012-05-14,166,535,89,42,541,51.2,2.774337382e+11,1.90854645e+11,2.019213629e+13,1.307010553e+13,791
2012-05-15,369,324,96,29,563,51.2,2.805842707e+11,1.91250261e+11,2.024326492e+13,1.307245353e+13,793
2012-05-16,66,695,27,23,579,50.2,2.732502543e+11,1.90597321e+11,1.979969682e+13,1.315578304e+13,790
2012-05-17,589,130,68,30,586,50.8,2.803668069e+11,1.91179832e+11,2.013840247e+13,1.314890073e+13,792
2012-05-18,28,749,12,16,604,49.67,2.68659112e+11,1.89296797e+11,1.957829933e+13,1.316352654e+13,791
2012-05-21,445,232,111,23,606,49.95,2.699895659e+11,1.8881717e+11,1.969220676e+13,1.316015071e+13,791
2012-05-22,654,85,52,23,614,50.4,2.756005469e+11,1.88848902e+11,1.992536981e+13,1.316208131e+13,793
2012-05-23,61,682,47,39,589,49.49,2.706115692e+11,1.88403197e+11,1.95765536e+13,1.316245797e+13,790
2012-05-24,132,597,60,33,573,49.38,2.681163377e+11,1.87892362e+11,1.951292084e+13,1.316101055e+13,793
2012-05-25,173,528,90,29,621,49.01,2.648313474e+11,1.87369512e+11,1.936503793e+13,1.316081416e+13,792
2012-05-28,534,176,79,33,628,49.47,2.682563028e+11,1.87353323e+11,1.95424222e+13,1.316750339e+13,790
2012-05-29,761,18,9,45,468,50.7,2.807568867e+11,1.88057152e+11,2.011000114e+13,1.3166923e+13,792
2012-05-30,141,598,51,81,236,50.1,2.800534566e+11,1.89039915e+11,1.988883304e+13,1.317048431e+13,790
2012-05-31,403,293,92,97,95,50.15,2.836858918e+11,1.90345489e+11,1.999826467e+13,1.316583833e+13,792
2012-06-01,46,712,30,81,205,49.15,2.747213197e+11,1.89941037e+11,1.94643035e+13,1.316269835e+13,789
2012-06-04,22,757,9,36,532,47.68,2.57239198e+11,1.85506888e+11,1.888835581e+13,1.316488459e+13,791
2012-06-05,681,67,39,25,643,48.3,2.637091812e+11,1.85769908e+11,1.919787266e+13,1.319229481e+13,791
2012-06-06,612,121,54,27,644,48.63,2.679621686e+11,1.85674943e+11,1.937998821e+13,1.317784411e+13,791
2012-06-07,369,311,106,41,584,48.74,2.659885762e+11,1.84867472e+11,1.944079035e+13,1.31723885e+13,790
2012-06-08,223,450,112,41,550,48,2.643391606e+11,1.84991591e+11,1.922012276e+13,1.317449683e+13,789
2012-06-11,626,101,61,53,512,48.99,2.688672132e+11,1.85036395e+11,1.955526055e+13,1.317859042e+13,793
2012-06-12,220,474,94,73,428,48.61,2.67995959e+11,1.8514032e+11,1.942376646e+13,1.317410685e+13,790
2012-06-13,470,224,93,81,294,48.71,2.689713587e+11,1.84803918e+11,1.946924808e+13,1.318472415e+13,789
2012-06-14,257,410,121,82,249,48.78,2.690861371e+11,1.84666669e+11,1.943020478e+13,1.317457297e+13,790
2012-06-15,535,193,60,98,190,49.4,2.71656674e+11,1.83587704e+11,1.964809053e+13,1.317580894e+13,791
2012-06-18,645,111,34,114,167,50.2,2.75038871e+11,1.82816586e+11,2.000042396e+13,1.317413377e+13,793
2012-06-19,199,510,81,135,136,49.91,2.735637468e+11,1.82432531e+11,1.997218387e+13,1.317087953e+13,793
2012-06-20,558,133,95,159,86,50.45,2.760499019e+11,1.82604501e+11,2.013355857e+13,1.316567952e+13,789
2012-06-21,310,382,92,180,97,50.15,2.756029704e+11,1.83004134e+11,1.998916308e+13,1.317305577e+13,791
2012-06-22,245,446,93,190,107,49.56,2.77169157e+11,1.8414535e+11,1.983576298e+13,1.31747486e+13,790
2012-06-25,226,471,90,182,139,49.2,2.759771357e+11,1.8447972e+11,1.968403576e+13,1.317412501e+13,792
2012-06-26,159,547,80,160,237,48.99,2.739739276e+11,1.85008916e+11,1.959715938e+13,1.316628006e+13,789
2012-06-27,439,213,130,155,276,49.45,2.751242216e+11,1.84565715e+11,1.972455084e+13,1.317186201e+13,790
2012-06-28,294,348,135,137,281,49.53,2.748057723e+11,1.85213598e+11,1.966331656e+13,1.316479601e+13,794
2012-06-29,629,88,73,188,253,50.2,2.78454698e+11,1.84575447e+11,2.00089504e+13,1.316785511e+13,793
2012-07-02,533,170,81,289,175,50.6,2.794418654e+11,1.84332546e+11,2.014548883e+13,1.316561809e+13,791
2012-07-03,558,153,65,367,96,51.2,2.809682056e+11,1.83748478e+11,2.034272641e+13,1.317039026e+13,790
2012-07-04,533,156,85,414,65,51.4,2.830710459e+11,1.83677252e+11,2.035582608e+13,1.316179277e+13,791
2012-07-05,275,402,93,448,53,51.3,2.826744852e+11,1.85003102e+11,2.025920565e+13,1.315275954e+13,789
2012-07-06,209,492,78,451,58,51,2.807564049e+11,1.85211788e+11,2.020565702e+13,1.316533205e+13,788
2012-07-09,207,448,118,417,87,50.95,2.799027742e+11,1.85809381e+11,2.006966126e+13,1.316185687e+13,790
2012-07-10,158,517,93,331,145,50.4,2.764222711e+11,1.85586752e+11,1.990661707e+13,1.31687356e+13,788
2012-07-11,385,279,110,274,162,50.55,2.787554289e+11,1.86049905e+11,1.992223609e+13,1.316793295e+13,790
2012-07-12,95,605,62,188,189,49.65,2.755839004e+11,1.86578639e+11,1.957028301e+13,1.315897841e+13,787
2012-07-13,148,541,79,143,215,49.5,2.714937268e+11,1.85612832e+11,1.95008577e+13,1.316750044e+13,788
2012-07-16,174,497,96,88,240,49.5,2.6748189e+11,1.84780062e+11,1.945246061e+13,1.315418949e+13,789
2012-07-17,443,215,99,93,281,49.85,2.694282803e+11,1.84422383e+11,1.95424744e+13,1.314863739e+13,792
2012-07-18,202,483,88,109,334,49.2,2.67225873e+11,1.84616686e+11,1.933093435e+13,1.315162686e+13,792
2012-07-19,598,111,60,126,352,50.2,2.698721071e+11,1.83995862e+11,1.960093995e+13,1.315802003e+13,792
2012-07-20,333,308,138,150,362,50.15,2.699615302e+11,1.83639084e+11,1.963675994e+13,1.315655113e+13,788
2012-07-23,60,668,45,162,370,49.25,2.64220527e+11,1.83491624e+11,1.926455965e+13,1.316071742e+13,786
2012-07-24,213,466,96,125,420,49.12,2.630994441e+11,1.8294606e+11,1.921043695e+13,1.31568427e+13,789
2012-07-25,341,326,95,100,442,48.86,2.621358502e+11,1.82985889e+11,1.912471824e+13,1.314370835e+13,786
2012-07-26,411,240,120,106,433,48.94,2.629164524e+11,1.83151424e+11,1.909063164e+13,1.31411709e+13,787
2012-07-27,637,80,64,144,372,49.92,2.668413789e+11,1.82505106e+11,1.951743168e+13,1.31384702e+13,792
2012-07-30,467,219,93,179,289,50.25,2.675984324e+11,1.82536396e+11,1.961026543e+13,1.313627693e+13,791
2012-07-31,492,181,99,214,193,51.1,2.691611074e+11,1.81985523e+11,1.990320841e+13,1.312629791e+13,788
2012-08-01,417,244,108,228,154,51.2,2.719738526e+11,1.82763721e+11,1.989568673e+13,1.312058872e+13,786
2012-08-03,218,493,70,223,157,50.9,2.702472178e+11,1.8294802e+11,1.972216242e+13,1.308370878e+13,786
2012-08-06,444,241,84,234,144,51.55,2.681463808e+11,1.81634251e+11,1.991139992e+13,1.305253076e+13,791
2012-08-07,278,406,88,232,205,51.6,2.649871525e+11,1.80253636e+11,1.993152456e+13,1.305042378e+13,787
2012-08-08,455,219,95,239,205,51.75,2.650580785e+11,1.79104954e+11,1.997980043e+13,1.301469974e+13,791
2012-08-09,622,88,58,239,188,52.85,2.676165084e+11,1.77599147e+11,2.025442193e+13,1.300104785e+13,794
2012-08-10,397,311,76,257,142,52.8,2.691031529e+11,1.78010748e+11,2.017173427e+13,1.292921363e+13,790
2012-08-13,327,369,89,273,115,53,2.698839714e+11,1.78183345e+11,2.016385253e+13,1.293260287e+13,794
2012-08-14,420,255,107,282,120,53.25,2.717463964e+11,1.78300408e+11,2.027853498e+13,1.293017154e+13,794
2012-08-15,357,334,92,285,115,53.05,2.710941701e+11,1.7851707e+11,2.024000116e+13,1.292873937e+13,795
2012-08-16,510,169,101,310,94,53.2,2.744151986e+11,1.7876758e+11,2.028850229e+13,1.291320984e+13,793
2012-08-17,342,341,107,333,86,52.95,2.745041215e+11,1.78892719e+11,2.022789503e+13,1.291248098e+13,793
2012-08-20,200,515,71,342,88,52.8,2.720230274e+11,1.78859798e+11,2.017929156e+13,1.292368986e+13,793
2012-08-21,465,229,94,348,106,53.4,2.736968545e+11,1.78876598e+11,2.038052839e+13,1.293431933e+13,794
2012-08-22,345,336,105,345,126,53.35,2.763396391e+11,1.79594372e+11,2.034698437e+13,1.292424484e+13,792
2012-08-23,360,296,121,368,116,53.3,2.778384483e+11,1.79990167e+11,2.037709112e+13,1.289678208e+13,793
2012-08-24,327,360,100,363,123,53.1,2.806210539e+11,1.80756105e+11,2.030004683e+13,1.289002116e+13,792
2012-08-27,274,419,98,345,125,53.2,2.80608665e+11,1.81286241e+11,2.02793412e+13,1.28822558e+13,795
2012-08-28,89,652,51,266,157,52.5,2.742380896e+11,1.81147288e+11,2.001694759e+13,1.27648442e+13,795
2012-08-29,451,237,100,219,177,52.7,2.771540926e+11,1.8174568e+11,2.011024531e+13,1.270181021e+13,793
2012-08-30,272,411,105,189,201,52.55,2.789674278e+11,1.82934483e+11,2.012560761e+13,1.268910441e+13,795
2012-08-31,326,367,97,205,189,52.75,2.798867142e+11,1.82926954e+11,2.019839252e+13,1.252985163e+13,793
2012-09-03,492,228,68,256,183,53.15,2.838594427e+11,1.83360364e+11,2.033582731e+13,1.246106929e+13,795
2012-09-04,379,333,80,310,174,53.05,2.850287047e+11,1.83933183e+11,2.03583198e+13,1.247388794e+13,794
2012-09-05,203,506,80,341,173,52.35,2.863400362e+11,1.85541255e+11,2.015646825e+13,1.249501851e+13,796
2012-09-06,260,457,74,313,188,52.15,2.84933175e+11,1.85770436e+11,2.004599832e+13,1.249164874e+13,797
2012-09-07,559,156,76,311,198,52.95,2.882462082e+11,1.85971424e+11,2.030702664e+13,1.247761928e+13,794
2012-09-10,506,214,68,358,165,53.35,2.919363209e+11,1.86684823e+11,2.04773955e+13,1.249310147e+13,797
2012-09-11,254,452,87,383,140,53.3,2.918159792e+11,1.86886355e+11,2.048218483e+13,1.249181197e+13,796
2012-09-12,511,191,88,397,116,54.05,2.974634668e+11,1.87633647e+11,2.071131304e+13,1.249315862e+13,796
2012-09-13,325,365,93,397,112,54.15,2.962601079e+11,1.87452463e+11,2.072106349e+13,1.246580592e+13,795
2012-09-14,586,134,72,418,89,55.5,3.004925084e+11,1.87155041e+11,2.126871731e+13,1.252033531e+13,795
2012-09-17,408,310,72,449,71,55.6,3.040900028e+11,1.88053265e+11,2.13334754e+13,1.252041593e+13,796
2012-09-18,312,388,92,455,59,55.4,3.0671623e+11,1.89546956e+11,2.123711817e+13,1.249815277e+13,795
2012-09-19,437,266,88,446,61,55.65,3.089964934e+11,1.90601518e+11,2.138000124e+13,1.250462101e+13,796
2012-09-20,254,455,87,413,67,55.25,3.081382962e+11,1.91414827e+11,2.123568548e+13,1.252113513e+13,796
2012-09-21,442,251,98,412,70,55.45,3.107156184e+11,1.91901333e+11,2.12981411e+13,1.251142584e+13,794
2012-09-24,340,366,85,403,92,55.5,3.132798031e+11,1.929418e+11,2.133691328e+13,1.251398567e+13,792
2012-09-25,234,465,92,389,103,55.3,3.104563981e+11,1.92915664e+11,2.126593155e+13,1.253221414e+13,794
2012-09-26,137,596,57,302,139,54.9,3.06971902e+11,1.93570361e+11,2.108752651e+13,1.25327637e+13,790
2012-09-27,414,262,112,217,159,55.1,3.076250293e+11,1.93842088e+11,2.114011519e+13,1.257149986e+13,792
2012-09-28,300,387,101,197,160,55.15,3.050016454e+11,1.93162032e+11,2.122812588e+13,1.257193414e+13,792
2012-10-01,297,392,101,199,159,55,3.052644481e+11,1.93398899e+11,2.11192417e+13,1.257846011e+13,792
2012-10-02,396,290,104,215,155,55.25,3.077617577e+11,1.93421597e+11,2.124664241e+13,1.257114602e+13,793
2012-10-03,209,489,93,204,163,55,3.068405934e+11,1.93338603e+11,2.115338474e+13,1.257611258e+13,792
2012-10-04,260,435,95,180,173,55.05,3.063524361e+11,1.9391941e+11,2.115770097e+13,1.2589203e+13,794
2012-10-05,320,356,116,183,194,55.1,3.072194673e+11,1.94032741e+11,2.11943139e+13,1.258388982e+13,794
2012-10-08,124,615,55,175,226,54.65,3.020035652e+11,1.93604402e+11,2.099427372e+13,1.258741445e+13,797
2012-10-09,197,515,82,147,289,54.4,2.965867321e+11,1.92543023e+11,2.094247835e+13,1.26000336e+13,796
2012-10-11,89,671,31,93,336,53.3,2.906347361e+11,1.91838585e+11,2.055311523e+13,1.260191925e+13,795
2012-10-12,253,436,106,71,375,53.15,2.900931048e+11,1.91579806e+11,2.051453093e+13,1.260517788e+13,797
2012-10-15,201,521,72,48,417,53.25,2.877443784e+11,1.90930991e+11,2.046485844e+13,1.260250061e+13,796
2012-10-16,531,163,99,57,453,53.5,2.913935688e+11,1.91203334e+11,2.061906119e+13,1.260477601e+13,796
2012-10-17,342,357,96,62,490,53.4,2.933648895e+11,1.91513185e+11,2.060653738e+13,1.260963873e+13,796
2012-10-18,289,418,84,84,498,53.65,2.913632658e+11,1.91015502e+11,2.060458537e+13,1.260423983e+13,793
2012-10-19,189,499,98,90,495,53.25,2.89987858e+11,1.91069534e+11,2.04405348e+13,1.258956182e+13,788
2012-10-22,180,522,85,88,505,52.9,2.886993408e+11,1.90482592e+11,2.035687247e+13,1.260506145e+13,794
2012-10-23,257,417,117,81,512,52.9,2.875491264e+11,1.90408115e+11,2.025677003e+13,1.260103724e+13,793
2012-10-24,188,491,110,66,531,51,2.877116267e+11,1.9042155e+11,2.020809762e+13,1.260123521e+13,791
2012-10-25,119,602,65,54,557,50.5,2.802670053e+11,1.88987096e+11,2.005147401e+13,1.260063377e+13,788
2012-10-26,38,732,18,31,619,49.91,2.647204943e+11,1.84307187e+11,1.97124029e+13,1.261297158e+13,795
2012-10-29,123,611,61,17,658,50,2.536173699e+11,1.79974198e+11,1.940493986e+13,1.256455241e+13,796
2012-10-30,661,91,42,15,670,50.45,2.566492416e+11,1.78725805e+11,1.961809074e+13,1.257595732e+13,793
2012-10-31,285,426,82,18,673,50.4,2.549020521e+11,1.76972438e+11,1.975661455e+13,1.280687653e+13,793
2012-11-01,467,243,82,23,623,50.35,2.577560824e+11,1.76817513e+11,1.980772094e+13,1.28661656e+13,796
2012-11-02,441,282,72,29,568,50.7,2.567133161e+11,1.75883893e+11,1.98881875e+13,1.286463684e+13,797
2012-11-05,190,543,60,31,504,50.5,2.538598458e+11,1.750725e+11,1.981387095e+13,1.287299957e+13,795
2012-11-06,554,154,85,37,434,50.9,2.567322816e+11,1.74780937e+11,1.995864371e+13,1.28717427e+13,796
2012-11-07,563,151,81,43,334,51.15,2.593603084e+11,1.74226323e+11,2.01036329e+13,1.286471858e+13,798
2012-11-08,162,563,68,47,229,50.75,2.589005648e+11,1.74370604e+11,1.997636465e+13,1.285002353e+13,797
2012-11-09,618,114,64,49,158,51.1,2.647595019e+11,1.74825661e+11,2.01183132e+13,1.28663593e+13,799
2012-11-12,243,441,110,53,191,50.9,2.63965644e+11,1.74728206e+11,2.00828055e+13,1.288655469e+13,797
2012-11-13,69,686,41,52,241,50.05,2.578872121e+11,1.7480547e+11,1.972672921e+13,1.289781873e+13,800
2012-11-14,412,253,131,47,368,50.15,2.606780103e+11,1.74981608e+11,1.97904232e+13,1.291530995e+13,797
2012-11-15,261,413,120,41,482,50,2.610510014e+11,1.74987204e+11,1.974960121e+13,1.302630346e+13,796
2012-11-16,210,479,105,42,484,49.94,2.608994331e+11,1.74572369e+11,1.970986812e+13,1.301751224e+13,797
2012-11-19,201,495,95,42,530,50.25,2.574324811e+11,1.73605246e+11,1.969987786e+13,1.301819029e+13,795
2012-11-20,312,362,118,40,551,50.35,2.55735618e+11,1.72889543e+11,1.974827637e+13,1.301965416e+13,797
2012-11-21,104,628,64,29,589,49.97,2.538886836e+11,1.7254885e+11,1.95943809e+13,1.303115718e+13,801
2012-11-22,415,259,121,30,591,50.2,2.542344795e+11,1.7235205e+11,1.96192523e+13,1.301218141e+13,796
2012-11-23,752,21,22,43,525,51.7,2.609423602e+11,1.7185463e+11,2.023394798e+13,1.301282376e+13,798
2012-11-26,646,89,61,80,250,52.2,2.65179826e+11,1.71642856e+11,2.046026934e+13,1.301697039e+13,799
2012-11-27,378,306,113,121,93,52.4,2.650734214e+11,1.71778178e+11,2.052517617e+13,1.301889509e+13,799
2012-11-28,366,316,112,144,58,52.45,2.684391484e+11,1.72813785e+11,2.053670407e+13,1.301290137e+13,796
2012-11-29,561,143,88,166,46,53.1,2.683245948e+11,1.71964181e+11,2.07296646e+13,1.301333735e+13,797
2012-11-30,519,184,93,195,35,53.55,2.686880214e+11,1.70820079e+11,2.094224552e+13,1.301276198e+13,799
2012-12-03,502,200,96,269,27,53.5,2.707381572e+11,1.71019475e+11,2.100417612e+13,1.302291581e+13,798
2012-12-04,476,218,101,336,25,53.45,2.764042215e+11,1.72260235e+11,2.100808431e+13,1.301884305e+13,798
2012-12-05,486,217,93,422,19,53.75,2.7983486e+11,1.73072781e+11,2.114829707e+13,1.3023961e+13,800
2012-12-06,267,446,84,498,24,53.6,2.774386312e+11,1.73230606e+11,2.107725771e+13,1.301602735e+13,800
2012-12-07,254,422,121,520,25,53.9,2.775524586e+11,1.73720594e+11,2.118304795e+13,1.304331808e+13,803
2012-12-10,184,540,77,463,49,53.7,2.776356861e+11,1.74377493e+11,2.109699707e+13,1.304289266e+13,801
2012-12-11,211,500,86,375,87,53.65,2.742612826e+11,1.73598767e+11,2.110495765e+13,1.303794917e+13,799
2012-12-12,595,123,79,315,93,54.1,2.797082894e+11,1.74354615e+11,2.132369329e+13,1.304968548e+13,802
2012-12-13,584,124,88,353,87,54.7,2.858897729e+11,1.76132231e+11,2.151249241e+13,1.304724564e+13,801
2012-12-14,239,446,116,419,73,54.2,2.843914379e+11,1.76975975e+11,2.135599211e+13,1.304840997e+13,803
2012-12-17,262,468,68,432,63,53.5,2.832186379e+11,1.7824885e+11,2.117023101e+13,1.304795174e+13,799
2012-12-18,420,284,93,391,64,53.55,2.850877916e+11,1.78595098e+11,2.123466253e+13,1.306566427e+13,802
2012-12-19,410,267,125,396,65,53.7,2.868760092e+11,1.79074707e+11,2.133634382e+13,1.307301098e+13,807
2012-12-20,212,526,62,416,66,53.05,2.859388639e+11,1.79358226e+11,2.111320356e+13,1.307337461e+13,801
2012-12-21,151,577,69,343,71,52.8,2.846065047e+11,1.79895924e+11,2.090039768e+13,1.306512958e+13,802
2012-12-24,399,296,106,260,86,52.7,2.856668933e+11,1.79930275e+11,2.094760957e+13,1.307413752e+13,806
2012-12-25,677,83,46,308,74,53.6,2.903720825e+11,1.80055129e+11,2.122555195e+13,1.307260486e+13,807
2012-12-26,402,317,88,444,61,53.5,2.896807178e+11,1.8006337e+11,2.121991201e+13,1.307662273e+13,807
2012-12-27,300,378,125,521,42,53.45,2.91503693e+11,1.80489678e+11,2.1261952e+13,1.306897786e+13,806
2012-12-28,460,227,118,531,43,53.8,2.920560062e+11,1.80334927e+11,2.140171026e+13,1.306893582e+13,807
2013-01-02,547,172,87,560,32,54.4,2.947226392e+11,1.80297891e+11,2.162340085e+13,1.30681797e+13,807
2013-01-03,508,214,85,618,20,54.85,2.963700164e+11,1.80691121e+11,2.178143399e+13,1.30684655e+13,807
2013-01-04,271,438,96,632,23,54.5,2.966838226e+11,1.81997974e+11,2.169701023e+13,1.305629144e+13,806
2013-01-07,371,339,94,602,30,54.25,2.96839914e+11,1.83197195e+11,2.156191913e+13,1.305663049e+13,806
2013-01-08,197,525,79,521,42,53.9,2.968602589e+11,1.84412487e+11,2.147175565e+13,1.306957864e+13,803
2013-01-09,407,280,114,463,46,54.1,2.985536544e+11,1.84615638e+11,2.152190565e+13,1.306886475e+13,806
2013-01-10,471,253,80,461,48,54.5,2.981704949e+11,1.84285527e+11,2.17313498e+13,1.307471995e+13,806
2013-01-11,403,305,96,480,43,54.45,2.988596174e+11,1.84163516e+11,2.175600789e+13,1.306732862e+13,804
2013-01-14,382,327,95,478,44,54.5,3.015571637e+11,1.84839344e+11,2.177559125e+13,1.30744131e+13,807
2013-01-15,221,503,80,440,54,54,3.000303965e+11,1.85639019e+11,2.161151913e+13,1.307449638e+13,804
2013-01-16,185,531,88,375,58,53.7,2.987248891e+11,1.86065205e+11,2.143609356e+13,1.307927433e+13,807
2013-01-17,54,715,34,218,87,53.3,2.878354883e+11,1.83685778e+11,2.11913623e+13,1.307559631e+13,803
2013-01-18,674,67,60,172,122,53.95,2.929535875e+11,1.83616664e+11,2.151478805e+13,1.306379053e+13,803
2013-01-21,356,352,89,149,139,53.9,2.933820888e+11,1.83279237e+11,2.148342816e+13,1.305793862e+13,799
2013-01-22,418,267,110,211,138,54.05,2.944956991e+11,1.82976122e+11,2.157800131e+13,1.30586559e+13,801
2013-01-23,300,379,121,223,151,54,2.924638498e+11,1.82174196e+11,2.155241881e+13,1.306335811e+13,802
2013-01-24,183,532,87,228,174,53.7,2.918608173e+11,1.82424379e+11,2.142345874e+13,1.3063496e+13,804
2013-01-25,210,479,115,204,206,53.5,2.908086638e+11,1.82072163e+11,2.142335044e+13,1.310382105e+13,806
2013-01-28,398,283,123,205,236,53.75,2.909104817e+11,1.81662636e+11,2.154500609e+13,1.310780191e+13,804
2013-01-29,614,102,85,249,203,54.5,2.938231937e+11,1.80658953e+11,2.1789184e+13,1.307843271e+13,803
2013-01-30,508,175,118,330,120,54.6,2.942520802e+11,1.80476907e+11,2.188037931e+13,1.308203134e+13,804
2013-01-31,274,431,97,374,78,54.6,2.929135646e+11,1.79641089e+11,2.19278415e+13,1.308709248e+13,805
2013-02-01,319,370,115,380,82,54.8,2.910677636e+11,1.78627429e+11,2.194888949e+13,1.30918968e+13,805
2013-02-04,414,274,116,366,105,55.2,2.901763546e+11,1.77863245e+11,2.213849025e+13,1.309227003e+13,806
2013-02-05,207,510,85,351,135,55,2.86100098e+11,1.76879741e+11,2.202985444e+13,1.308120198e+13,806
2013-02-06,280,418,108,329,168,55.4,2.805147443e+11,1.73453831e+11,2.208788918e+13,1.308688881e+13,807
2013-02-18,471,254,79,333,196,55.6,2.830380263e+11,1.73623666e+11,2.219311122e+13,1.308670436e+13,805
2013-02-19,428,265,110,339,174,55.65,2.872633645e+11,1.74330872e+11,2.22441239e+13,1.306944062e+13,806
2013-02-20,469,224,111,374,127,56.1,2.896016389e+11,1.74979852e+11,2.241784273e+13,1.30398743e+13,805
2013-02-21,191,546,66,371,122,55.7,2.881871183e+11,1.75465126e+11,2.22190564e+13,1.303700906e+13,804
2013-02-22,273,423,105,357,127,55.5,2.887993152e+11,1.76029213e+11,2.218778001e+13,1.304406314e+13,804
2013-02-25,308,405,92,329,134,55.7,2.918223614e+11,1.77044124e+11,2.21899907e+13,1.303373779e+13,805
2013-02-26,159,581,65,303,152,55.1,2.882281154e+11,1.7660288e+11,2.200763713e+13,1.3089215e+13,806
2013-02-27,364,299,140,294,161,55.2,2.883480422e+11,1.7629431e+11,2.204758535e+13,1.308643953e+13,804
2013-03-01,514,182,106,277,174,55.4,2.905321699e+11,1.76188859e+11,2.226472926e+13,1.31084693e+13,803
2013-03-04,143,610,49,285,194,54.75,2.878890972e+11,1.76308651e+11,2.199889881e+13,1.310900731e+13,804
2013-03-05,485,219,99,289,208,55.2,2.901535496e+11,1.76738076e+11,2.218301605e+13,1.310728304e+13,804
2013-03-06,407,286,111,285,220,55.45,2.895540815e+11,1.77151769e+11,2.223398357e+13,1.310870447e+13,806
2013-03-07,423,291,90,340,195,55.4,2.923484779e+11,1.77946631e+11,2.227005645e+13,1.311082611e+13,804
2013-03-08,448,269,85,358,149,55.8,2.936738224e+11,1.78559604e+11,2.243057412e+13,1.310854883e+13,804
2013-03-11,413,291,99,388,135,55.9,2.962482549e+11,1.79613043e+11,2.250044075e+13,1.310484557e+13,805
2013-03-12,185,533,86,384,118,55.55,2.941181104e+11,1.79651562e+11,2.237768025e+13,1.31107174e+13,806
2013-03-13,275,420,109,341,142,55.65,2.938440859e+11,1.80238709e+11,2.237901183e+13,1.31184358e+13,807
2013-03-14,216,486,104,277,167,55.6,2.937016851e+11,1.81061948e+11,2.226114183e+13,1.312086162e+13,809
2013-03-15,288,434,85,249,193,55.2,2.916252874e+11,1.80763407e+11,2.218623004e+13,1.31352044e+13,808
2013-03-18,75,692,40,163,230,54.5,2.873194781e+11,1.80351674e+11,2.186077265e+13,1.313892929e+13,808
2013-03-19,504,190,112,120,233,54.6,2.911857914e+11,1.80813143e+11,2.194146654e+13,1.313767441e+13,807
2013-03-20,250,449,108,103,271,54.25,2.923185196e+11,1.81887144e+11,2.183221261e+13,1.314501697e+13,809
2013-03-21,477,216,112,141,279,54.3,2.927314926e+11,1.82227304e+11,2.187548867e+13,1.314219373e+13,806
2013-03-22,326,365,113,170,284,54.15,2.937158514e+11,1.8272729e+11,2.18348915e+13,1.315183163e+13,807
2013-03-25,487,220,97,236,266,54.55,2.958973821e+11,1.82632373e+11,2.200361721e+13,1.315218782e+13,805
2013-03-26,353,334,114,272,237,54.55,2.967184879e+11,1.82544138e+11,2.200327483e+13,1.316225734e+13,805
2013-03-27,411,276,118,313,199,54.7,2.966208347e+11,1.82047858e+11,2.208692835e+13,1.317874093e+13,809
2013-03-28,307,405,97,313,173,54.55,2.95354797e+11,1.81983169e+11,2.203865198e+13,1.321772676e+13,809
2013-03-29,505,206,98,323,134,55.1,2.969876012e+11,1.82009507e+11,2.219963426e+13,1.325660527e+13,810
2013-04-01,243,472,93,311,155,55,2.939244599e+11,1.81323026e+11,2.21461506e+13,1.336530063e+13,808
2013-04-02,342,349,114,310,158,54.85,2.931932252e+11,1.80422085e+11,2.218216221e+13,1.337410235e+13,807
2013-04-03,443,261,101,310,178,55,2.940342297e+11,1.79801134e+11,2.226554324e+13,1.33707263e+13,806
2013-04-08,53,740,10,233,270,53.85,2.820131906e+11,1.77600502e+11,2.173567107e+13,1.336830957e+13,805
2013-04-09,279,415,108,162,350,53.7,2.787641965e+11,1.76073534e+11,2.167364079e+13,1.336778114e+13,806
2013-04-10,420,283,100,112,385,53.8,2.793755303e+11,1.75409321e+11,2.173631357e+13,1.337015853e+13,807
2013-04-11,599,140,65,129,380,54.35,2.827702483e+11,1.75538925e+11,2.203188717e+13,1.336845208e+13,806
2013-04-12,252,457,97,163,383,54.35,2.803848214e+11,1.75066888e+11,2.193165669e+13,1.337233375e+13,809
2013-04-15,201,532,74,172,370,53.9,2.754877742e+11,1.73975376e+11,2.180139365e+13,1.339129032e+13,807
2013-04-16,340,356,107,153,387,54,2.76237848e+11,1.73392581e+11,2.191473312e+13,1.338842743e+13,807
2013-04-17,451,261,92,168,385,53.9,2.781163297e+11,1.7357646e+11,2.194033944e+13,1.338876201e+13,807
2013-04-18,340,366,96,200,351,53.85,2.79441389e+11,1.74042347e+11,2.190454334e+13,1.338124125e+13,807
2013-04-19,549,169,87,238,230,55.45,2.84269308e+11,1.75507793e+11,2.230437993e+13,1.337667629e+13,807
2013-04-22,411,307,88,255,197,55.4,2.846512661e+11,1.75942822e+11,2.243122085e+13,1.338173172e+13,810
2013-04-23,351,374,84,271,156,55.1,2.844443352e+11,1.76604728e+11,2.2360797e+13,1.339290414e+13,810
2013-04-24,532,190,86,284,140,55.55,2.885198349e+11,1.76923026e+11,2.256899937e+13,1.338520014e+13,809
2013-04-25,251,480,76,304,115,55.65,2.884277494e+11,1.77531625e+11,2.257726427e+13,1.338576409e+13,808
2013-04-26,295,419,93,301,117,55.85,2.87705466e+11,1.77778396e+11,2.257257639e+13,1.33825653e+13,810
2013-04-29,296,387,123,283,164,55.8,2.883709654e+11,1.77177132e+11,2.259801928e+13,1.338259601e+13,807
2013-04-30,468,239,99,267,194,56.4,2.905312206e+11,1.76807654e+11,2.278811251e+13,1.338528879e+13,809
2013-05-02,334,358,115,266,198,56.55,2.922774042e+11,1.77632074e+11,2.288079531e+13,1.33842409e+13,808
2013-05-03,322,377,107,266,182,56.65,2.909891653e+11,1.77538005e+11,2.29022994e+13,1.339216743e+13,809
2013-05-06,417,293,95,266,158,56.9,2.936286352e+11,1.78138818e+11,2.299296417e+13,1.343408775e+13,806
2013-05-07,286,400,117,287,159,57.1,2.924903611e+11,1.78122997e+11,2.296957598e+13,1.344019528e+13,808
2013-05-08,473,230,105,310,127,57.85,2.940350286e+11,1.77897435e+11,2.32558292e+13,1.345736449e+13,810
2013-05-09,442,263,103,348,102,58.2,2.945334121e+11,1.77553558e+11,2.329879236e+13,1.346369128e+13,810
2013-05-10,317,394,95,364,84,57.9,2.944974627e+11,1.78096715e+11,2.32865151e+13,1.346965733e+13,808
2013-05-13,208,514,81,344,104,57.75,2.930077447e+11,1.78215348e+11,2.319932609e+13,1.347655512e+13,806
2013-05-14,349,356,97,321,132,57.9,2.928273271e+11,1.78511464e+11,2.323241486e+13,1.352831861e+13,808
2013-05-15,559,159,90,331,137,57.95,2.955496731e+11,1.78641161e+11,2.342083779e+13,1.36843938e+13,812
2013-05-16,431,299,81,378,130,58.7,2.985782682e+11,1.79082123e+11,2.362211341e+13,1.370992403e+13,811
2013-05-17,406,302,101,436,103,58.4,2.986920155e+11,1.79629361e+11,2.356399188e+13,1.37131233e+13,810
2013-05-20,397,316,93,457,102,58.3,3.007340542e+11,1.80173002e+11,2.357764352e+13,1.370872549e+13,808
2013-05-21,472,251,82,475,97,58.3,3.036959566e+11,1.81183283e+11,2.358926936e+13,1.369522814e+13,809
2013-05-22,461,264,82,518,82,58.25,3.05893649e+11,1.81714421e+11,2.363299346e+13,1.369685064e+13,809
2013-05-23,117,649,42,490,78,57,3.032862228e+11,1.83028249e+11,2.31836065e+13,1.371232976e+13,809
2013-05-24,196,532,81,420,102,56.85,3.016868413e+11,1.82977592e+11,2.310391814e+13,1.370442854e+13,809
2013-05-27,544,176,87,325,126,57.35,3.05533278e+11,1.83783127e+11,2.330486848e+13,1.370452426e+13,808
2013-05-28,356,319,132,314,132,57.15,3.0681015e+11,1.84182041e+11,2.325611189e+13,1.370293133e+13,809
2013-05-29,534,184,90,373,111,57.65,3.098862161e+11,1.8485138e+11,2.348035434e+13,1.37140817e+13,808
2013-05-30,236,469,102,390,108,56.95,3.099347348e+11,1.85985181e+11,2.323242943e+13,1.373454152e+13,809
2013-05-31,417,298,94,411,96,56.95,3.119756311e+11,1.8706639e+11,2.327520959e+13,1.373842384e+13,811
2013-06-03,273,459,78,367,106,56.7,3.137971237e+11,1.88120889e+11,2.314154912e+13,1.374925815e+13,811
2013-06-04,234,483,93,355,117,56.6,3.124099956e+11,1.88298223e+11,2.311088265e+13,1.374885926e+13,811
2013-06-05,314,393,103,333,146,56.6,3.126845788e+11,1.88989856e+11,2.30886669e+13,1.374523564e+13,811
2013-06-06,180,564,63,266,164,55.9,3.115435321e+11,1.89895075e+11,2.284505881e+13,1.374289117e+13,809
2013-06-07,174,543,91,198,185,56.05,3.05895612e+11,1.89017326e+11,2.283346131e+13,1.374587556e+13,811
2013-06-10,512,209,85,168,208,56.5,3.090835062e+11,1.8927375e+11,2.302761554e+13,1.374479066e+13,807
2013-06-11,270,457,79,151,222,56.35,3.075897406e+11,1.89324356e+11,2.291047866e+13,1.375086057e+13,811
2013-06-13,65,709,34,119,261,55,3.016159946e+11,1.89409786e+11,2.244127327e+13,1.375333299e+13,811
2013-06-14,159,570,76,82,303,54.8,2.980553246e+11,1.88846643e+11,2.239903195e+13,1.374822624e+13,806
2013-06-17,585,140,79,70,353,55.15,3.0163228e+11,1.89308956e+11,2.257764212e+13,1.37517656e+13,808
2013-06-18,424,277,107,91,383,55.4,3.036508565e+11,1.89674165e+11,2.262994594e+13,1.375262465e+13,811
2013-06-19,371,315,118,126,371,55.3,3.043370914e+11,1.90091755e+11,2.26323856e+13,1.374502719e+13,808
2013-06-20,141,589,78,138,394,54.25,3.003545861e+11,1.90473113e+11,2.232412773e+13,1.375554472e+13,811
2013-06-21,183,579,45,119,410,53.6,2.985795577e+11,1.91470584e+11,2.202570481e+13,1.375300741e+13,809
2013-06-24,406,302,98,109,443,53.4,2.978434416e+11,1.92547507e+11,2.193973527e+13,1.375180333e+13,808
2013-06-25,67,709,29,78,477,53,2.919138876e+11,1.91626703e+11,2.167159264e+13,1.376093696e+13,810
2013-06-26,623,114,69,77,474,53.7,2.968725942e+11,1.91376335e+11,2.201154313e+13,1.375613622e+13,809
2013-06-27,531,171,94,73,491,54.35,2.994039091e+11,1.91513151e+11,2.22839033e+13,1.375230697e+13,809
2013-06-28,390,296,116,102,382,55.1,2.996347218e+11,1.90651668e+11,2.277602306e+13,1.375192068e+13,810
2013-07-01,582,156,60,145,274,55.6,3.036506488e+11,1.91055145e+11,2.271277713e+13,1.375692667e+13,810
2013-07-02,285,412,98,149,202,55.5,3.019245131e+11,1.91510102e+11,2.265574768e+13,1.375600406e+13,810
2013-07-03,170,556,76,149,190,54.85,2.976184282e+11,1.91418302e+11,2.235894461e+13,1.375468054e+13,810
2013-07-04,230,449,115,131,272,54.95,2.95614635e+11,1.9192865e+11,2.229262814e+13,1.37525739e+13,810
2013-07-05,530,168,102,124,319,56.05,2.972972712e+11,1.90912103e+11,2.259465668e+13,1.374927086e+13,808
2013-07-08,185,527,82,127,356,55,2.936711052e+11,1.9103001e+11,2.226341083e+13,1.375026701e+13,808
2013-07-09,434,240,113,138,383,55.65,2.955890208e+11,1.90722433e+11,2.250066496e+13,1.376476078e+13,810
2013-07-10,355,330,103,130,406,55.8,2.958708616e+11,1.90135322e+11,2.25974434e+13,1.376196231e+13,808
2013-07-11,564,155,70,146,326,57.2,2.97394946e+11,1.88532244e+11,2.306922553e+13,1.375717623e+13,808
2013-07-12,448,248,98,160,275,57.35,2.977070379e+11,1.87871927e+11,2.315971206e+13,1.374618263e+13,805
2013-07-15,479,205,100,188,204,57.5,2.989419067e+11,1.87130403e+11,2.325480209e+13,1.375633767e+13,805
2013-07-16,427,267,90,216,150,57.5,2.998470569e+11,1.8736719e+11,2.327950741e+13,1.375739579e+13,805
2013-07-17,361,326,93,252,126,57.6,2.9935127e+11,1.87858005e+11,2.326148493e+13,1.375386709e+13,808
2013-07-18,232,444,103,267,149,57.2,2.944688186e+11,1.87152261e+11,2.307808631e+13,1.375655713e+13,809
2013-07-19,185,534,81,267,207,55.95,2.890430427e+11,1.86048927e+11,2.270203264e+13,1.376273974e+13,807
2013-07-22,451,245,89,263,271,56.15,2.917313786e+11,1.86367929e+11,2.279906909e+13,1.375897294e+13,806
2013-07-23,531,173,88,267,274,57.05,2.955197603e+11,1.86324899e+11,2.31059028e+13,1.375561077e+13,807
2013-07-24,335,346,114,288,243,56.9,2.97427656e+11,1.87562329e+11,2.305554053e+13,1.375746218e+13,808
2013-07-25,320,365,95,289,206,57,2.98284734e+11,1.8767184e+11,2.294183831e+13,1.375880496e+13,805
2013-07-26,264,434,95,267,191,56.9,2.971951209e+11,1.87304663e+11,2.288217453e+13,1.375158268e+13,804
2013-07-29,201,524,66,234,218,56.5,2.941270927e+11,1.86874297e+11,2.269604571e+13,1.37627961e+13,803
2013-07-30,470,218,98,219,231,56.95,2.960324214e+11,1.86867813e+11,2.29259502e+13,1.376154617e+13,804
2013-07-31,186,531,78,200,263,56.6,2.903854102e+11,1.85999551e+11,2.276058863e+13,1.375464139e+13,804
2013-08-01,343,318,124,197,268,56.2,2.90633156e+11,1.86201424e+11,2.261174754e+13,1.375766612e+13,807
2013-08-02,380,306,112,194,280,56.55,2.900177171e+11,1.85572577e+11,2.268667909e+13,1.376110819e+13,807
2013-08-05,479,239,77,224,260,56.7,2.938588053e+11,1.85584359e+11,2.286465114e+13,1.378099862e+13,808
2013-08-06,218,510,69,245,257,55.9,2.929682044e+11,1.8625269e+11,2.258797795e+13,1.376990403e+13,803
2013-08-07,116,628,47,215,268,55.1,2.878997034e+11,1.85938162e+11,2.224388221e+13,1.376920219e+13,807
2013-08-08,395,273,123,185,301,54.9,2.909048588e+11,1.86932631e+11,2.218271528e+13,1.376270874e+13,806
2013-08-09,280,440,76,153,314,54.85,2.917815344e+11,1.87330035e+11,2.204473775e+13,1.375647523e+13,807
2013-08-12,350,388,61,149,327,55,2.921045882e+11,1.86887116e+11,2.217304064e+13,1.376882668e+13,806
2013-08-13,509,211,79,163,302,55.55,2.941638602e+11,1.86303608e+11,2.240992681e+13,1.377109694e+13,807
2013-08-14,292,407,96,179,277,55.4,2.9400641e+11,1.8654515e+11,2.230829947e+13,1.368211774e+13,804
2013-08-15,223,482,84,180,287,55,2.93837844e+11,1.86740137e+11,2.211093095e+13,1.357978294e+13,808
2013-08-16,339,353,111,166,303,55.25,2.945262369e+11,1.86600744e+11,2.221354383e+13,1.357891119e+13,806
2013-08-19,301,396,101,181,316,55.1,2.959762548e+11,1.87184083e+11,2.21394335e+13,1.358767181e+13,809
2013-08-20,132,605,64,175,351,54.6,2.910615462e+11,1.86588731e+11,2.196850385e+13,1.360148473e+13,805
2013-08-22,339,388,66,156,381,54.15,2.940896405e+11,1.87502668e+11,2.191957145e+13,1.361680922e+13,805
2013-08-23,496,202,100,144,399,54.85,2.961053026e+11,1.87264342e+11,2.209546529e+13,1.36260459e+13,808
2013-08-26,381,305,109,170,380,55.1,2.980431125e+11,1.87358298e+11,2.215049401e+13,1.362294464e+13,809
2013-08-27,106,611,70,155,376,54.6,2.924989119e+11,1.87012337e+11,2.193946904e+13,1.363093435e+13,806
2013-08-28,186,532,75,124,390,54.75,2.908164862e+11,1.86564611e+11,2.194827099e+13,1.362483041e+13,805
2013-08-29,560,138,93,112,416,55.5,2.940351417e+11,1.86608123e+11,2.221422014e+13,1.363411252e+13,808
2013-08-30,535,190,74,123,363,55.85,2.979577409e+11,1.86678537e+11,2.251040903e+13,1.362372885e+13,809
2013-09-02,434,307,60,163,240,56.3,2.988555744e+11,1.86712151e+11,2.254659535e+13,1.357643565e+13,806
2013-09-03,499,223,78,202,162,56.65,3.016582419e+11,1.8695362e+11,2.273889896e+13,1.355588886e+13,807
2013-09-04,322,382,94,214,134,56.55,3.002783258e+11,1.86693e+11,2.271512473e+13,1.354623449e+13,803
2013-09-05,528,178,90,232,106,56.9,3.022263939e+11,1.86178974e+11,2.294776164e+13,1.350502038e+13,803
2013-09-06,366,328,108,250,88,57,3.016838389e+11,1.85657047e+11,2.29819709e+13,1.353900902e+13,805
2013-09-09,224,528,47,266,89,57.2,2.979055817e+11,1.84935722e+11,2.296692304e+13,1.354641059e+13,802
2013-09-10,243,459,94,246,147,57.35,2.954908081e+11,1.84203438e+11,2.303722995e+13,1.356296137e+13,805
2013-09-11,341,341,118,214,220,57.5,2.954225743e+11,1.83949759e+11,2.303829587e+13,1.356038048e+13,803
2013-09-12,413,278,109,212,254,57.55,2.980956897e+11,1.84697406e+11,2.311634804e+13,1.357821094e+13,804
2013-09-13,242,478,81,214,262,57.1,2.949709888e+11,1.8488012e+11,2.295358632e+13,1.358125635e+13,803
2013-09-16,506,194,105,223,251,57.8,2.948658525e+11,1.83659311e+11,2.321853169e+13,1.358567525e+13,809
2013-09-17,293,389,122,227,236,57.75,2.946032048e+11,1.83760902e+11,2.320537071e+13,1.358473664e+13,805
2013-09-18,369,327,109,254,221,57.55,2.948255242e+11,1.83467323e+11,2.311153116e+13,1.361227085e+13,807
2013-09-23,477,231,99,275,194,58,2.980014845e+11,1.83420762e+11,2.334569524e+13,1.360965645e+13,808
2013-09-24,370,322,112,304,140,58.05,2.986742168e+11,1.83160748e+11,2.338015345e+13,1.361547093e+13,810
2013-09-25,431,286,93,348,101,57.8,2.991821964e+11,1.83442626e+11,2.334202487e+13,1.362508283e+13,812
2013-09-26,143,593,74,329,119,57.25,2.951380285e+11,1.83308871e+11,2.30567306e+13,1.361656062e+13,812
2013-09-27,374,325,109,330,147,57.4,2.949111519e+11,1.83034493e+11,2.319444159e+13,1.362353097e+13,808
2013-09-30,333,400,71,278,184,57.15,2.954719183e+11,1.83439877e+11,2.303183723e+13,1.362763826e+13,806
2013-10-01,347,355,102,274,183,57.15,2.976153301e+11,1.84135049e+11,2.308304398e+13,1.363406217e+13,810
2013-10-02,421,284,105,291,173,57.35,2.993446617e+11,1.84700992e+11,2.317364642e+13,1.363969259e+13,810
2013-10-03,574,165,67,354,143,58.55,3.01832434e+11,1.84548688e+11,2.356625216e+13,1.362610637e+13,807
2013-10-04,358,352,92,404,119,58.45,3.036071222e+11,1.85180804e+11,2.356862322e+13,1.36190571e+13,803
2013-10-07,370,359,71,435,98,57.9,3.022344451e+11,1.85586991e+11,2.349948137e+13,1.362402163e+13,804
2013-10-08,324,400,80,438,106,58.35,3.039735424e+11,1.86150032e+11,2.371413206e+13,1.370373009e+13,806
2013-10-09,176,575,55,421,129,58.2,3.009423829e+11,1.85889118e+11,2.363069005e+13,1.370866123e+13,807
2013-10-11,308,410,89,365,145,58.45,2.997468511e+11,1.85680183e+11,2.364296002e+13,1.371062282e+13,809
2013-10-14,155,600,54,287,178,58,2.930737836e+11,1.84305011e+11,2.342249799e+13,1.370761935e+13,809
2013-10-15,655,93,61,291,188,58.5,2.982068927e+11,1.84821502e+11,2.369261871e+13,1.371917422e+13,810
2013-10-16,335,388,87,264,203,58.25,2.968839294e+11,1.85027472e+11,2.359137861e+13,1.371439227e+13,810
2013-10-17,471,236,100,312,197,58.55,2.991488636e+11,1.851479e+11,2.371141775e+13,1.371687706e+13,810
2013-10-18,499,205,105,349,174,59.05,3.032496939e+11,1.85359815e+11,2.390583338e+13,1.372363114e+13,811
2013-10-21,299,411,100,367,155,59,3.025309359e+11,1.85759848e+11,2.385625669e+13,1.371469292e+13,812
2013-10-22,290,430,89,366,126,59,3.0338877e+11,1.85939817e+11,2.383561905e+13,1.370551543e+13,809
2013-10-23,246,484,79,336,129,58.7,3.018873069e+11,1.86348025e+11,2.376746663e+13,1.370688488e+13,811
2013-10-24,421,274,113,299,129,57.55,3.055278512e+11,1.8686169e+11,2.383170323e+13,1.371371887e+13,808
2013-10-25,259,456,93,265,157,57.1,3.048719831e+11,1.87383536e+11,2.364622584e+13,1.371684754e+13,811
2013-10-28,359,361,88,245,183,57.5,3.049491158e+11,1.87489776e+11,2.380589957e+13,1.370980066e+13,808
2013-10-29,337,377,93,252,201,57.75,3.07221566e+11,1.88336258e+11,2.385861023e+13,1.37220972e+13,813
2013-10-30,455,239,116,270,194,57.9,3.086157081e+11,1.88646225e+11,2.397840077e+13,1.372431009e+13,811
2013-10-31,284,419,100,273,186,57.9,3.06917861e+11,1.88271254e+11,2.38705426e+13,1.369851177e+13,806
2013-11-01,194,533,77,269,195,57.6,3.039407585e+11,1.87896417e+11,2.37200055e+13,1.371404281e+13,811
2013-11-04,257,489,65,215,232,57.35,3.02999048e+11,1.87478404e+11,2.362868691e+13,1.372879955e+13,813
2013-11-05,182,557,74,165,262,56.8,2.997489924e+11,1.87604392e+11,2.337628428e+13,1.37312731e+13,813
2013-11-06,292,437,80,145,292,56.8,2.99117994e+11,1.8717994e+11,2.343412652e+13,1.370955132e+13,812
2013-11-07,380,335,96,136,313,56.65,2.999322597e+11,1.87455161e+11,2.345008083e+13,1.371161156e+13,814
2013-11-08,231,497,86,127,342,56.45,2.96822358e+11,1.86933156e+11,2.331897517e+13,1.372053057e+13,815
2013-11-11,299,434,82,119,374,56.3,2.952559646e+11,1.8686935e+11,2.317685472e+13,1.373281333e+13,814
2013-11-12,250,477,85,100,407,56.5,2.897124372e+11,1.84751196e+11,2.321709368e+13,1.37284978e+13,815
2013-11-13,222,515,78,86,446,55.75,2.876764231e+11,1.84481122e+11,2.297986319e+13,1.381929705e+13,814
2013-11-14,512,226,75,92,454,55.9,2.910327506e+11,1.84729491e+11,2.305891455e+13,1.386208826e+13,815
2013-11-15,400,324,90,96,420,56.15,2.927617746e+11,1.84900598e+11,2.320452417e+13,1.390168801e+13,815
2013-11-18,301,420,91,120,363,56.45,2.90909943e+11,1.84536857e+11,2.327740635e+13,1.391258066e+13,814
2013-11-19,526,193,92,129,331,56.8,2.94363611e+11,1.84719711e+11,2.346845344e+13,1.391337478e+13,814
2013-11-20,318,390,106,146,308,56.45,2.951728562e+11,1.85575502e+11,2.331991882e+13,1.391624345e+13,818
2013-11-21,182,578,56,153,317,55.45,2.93163955e+11,1.862344e+11,2.303044433e+13,1.391088763e+13,819
2013-11-22,316,400,99,142,345,55.5,2.926794892e+11,1.86060139e+11,2.307133535e+13,1.391006763e+13,818
2013-11-25,525,209,81,142,362,56.25,2.960732336e+11,1.8630036e+11,2.327682185e+13,1.392966883e+13,818
2013-11-26,466,264,86,151,301,56.7,2.990074442e+11,1.86301734e+11,2.345862205e+13,1.392719362e+13,821
2013-11-27,417,304,98,171,225,57,3.00329683e+11,1.86204929e+11,2.360194012e+13,1.393250171e+13,823
2013-11-28,547,182,90,201,153,57.35,3.026241156e+11,1.86328637e+11,2.379760363e+13,1.391059294e+13,822
2013-11-29,506,218,98,225,102,57.55,3.046079818e+11,1.86483462e+11,2.394985834e+13,1.390982207e+13,824
2013-12-02,374,364,85,245,68,57.45,3.066679646e+11,1.87044277e+11,2.397947324e+13,1.393003126e+13,827
2013-12-03,322,400,103,273,61,57.5,3.084592305e+11,1.87589903e+11,2.391930897e+13,1.392935813e+13,827
2013-12-04,352,381,93,281,77,57.45,3.088178039e+11,1.88153174e+11,2.398970951e+13,1.392960385e+13,828
2013-12-05,250,485,91,274,128,57.1,3.080224778e+11,1.88914559e+11,2.387670099e+13,1.393186215e+13,827
2013-12-06,395,312,119,270,170,57.15,3.093864334e+11,1.89332145e+11,2.385802836e+13,1.3929722e+13,828
2013-12-09,403,334,90,262,191,57.65,3.090510888e+11,1.89490603e+11,2.408042036e+13,1.392920919e+13,829
2013-12-10,329,407,90,268,190,57.8,3.098024884e+11,1.89890406e+11,2.407336082e+13,1.392766044e+13,828
2013-12-11,230,490,107,249,213,57.85,3.069553537e+11,1.89872922e+11,2.404211696e+13,1.392812824e+13,828
2013-12-12,293,444,87,212,250,57.4,3.073025562e+11,1.90418999e+11,2.383628237e+13,1.393008605e+13,825
2013-12-13,463,268,92,225,262,57.35,3.095039925e+11,1.90980873e+11,2.388236684e+13,1.392599345e+13,829
2013-12-16,227,516,81,218,264,56.9,3.079390986e+11,1.91112116e+11,2.369198541e+13,1.39182764e+13,825
2013-12-17,423,282,121,233,240,57.2,3.100704556e+11,1.91355542e+11,2.384656582e+13,1.393997564e+13,829
2013-12-18,422,279,124,242,230,57,3.125961852e+11,1.92016712e+11,2.383282217e+13,1.393226704e+13,826
2013-12-19,378,321,124,274,204,57.35,3.136517639e+11,1.92296134e+11,2.399166209e+13,1.39334717e+13,826
2013-12-20,353,369,102,310,174,57.45,3.149085812e+11,1.92685232e+11,2.400398781e+13,1.393967903e+13,829
2013-12-23,459,270,98,345,135,57.85,3.1685451e+11,1.93392198e+11,2.413899242e+13,1.394324347e+13,830
2013-12-24,389,348,92,373,115,57.8,3.184538309e+11,1.93649556e+11,2.412027599e+13,1.394383721e+13,830
2013-12-25,420,316,94,381,93,57.85,3.194855156e+11,1.94156227e+11,2.417989728e+13,1.394134691e+13,831
2013-12-26,416,310,103,420,83,57.85,3.204451769e+11,1.94281841e+11,2.423385448e+13,1.394161901e+13,829
2013-12-27,436,291,102,462,68,58.3,3.224162486e+11,1.94359996e+11,2.439230368e+13,1.395477804e+13,834
2013-12-30,528,220,86,499,55,58.8,3.251836064e+11,1.94571064e+11,2.466015977e+13,1.396585828e+13,836
2013-12-31,336,391,109,516,52,58.7,3.251323961e+11,1.94476058e+11,2.462586134e+13,1.396650847e+13,835
2014-01-02,462,287,84,546,42,58.55,3.2695298e+11,1.94959313e+11,2.463511235e+13,1.396466941e+13,832
2014-01-03,317,439,76,530,59,57.85,3.275436611e+11,1.95703293e+11,2.446074244e+13,1.396245477e+13,835
2014-01-06,276,503,57,476,78,57.7,3.240626324e+11,1.95944942e+11,2.43339494e+13,1.396646556e+13,836
2014-01-07,533,222,81,458,98,57.7,3.284895367e+11,1.97195038e+11,2.437480186e+13,1.3964239e+13,835
2014-01-08,431,314,90,445,103,57.8,3.316655239e+11,1.98070824e+11,2.451242449e+13,1.39682926e+13,835
2014-01-09,271,476,88,442,99,57.55,3.304901679e+11,1.98561577e+11,2.440262687e+13,1.396331237e+13,834
2014-01-10,468,270,96,436,104,57.55,3.332690661e+11,1.99510609e+11,2.444077575e+13,1.396468058e+13,834
2014-01-13,365,388,81,426,101,57.9,3.320207666e+11,1.99375277e+11,2.454954241e+13,1.396638858e+13,835
2014-01-14,270,483,80,414,107,57.8,3.318468892e+11,1.99931351e+11,2.450786576e+13,1.396972831e+13,833
2014-01-15,478,264,91,412,103,58.4,3.342997127e+11,1.99869662e+11,2.466027532e+13,1.396719753e+13,835
2014-01-16,255,500,78,409,120,58.55,3.323990778e+11,1.99222973e+11,2.45039765e+13,1.393751718e+13,833
2014-01-17,282,450,102,385,118,58.65,3.323144038e+11,1.99422622e+11,2.446802214e+13,1.39457185e+13,835
2014-01-20,370,380,85,333,135,58.8,3.331219889e+11,1.9904061e+11,2.454206972e+13,1.394533607e+13,836
2014-01-21,311,417,106,307,143,58.55,3.327989732e+11,1.991529e+11,2.447723997e+13,1.394420534e+13,834
2014-01-22,349,377,107,301,144,58.65,3.311001025e+11,1.98258977e+11,2.455448763e+13,1.394018812e+13,834
2014-01-23,272,470,91,280,150,58.5,3.292264611e+11,1.98022593e+11,2.447033505e+13,1.394696421e+13,835
2014-01-24,239,498,97,248,158,58.65,3.258219509e+11,1.96979819e+11,2.447900946e+13,1.394931761e+13,836
2014-01-27,125,656,54,176,190,57.6,3.174182115e+11,1.94926902e+11,2.418397697e+13,1.390644523e+13,836
2014-02-05,258,525,49,123,243,55.8,3.19184731e+11,1.97380943e+11,2.363643671e+13,1.391121708e+13,836
2014-02-06,513,229,92,123,266,56,3.248082543e+11,1.98946566e+11,2.377774428e+13,1.390424485e+13,837
2014-02-07,491,266,80,162,273,56.6,3.273882195e+11,1.99320057e+11,2.400235212e+13,1.390878802e+13,838
2014-02-10,389,363,86,205,254,56.6,3.272901496e+11,1.99576131e+11,2.402076013e+13,1.391438927e+13,839
2014-02-11,432,322,84,236,241,56.95,3.294389518e+11,1.99672818e+11,2.412505294e+13,1.391026466e+13,838
2014-02-12,460,290,88,270,219,57.55,3.316888573e+11,1.99742851e+11,2.435274045e+13,1.390653152e+13,838
2014-02-13,252,504,80,293,183,57.4,3.308327626e+11,2.00282774e+11,2.42187001e+13,1.390558524e+13,838
2014-02-14,309,433,95,278,184,57.95,3.297909752e+11,2.00064427e+11,2.435059554e+13,1.391286843e+13,840
2014-02-17,329,404,104,260,204,57.95,3.298218439e+11,2.00227073e+11,2.432686084e+13,1.390335284e+13,838
2014-02-18,477,268,92,242,204,58.15,3.323406527e+11,2.00580011e+11,2.442974159e+13,1.39019444e+13,837
2014-02-19,445,306,84,257,202,58.15,3.332997367e+11,2.00782206e+11,2.44827822e+13,1.391171122e+13,836
2014-02-20,278,482,75,275,191,57.65,3.331120706e+11,2.01011558e+11,2.434371419e+13,1.390643204e+13,837
2014-02-21,539,200,95,301,169,58.2,3.359428459e+11,2.01127863e+11,2.45542368e+13,1.391422936e+13,837
2014-02-24,314,437,83,303,193,57.9,3.358616815e+11,2.01323381e+11,2.444234875e+13,1.390564726e+13,836
2014-02-25,365,369,101,318,196,58.15,3.376469238e+11,2.01825903e+11,2.449836643e+13,1.39123432e+13,838
2014-02-26,385,360,91,324,196,58.4,3.403193765e+11,2.02148636e+11,2.45689275e+13,1.396710392e+13,837
2014-02-27,452,302,83,329,176,58.3,3.39772478e+11,2.01635781e+11,2.468296327e+13,1.397124277e+13,839
2014-03-03,271,509,58,316,175,57.95,3.394553702e+11,2.02080354e+11,2.45739513e+13,1.397984392e+13,840
2014-03-04,245,522,71,286,206,57.7,3.385303358e+11,2.02696969e+11,2.443531705e+13,1.397634136e+13,839
2014-03-05,534,195,110,291,220,58.3,3.420809201e+11,2.03374397e+11,2.465169599e+13,1.398435449e+13,840
2014-03-06,427,316,94,318,214,59.15,3.447754866e+11,2.03821481e+11,2.487473722e+13,1.397617211e+13,838
2014-03-07,190,571,76,326,201,59.4,3.391278151e+11,2.02838368e+11,2.488105126e+13,1.397936563e+13,840
2014-03-10,327,417,94,294,206,59.05,3.39017388e+11,2.03201108e+11,2.473135513e+13,1.398065852e+13,839
2014-03-11,409,337,90,265,236,59.35,3.419522338e+11,2.03881149e+11,2.484044301e+13,1.39749309e+13,838
2014-03-12,320,407,108,277,246,58.8,3.423465795e+11,2.04190257e+11,2.479052128e+13,1.398755455e+13,838
2014-03-13,389,332,116,293,230,59.75,3.448678349e+11,2.05031879e+11,2.497752684e+13,1.399091853e+13,840
2014-03-14,259,483,97,283,241,59.15,3.437437758e+11,2.052321e+11,2.480673611e+13,1.399597544e+13,840
2014-03-17,470,270,98,289,229,59.05,3.473107275e+11,2.05905716e+11,2.483569604e+13,1.400007527e+13,839
2014-03-18,406,322,110,308,209,59.4,3.475360909e+11,2.0590105e+11,2.492170633e+13,1.400696231e+13,838
2014-03-19,204,558,74,309,198,59.25,3.438642718e+11,2.0547337e+11,2.480282852e+13,1.400604381e+13,838
2014-03-20,159,612,66,241,240,58.5,3.402157735e+11,2.05353419e+11,2.454977952e+13,1.400986836e+13,840
2014-03-21,309,457,69,183,264,58.5,3.393764392e+11,2.05052796e+11,2.447563053e+13,1.402228676e+13,836
2014-03-24,244,520,72,159,315,58.65,3.36674619e+11,2.04069653e+11,2.455714823e+13,1.404711014e+13,837
2014-03-25,680,86,69,161,302,59.15,3.422068366e+11,2.04701927e+11,2.479686857e+13,1.407789932e+13,836
2014-03-26,471,273,92,215,278,59.7,3.44102273e+11,2.04532109e+11,2.494057507e+13,1.408557227e+13,839
2014-03-27,350,400,87,297,220,59.8,3.457254594e+11,2.05520075e+11,2.505963603e+13,1.412922806e+13,837
2014-03-28,216,573,48,296,203,59.9,3.40686556e+11,2.04528328e+11,2.505881305e+13,1.41693226e+13,839
2014-03-31,622,148,69,305,190,60.1,3.439182282e+11,2.03960962e+11,2.529517257e+13,1.433119282e+13,843
2014-04-01,388,363,89,329,168,60.6,3.439474241e+11,2.03381121e+11,2.53666839e+13,1.44696434e+13,841
2014-04-02,433,313,94,371,121,60.8,3.444260561e+11,2.02550989e+11,2.545712777e+13,1.446555307e+13,842
2014-04-03,371,363,105,381,108,60.65,3.458251256e+11,2.03107676e+11,2.540415432e+13,1.446807466e+13,840
2014-04-07,318,433,87,375,124,60.5,3.457317246e+11,2.02449768e+11,2.53765016e+13,1.447040868e+13,840
2014-04-08,331,398,109,358,154,60.8,3.435341443e+11,2.01790583e+11,2.540936651e+13,1.447075854e+13,840
2014-04-09,500,225,113,352,152,61,3.464131594e+11,2.01829054e+11,2.552618145e+13,1.448077251e+13,840
2014-04-10,283,458,97,348,132,61.2,3.458468156e+11,2.02956976e+11,2.559265559e+13,1.447523854e+13,842
2014-04-11,171,591,77,301,167,61.15,3.408023963e+11,2.02173407e+11,2.550651683e+13,1.449248282e+13,841
2014-04-14,145,632,59,219,220,61.05,3.330419802e+11,2.00477563e+11,2.535081759e+13,1.448867432e+13,838
2014-04-15,541,211,84,164,256,61.35,3.339170005e+11,1.99471183e+11,2.552622888e+13,1.449997077e+13,839
2014-04-16,561,195,83,179,265,61.3,3.349285164e+11,1.98753873e+11,2.555196834e+13,1.450865889e+13,842
2014-04-17,407,318,117,233,248,61.15,3.379118293e+11,2.00425668e+11,2.561550651e+13,1.450014767e+13,842
2014-04-18,286,454,100,285,231,61.55,3.370782781e+11,2.00573525e+11,2.56761598e+13,1.450923801e+13,841
2014-04-21,330,412,97,291,239,61.55,3.374746624e+11,2.00409288e+11,2.56465149e+13,1.450578409e+13,842
2014-04-22,395,344,100,285,241,61.75,3.387744906e+11,2.00355577e+11,2.571308912e+13,1.450454074e+13,841
2014-04-23,226,544,70,272,239,61.65,3.357965666e+11,1.99748473e+11,2.567556789e+13,1.450682833e+13,843
2014-04-24,185,577,77,245,274,61.75,3.339478014e+11,2.00062893e+11,2.563461141e+13,1.450651502e+13,839
2014-04-25,27,787,23,133,370,60.7,3.18685224e+11,1.96714305e+11,2.514722612e+13,1.450812389e+13,841
2014-04-28,346,427,67,84,417,61.25,3.196904414e+11,1.96474817e+11,2.526252574e+13,1.450807896e+13,841
2014-04-29,639,136,62,63,438,61.35,3.254775635e+11,1.97408305e+11,2.54319593e+13,1.450156486e+13,840
2014-04-30,160,607,71,83,466,61,3.217338082e+11,1.97943911e+11,2.521202481e+13,1.451620605e+13,841
2014-05-02,607,151,80,102,466,61.3,3.264105643e+11,1.98056201e+11,2.54219732e+13,1.453368871e+13,840
2014-05-05,406,327,107,113,465,61.2,3.313807162e+11,1.99503048e+11,2.545539778e+13,1.454088704e+13,842
2014-05-06,426,314,99,162,409,61.55,3.350306735e+11,2.00809063e+11,2.557559875e+13,1.454780098e+13,841
2014-05-07,289,458,93,178,327,61.4,3.344620136e+11,2.01246072e+11,2.553149814e+13,1.45545221e+13,842
2014-05-08,449,292,97,182,256,61.85,3.360044225e+11,2.01963879e+11,2.564515594e+13,1.457357943e+13,840
2014-05-09,174,586,78,173,241,61.45,3.32913742e+11,2.02257428e+11,2.550963189e+13,1.459035634e+13,839
2014-05-12,195,569,74,157,303,61.15,3.30058537e+11,2.02447146e+11,2.530587017e+13,1.463461422e+13,841
2014-05-13,224,530,86,104,420,61.45,3.27022231e+11,2.01713697e+11,2.53401523e+13,1.470335284e+13,841
2014-05-14,371,359,107,99,441,61.8,3.283770634e+11,2.01504535e+11,2.550452374e+13,1.483661342e+13,839
2014-05-15,362,357,118,104,450,61.75,3.299149962e+11,2.01766342e+11,2.551287813e+13,1.510402508e+13,842
2014-05-16,356,392,91,116,444,61.85,3.302576312e+11,2.01708558e+11,2.554234486e+13,1.510018363e+13,840
2014-05-19,462,291,84,129,447,61.85,3.330922316e+11,2.02319377e+11,2.559648705e+13,1.510717648e+13,842
2014-05-20,313,421,107,139,415,62.1,3.327045035e+11,2.02318162e+11,2.556576798e+13,1.51093943e+13,842
2014-05-21,219,537,84,143,388,61.8,3.319089543e+11,2.02744576e+11,2.549864912e+13,1.511405024e+13,844
2014-05-22,646,111,83,172,341,62.65,3.373803845e+11,2.03382886e+11,2.579989475e+13,1.511297312e+13,840
2014-05-23,462,273,104,195,263,62.75,3.405125669e+11,2.04030215e+11,2.592563037e+13,1.511764319e+13,842
2014-05-26,468,269,104,224,169,63.05,3.433530649e+11,2.05064662e+11,2.60226897e+13,1.512210954e+13,843
2014-05-27,309,430,98,236,156,63.1,3.434180247e+11,2.05399167e+11,2.607882877e+13,1.512079576e+13,840
2014-05-28,473,259,107,241,125,63.7,3.455818551e+11,2.05480803e+11,2.628842352e+13,1.512826645e+13,843
2014-05-29,372,359,110,253,113,63.4,3.46810994e+11,2.06151523e+11,2.626502053e+13,1.513955071e+13,843
2014-05-30,369,372,101,267,113,63.1,3.472540986e+11,2.06289559e+11,2.619707825e+13,1.527229574e+13,844
2014-06-03,294,464,84,281,142,63.15,3.47104128e+11,2.06698135e+11,2.633048707e+13,1.526569153e+13,842
2014-06-04,342,385,109,275,188,63.4,3.495027287e+11,2.07814964e+11,2.631771666e+13,1.526565035e+13,839
2014-06-05,372,357,108,296,225,63.4,3.522941569e+11,2.08608156e+11,2.64105893e+13,1.527793579e+13,842
2014-06-06,353,400,87,307,223,63.55,3.524118466e+11,2.08875902e+11,2.637178106e+13,1.528107049e+13,841
2014-06-09,422,318,100,314,211,63.8,3.528459923e+11,2.08639304e+11,2.644635542e+13,1.527823675e+13,843
2014-06-10,349,392,99,319,192,64.2,3.527648512e+11,2.0800806e+11,2.659564058e+13,1.527537911e+13,842
2014-06-11,390,345,106,339,178,64.15,3.546122446e+11,2.08307766e+11,2.66263718e+13,1.528435091e+13,842
2014-06-12,340,393,108,356,179,64,3.555368599e+11,2.09160738e+11,2.654603155e+13,1.528341113e+13,843
2014-06-13,316,404,120,354,171,63.85,3.572757571e+11,2.09970133e+11,2.652612175e+13,1.528396474e+13,841
2014-06-16,396,354,91,353,162,63.9,3.586048873e+11,2.10832554e+11,2.656215447e+13,1.528001779e+13,842
2014-06-17,348,363,128,348,164,64.35,3.602721165e+11,2.11461325e+11,2.667608613e+13,1.528099048e+13,845
2014-06-18,432,325,84,350,143,64.5,3.559051668e+11,2.1016015e+11,2.677983399e+13,1.528126455e+13,843
2014-06-19,416,322,103,378,129,64.95,3.59643269e+11,2.11148113e+11,2.689254909e+13,1.528625814e+13,844
2014-06-20,247,514,81,386,117,64.75,3.591188711e+11,2.11475889e+11,2.676574714e+13,1.528473756e+13,843
2014-06-23,159,621,60,302,147,64.7,3.490196733e+11,2.09695586e+11,2.663753818e+13,1.528527836e+13,844
2014-06-24,516,220,102,245,171,64.8,3.523488005e+11,2.10646073e+11,2.668769727e+13,1.529042275e+13,845
2014-06-25,365,363,114,221,194,64.65,3.539981402e+11,2.11121084e+11,2.66765325e+13,1.528617226e+13,844
2014-06-26,526,216,93,270,186,65.35,3.585994644e+11,2.12135805e+11,2.690139148e+13,1.528671425e+13,844
2014-06-27,300,423,113,294,182,65.35,3.574065073e+11,2.11980113e+11,2.685411995e+13,1.528200677e+13,842
2014-06-30,511,228,98,348,172,65.95,3.611167053e+11,2.1185684e+11,2.711673912e+13,1.52866467e+13,843
2014-07-01,424,303,109,384,155,66.55,3.625874354e+11,2.11942248e+11,2.725877837e+13,1.52823612e+13,844
2014-07-02,211,547,80,412,138,67.1,3.589731811e+11,2.10679617e+11,2.738997234e+13,1.528228287e+13,843
2014-07-03,440,286,102,407,137,67.7,3.647623403e+11,2.12066213e+11,2.75276606e+13,1.52843778e+13,844
2014-07-04,337,389,106,381,152,67.7,3.63722546e+11,2.12140412e+11,2.747831264e+13,1.528304563e+13,843
2014-07-07,280,465,83,359,164,67.6,3.610850348e+11,2.11617233e+11,2.748865023e+13,1.52784104e+13,839
2014-07-08,392,332,101,343,180,67.75,3.615950503e+11,2.1163185e+11,2.753241051e+13,1.528156969e+13,843
2014-07-09,253,481,86,320,204,67.85,3.600968299e+11,2.12336049e+11,2.741301414e+13,1.528365704e+13,845
2014-07-10,431,304,87,325,202,68.35,3.617467964e+11,2.12595727e+11,2.76332692e+13,1.528727819e+13,845
2014-07-11,124,668,42,257,246,68.3,3.512072184e+11,2.10723238e+11,2.741946414e+13,1.529130722e+13,844
2014-07-14,550,206,68,227,270,68.7,3.569013758e+11,2.12017176e+11,2.750000127e+13,1.528610288e+13,843
2014-07-15,445,273,106,201,286,68.95,3.604360338e+11,2.13101156e+11,2.763524703e+13,1.528365001e+13,842
2014-07-16,252,489,78,222,289,68.35,3.600959727e+11,2.14220844e+11,2.739034443e+13,1.528846437e+13,843
2014-07-17,394,327,92,225,279,67.5,3.606435121e+11,2.15175463e+11,2.717522608e+13,1.52897587e+13,845
2014-07-18,342,385,108,217,283,67.5,3.622208133e+11,2.15874367e+11,2.714837723e+13,1.52829955e+13,845
2014-07-21,423,311,98,243,276,67.5,3.624559502e+11,2.15711398e+11,2.725856152e+13,1.529117574e+13,843
2014-07-22,475,252,101,260,260,68.1,3.646397303e+11,2.15429815e+11,2.743179474e+13,1.528399478e+13,844
2014-07-24,423,281,107,280,228,68.4,3.676015837e+11,2.16544269e+11,2.750371068e+13,1.528574151e+13,843
2014-07-25,236,500,98,279,196,67.65,3.65062441e+11,2.17334794e+11,2.724655159e+13,1.529320122e+13,843
2014-07-28,361,389,83,262,217,67.5,3.620948949e+11,2.18028353e+11,2.717986031e+13,1.528492457e+13,841
2014-07-29,201,548,70,199,272,67.45,3.527423918e+11,2.16281757e+11,2.705181934e+13,1.525773844e+13,842
2014-07-30,576,156,92,191,287,67.85,3.54737606e+11,2.15996573e+11,2.722578281e+13,1.526765551e+13,844
2014-07-31,303,419,106,182,313,66.75,3.544060088e+11,2.17139606e+11,2.684384111e+13,1.526184886e+13,845
2014-08-01,234,530,76,184,324,66.25,3.521500177e+11,2.16341046e+11,2.66970751e+13,1.527176167e+13,846
2014-08-04,417,330,84,165,346,66.6,3.54076464e+11,2.16458876e+11,2.686913029e+13,1.527052702e+13,842
2014-08-05,143,621,61,148,384,65.25,3.507597484e+11,2.17365328e+11,2.631742259e+13,1.525449014e+13,843
2014-08-06,126,653,52,120,416,65.7,3.428468618e+11,2.15060472e+11,2.631103542e+13,1.525801317e+13,842
2014-08-07,301,424,103,73,462,65.7,3.400122332e+11,2.14621513e+11,2.625870818e+13,1.526841083e+13,845
2014-08-08,225,538,74,50,498,65.7,3.365156655e+11,2.13257793e+11,2.610681127e+13,1.548687222e+13,842
2014-08-11,634,128,71,56,498,66.05,3.420445476e+11,2.1296255e+11,2.640162439e+13,1.550246285e+13,843
2014-08-12,248,489,100,71,491,66.1,3.394543168e+11,2.12410463e+11,2.638779722e+13,1.545096348e+13,842
2014-08-13,543,219,71,105,423,66.75,3.412719001e+11,2.11884402e+11,2.65922398e+13,1.536468331e+13,843
2014-08-14,205,562,59,104,398,67.1,3.390526394e+11,2.11887641e+11,2.656499015e+13,1.523336016e+13,842
2014-08-15,265,474,98,115,398,67.1,3.372060407e+11,2.11405301e+11,2.650497577e+13,1.523721829e+13,841
2014-08-18,118,658,61,105,446,66.9,3.306863432e+11,2.10092809e+11,2.631396427e+13,1.523766088e+13,841
2014-08-19,595,156,81,100,464,67.75,3.327254055e+11,2.09030282e+11,2.660771573e+13,1.524406848e+13,841
2014-08-20,360,363,109,103,490,68,3.301552101e+11,2.08078123e+11,2.673154981e+13,1.524998934e+13,841
2014-08-21,214,527,81,113,484,67.9,3.272309759e+11,2.07753068e+11,2.66089281e+13,1.52579926e+13,841
2014-08-22,744,60,31,121,450,68.75,3.320418302e+11,2.07754795e+11,2.698119429e+13,1.525958242e+13,842
2014-08-25,523,206,97,137,378,68.65,3.35901893e+11,2.08111174e+11,2.705448097e+13,1.528203927e+13,846
2014-08-26,464,276,91,161,228,68.6,3.373072629e+11,2.08164701e+11,2.687920766e+13,1.506201311e+13,845
2014-08-27,549,200,76,168,131,69.25,3.396723443e+11,2.07726922e+11,2.714181801e+13,1.505115494e+13,844
2014-08-28,321,404,92,170,98,69.35,3.408128813e+11,2.09021339e+11,2.696199947e+13,1.506182646e+13,844
2014-08-29,453,283,100,180,85,69.2,3.41815998e+11,2.09431911e+11,2.682648385e+13,1.506185967e+13,845
2014-09-01,384,354,99,198,108,69.8,3.431632586e+11,2.09455033e+11,2.704684923e+13,1.509550752e+13,844
2014-09-02,159,595,83,198,151,68.75,3.393940341e+11,2.09822908e+11,2.669524282e+13,1.507208719e+13,839
2014-09-03,303,422,110,189,225,69.25,3.387315065e+11,2.09911999e+11,2.684591737e+13,1.508152893e+13,842
2014-09-04,327,371,132,170,335,69,3.389200539e+11,2.10331795e+11,2.679393555e+13,1.508296242e+13,840
2014-09-05,375,354,106,180,350,69,3.399402427e+11,2.10824905e+11,2.673652823e+13,1.507927337e+13,842
2014-09-09,368,355,115,183,345,69.25,3.405105605e+11,2.10957996e+11,2.699183063e+13,1.511234066e+13,842
2014-09-10,232,512,93,172,352,68.65,3.4155692e+11,2.11980017e+11,2.678199634e+13,1.512337685e+13,841
2014-09-11,248,487,102,149,342,68.4,3.397615438e+11,2.11855119e+11,2.669175113e+13,1.513162024e+13,840
2014-09-12,118,635,78,105,384,67.75,3.363067484e+11,2.12104254e+11,2.638134409e+13,1.512247127e+13,836
2014-09-15,246,483,102,69,433,67.75,3.344115716e+11,2.11862646e+11,2.63619352e+13,1.514205011e+13,835
2014-09-16,165,594,76,64,481,67.2,3.311347773e+11,2.11820463e+11,2.613430825e+13,1.515111301e+13,840
2014-09-17,470,259,107,57,497,67.7,3.350421034e+11,2.1219416e+11,2.633742409e+13,1.516071682e+13,842
2014-09-18,426,298,113,70,495,67.85,3.388531517e+11,2.12846201e+11,2.644889139e+13,1.517286018e+13,840
2014-09-19,508,234,93,93,433,68,3.404811959e+11,2.12853952e+11,2.646291604e+13,1.516729715e+13,838
2014-09-22,180,593,64,113,407,66.95,3.392506821e+11,2.13801737e+11,2.617167058e+13,1.51722542e+13,840
2014-09-23,235,505,96,119,400,66.8,3.386465544e+11,2.14233372e+11,2.601543795e+13,1.517326704e+13,839
2014-09-24,443,291,100,107,435,66.55,3.400760216e+11,2.15052402e+11,2.6063143e+13,1.517943372e+13,841
2014-09-25,93,695,49,102,473,65.95,3.340096399e+11,2.14467652e+11,2.581410706e+13,1.517820481e+13,840
2014-09-26,201,540,96,81,512,65.6,3.317470561e+11,2.13726986e+11,2.577368397e+13,1.518026963e+13,840
2014-09-29,371,352,110,73,546,65.4,3.339743892e+11,2.14337709e+11,2.56384532e+13,1.51502348e+13,837
2014-09-30,429,324,82,75,532,65.3,3.336026171e+11,2.13830708e+11,2.567297366e+13,1.515944285e+13,839
2014-10-01,329,408,98,91,497,65.5,3.345287477e+11,2.13831969e+11,2.573761714e+13,1.516316742e+13,837
2014-10-02,339,396,99,111,453,65.5,3.361267289e+11,2.1416653e+11,2.56945777e+13,1.514966522e+13,838
2014-10-03,599,150,88,129,396,66.7,3.396422959e+11,2.13724562e+11,2.607775451e+13,1.515413889e+13,840
2014-10-06,364,372,100,142,322,66.65,3.406989389e+11,2.14515204e+11,2.603521538e+13,1.515944206e+13,838
2014-10-07,132,631,71,148,296,66.1,3.362464446e+11,2.13983651e+11,2.586184359e+13,1.513977529e+13,840
2014-10-08,149,606,80,125,347,65.7,3.323815935e+11,2.13847332e+11,2.560041914e+13,1.51360303e+13,837
2014-10-09,222,524,88,101,465,66,3.289108028e+11,2.13266546e+11,2.565716294e+13,1.51467075e+13,837
2014-10-13,38,783,12,54,583,64,3.123150096e+11,2.10349739e+11,2.491557024e+13,1.514306727e+13,836
2014-10-14,399,363,72,34,619,64.55,3.138563824e+11,2.09626728e+11,2.507627872e+13,1.515583796e+13,836
2014-10-15,103,694,37,26,669,64.1,3.060744482e+11,2.08014848e+11,2.475663438e+13,1.514717329e+13,837
2014-10-16,245,516,74,21,686,64,3.042231841e+11,2.06115488e+11,2.471199227e+13,1.514838309e+13,838
2014-10-17,141,652,42,22,706,63.35,2.96080129e+11,2.04759474e+11,2.436442925e+13,1.513868269e+13,840
2014-10-20,649,138,52,24,709,64.6,3.013266882e+11,2.04492279e+11,2.482085091e+13,1.516022611e+13,845
2014-10-21,360,394,87,26,704,64.3,3.018775473e+11,2.04263665e+11,2.480097308e+13,1.51633277e+13,841
2014-10-22,588,176,76,37,650,65.3,3.035596707e+11,2.03868483e+11,2.507530558e+13,1.515850719e+13,841
2014-10-23,247,503,89,36,560,65.05,3.021093344e+11,2.03809133e+11,2.502059063e+13,1.516217105e+13,841
2014-10-24,110,675,55,33,496,63.05,2.988777697e+11,2.03973948e+11,2.495223642e+13,1.526973833e+13,843
2014-10-27,97,697,47,32,611,63.25,2.885358416e+11,2.01025332e+11,2.489423382e+13,1.527059476e+13,842
2014-10-28,764,47,31,29,609,64.35,2.944864085e+11,1.99594156e+11,2.533041687e+13,1.527866734e+13,844
2014-10-29,739,67,34,30,495,65,3.00135116e+11,1.98685011e+11,2.580369837e+13,1.534686467e+13,841
2014-10-30,350,380,106,39,280,64.8,3.018189571e+11,1.99394307e+11,2.573295555e+13,1.533060416e+13,838
2014-10-31,645,115,72,50,170,65.3,3.050612284e+11,1.99156223e+11,2.601080668e+13,1.535665262e+13,838
2014-11-03,497,268,72,64,118,65.6,3.075241709e+11,1.98985879e+11,2.610556412e+13,1.53548756e+13,844
2014-11-04,267,470,106,80,81,65.65,3.077552704e+11,1.99287658e+11,2.606627117e+13,1.535904665e+13,845
2014-11-05,300,454,88,98,84,65.5,3.079294102e+11,2.00148693e+11,2.589669973e+13,1.529496299e+13,843
2014-11-06,146,604,88,104,134,65.1,3.030249387e+11,1.99929788e+11,2.567559623e+13,1.530422434e+13,840
2014-11-07,560,181,97,107,191,65.2,3.070076196e+11,1.99855918e+11,2.575902189e+13,1.533924319e+13,843
2014-11-10,485,257,99,120,271,66.15,3.07729216e+11,1.99287369e+11,2.615077293e+13,1.536724399e+13,843
2014-11-11,349,397,95,144,261,65.95,3.075581035e+11,1.99445842e+11,2.610781311e+13,1.536669625e+13,844
2014-11-12,159,615,68,140,299,65,3.062747286e+11,2.00178953e+11,2.5771838e+13,1.55053135e+13,843
2014-11-13,376,358,108,133,353,65.65,3.067071153e+11,1.99707717e+11,2.594929079e+13,1.554914889e+13,844
2014-11-14,369,364,110,119,386,65.7,3.078531354e+11,1.99583477e+11,2.595679372e+13,1.557032333e+13,844
2014-11-17,138,640,63,130,411,65.1,3.039513843e+11,1.99474472e+11,2.566294431e+13,1.555315667e+13,841
2014-11-18,150,608,83,113,474,64.9,2.970484548e+11,1.97763465e+11,2.559126526e+13,1.555750084e+13,845
2014-11-19,503,232,106,98,495,65.85,2.974125664e+11,1.96217924e+11,2.588231325e+13,1.553987494e+13,842
2014-11-20,601,161,78,122,483,66.6,3.021322723e+11,1.96000712e+11,2.621794831e+13,1.554854184e+13,843
2014-11-21,488,263,89,162,433,66.65,3.043613692e+11,1.96257277e+11,2.625546775e+13,1.554744458e+13,843
2014-11-24,402,335,103,192,323,66.8,3.047648511e+11,1.9641562e+11,2.634087237e+13,1.554175431e+13,842
2014-11-25,329,398,113,217,271,66.85,3.06697511e+11,1.96503161e+11,2.633179781e+13,1.55445861e+13,844
2014-11-26,364,361,117,220,250,66.85,3.065666948e+11,1.96124768e+11,2.635349525e+13,1.554036934e+13,845
2014-11-27,321,401,119,234,232,67.5,3.052736279e+11,1.95162918e+11,2.646263407e+13,1.553825949e+13,842
2014-11-28,325,408,109,259,195,67.5,3.046061024e+11,1.94947514e+11,2.65291679e+13,1.548525372e+13,844
2014-12-01,297,458,88,256,227,66.8,3.050576338e+11,1.95092e+11,2.633186448e+13,1.548573788e+13,844
2014-12-02,455,308,79,245,226,65.8,3.071641133e+11,1.96516014e+11,2.609324112e+13,1.549123175e+13,843
2014-12-03,738,63,42,287,166,66.85,3.161910825e+11,1.97895153e+11,2.65026966e+13,1.549266247e+13,846
2014-12-04,437,319,87,362,106,67.1,3.166263845e+11,1.97433899e+11,2.664641834e+13,1.549276102e+13,844
2014-12-05,481,259,104,439,59,66.85,3.192078775e+11,1.98487028e+11,2.65939439e+13,1.549441439e+13,845
2014-12-08,374,389,81,455,54,66.35,3.189559812e+11,1.99549119e+11,2.653638041e+13,1.549091355e+13,845
2014-12-09,212,536,96,466,63,66.2,3.171035895e+11,2.00186985e+11,2.636887895e+13,1.549358592e+13,845
2014-12-10,186,592,66,426,103,65.3,3.163456623e+11,2.01192934e+11,2.610055503e+13,1.54937696e+13,847
2014-12-11,330,413,99,356,132,65.25,3.177167202e+11,2.01510268e+11,2.603812661e+13,1.549745809e+13,845
2014-12-12,480,244,118,293,150,65.3,3.195318355e+11,2.01796789e+11,2.608602415e+13,1.550387474e+13,845
2014-12-15,277,456,108,277,157,65.1,3.216191276e+11,2.02850828e+11,2.594933219e+13,1.549846838e+13,842
2014-12-16,442,317,81,287,159,64.55,3.21527951e+11,2.0386542e+11,2.586115948e+13,1.549685311e+13,845
2014-12-17,141,630,73,259,168,63.55,3.213068144e+11,2.05280989e+11,2.55105516e+13,1.549851443e+13,847
2014-12-18,375,330,140,238,180,63.7,3.212048121e+11,2.05443885e+11,2.565461591e+13,1.550013894e+13,846
2014-12-19,344,414,86,207,187,65.2,3.166713598e+11,2.03304752e+11,2.604239471e+13,1.549973171e+13,847
2014-12-22,596,160,88,253,180,66,3.214893032e+11,2.03090052e+11,2.631724542e+13,1.549973486e+13,848
2014-12-23,468,256,118,317,131,65.8,3.222191402e+11,2.03347139e+11,2.63288772e+13,1.54982305e+13,845
2014-12-24,613,142,87,415,74,66.3,3.258800718e+11,2.03836872e+11,2.658959645e+13,1.549845638e+13,847
2014-12-25,327,408,108,457,56,66.3,3.257437977e+11,2.04293949e+11,2.651024482e+13,1.549554726e+13,845
2014-12-26,483,233,127,500,39,66.45,3.276253307e+11,2.04331717e+11,2.667316603e+13,1.549411554e+13,846
2014-12-29,366,368,110,531,31,67.2,3.279260236e+11,2.03765534e+11,2.689811649e+13,1.550566847e+13,848
2014-12-30,248,466,131,551,30,66.85,3.278628608e+11,2.0408426e+11,2.686125014e+13,1.551763231e+13,848
2014-12-31,444,260,142,560,39,66.85,3.286026731e+11,2.03961709e+11,2.697429217e+13,1.551683208e+13,848
2015-01-05,379,390,77,562,57,66.55,3.325315051e+11,2.05346257e+11,2.687786686e+13,1.550959799e+13,849
2015-01-06,107,707,32,475,92,64.9,3.2843979e+11,2.06939417e+11,2.622746196e+13,1.551147301e+13,848
2015-01-07,475,254,118,356,106,65,3.321286573e+11,2.07902074e+11,2.631977648e+13,1.552052699e+13,850
2015-01-08,506,236,103,283,107,66.5,3.333714964e+11,2.06834414e+11,2.67707876e+13,1.551216282e+13,848
2015-01-09,421,322,102,344,93,66.15,3.340501484e+11,2.07314904e+11,2.66993749e+13,1.551124022e+13,846
2015-01-12,254,493,97,377,91,65.75,3.334861413e+11,2.07833651e+11,2.659449719e+13,1.550860282e+13,847
2015-01-13,460,295,90,382,93,65.95,3.355604885e+11,2.08616855e+11,2.674769258e+13,1.551030628e+13,849
2015-01-14,301,430,117,376,105,65.6,3.372599475e+11,2.09860858e+11,2.659534721e+13,1.55101482e+13,849
2015-01-15,257,505,87,372,118,65.8,3.373015283e+11,2.10457997e+11,2.655462877e+13,1.551123816e+13,850
2015-01-16,112,678,59,309,152,65.5,3.329542581e+11,2.10784114e+11,2.647421937e+13,1.551300509e+13,849
2015-01-19,262,491,93,236,192,66.25,3.296091243e+11,2.09180131e+11,2.656902396e+13,1.550762735e+13,846
2015-01-20,666,99,81,187,202,66.75,3.345180094e+11,2.09184381e+11,2.680266415e+13,1.551112514e+13,850
2015-01-21,392,347,108,225,190,67.25,3.32804565e+11,2.08474345e+11,2.699470306e+13,1.551706659e+13,847
2015-01-22,549,199,97,313,160,67.6,3.349892454e+11,2.08146031e+11,2.713973983e+13,1.551036075e+13,848
2015-01-23,338,371,138,344,134,68.7,3.346420948e+11,2.07640101e+11,2.743595984e+13,1.55141454e+13,849
2015-01-26,276,487,85,375,122,68.7,3.357249191e+11,2.07953007e+11,2.747709293e+13,1.551874595e+13,850
2015-01-27,429,282,136,370,118,69.15,3.370368469e+11,2.08278687e+11,2.75920805e+13,1.55156813e+13,849
2015-01-28,325,392,127,372,128,69.15,3.375675917e+11,2.08597167e+11,2.756213096e+13,1.55187623e+13,846
2015-01-29,274,456,115,370,116,68.3,3.367667718e+11,2.09113289e+11,2.733452541e+13,1.552996428e+13,851
2015-01-30,254,460,132,324,142,68,3.343736405e+11,2.09097458e+11,2.712408889e+13,1.552488273e+13,846
2015-02-02,232,518,92,260,175,68.15,3.331186998e+11,2.09117982e+11,2.719628303e+13,1.552454685e+13,847
2015-02-03,441,279,125,214,191,68.65,3.339235269e+11,2.08610928e+11,2.739267573e+13,1.552842336e+13,849
2015-02-04,362,340,145,220,202,69.4,3.342923448e+11,2.08441735e+11,2.759411248e+13,1.554277148e+13,850
2015-02-05,330,389,127,248,195,69.1,3.344560401e+11,2.08772045e+11,2.758002761e+13,1.553054018e+13,849
2015-02-06,265,461,121,267,220,68.75,3.323279401e+11,2.08582866e+11,2.742063195e+13,1.553283791e+13,849
2015-02-09,254,477,117,252,248,68.5,3.298139158e+11,2.07866021e+11,2.73307211e+13,1.555187521e+13,850
2015-02-10,325,414,110,225,282,68.25,3.273388277e+11,2.07416398e+11,2.72600624e+13,1.554841655e+13,852
2015-02-11,299,430,119,209,295,69,3.270375291e+11,2.06800835e+11,2.744404022e+13,1.557039036e+13,848
2015-02-12,300,417,127,204,313,69,3.257360868e+11,2.05554922e+11,2.753486004e+13,1.55576118e+13,845
2015-02-13,413,297,134,216,309,69.45,3.222214683e+11,2.02770889e+11,2.764935886e+13,1.557173203e+13,851
2015-02-24,563,198,89,233,295,70.25,3.243793012e+11,2.02475469e+11,2.793803259e+13,1.567758237e+13,852
2015-02-25,456,277,116,288,243,70.8,3.274219001e+11,2.03329559e+11,2.814137289e+13,1.567900383e+13,850
2015-02-26,403,310,133,327,184,70.3,3.294890448e+11,2.04109199e+11,2.791212762e+13,1.567687962e+13,851
2015-03-02,301,441,106,336,171,70,3.300159099e+11,2.04984712e+11,2.784661482e+13,1.57018098e+13,850
2015-03-03,333,399,118,318,170,69.9,3.294435378e+11,2.05031326e+11,2.787415025e+13,1.572994693e+13,853
2015-03-04,344,385,120,312,187,69.95,3.298135664e+11,2.05078374e+11,2.790827887e+13,1.571093572e+13,849
2015-03-05,403,318,125,329,189,69.7,3.325120116e+11,2.0635473e+11,2.783991471e+13,1.572727819e+13,851
2015-03-06,490,246,112,343,169,69.8,3.346261124e+11,2.06366608e+11,2.797985182e+13,1.572123884e+13,850
2015-03-09,289,455,104,336,155,69.1,3.359903699e+11,2.07662976e+11,2.773966001e+13,1.573202304e+13,850
2015-03-10,264,487,95,325,181,68.95,3.349502331e+11,2.08185259e+11,2.766684793e+13,1.573453845e+13,849
2015-03-11,202,567,79,292,217,69.05,3.358331297e+11,2.09306128e+11,2.763183668e+13,1.574887233e+13,852
2015-03-12,500,235,113,271,247,69.65,3.381449508e+11,2.09258731e+11,2.784130415e+13,1.576053613e+13,849
2015-03-13,366,349,131,277,256,69.45,3.388675023e+11,2.09854236e+11,2.780538371e+13,1.57689063e+13,850
2015-03-16,319,428,102,289,245,68.9,3.397396818e+11,2.10833515e+11,2.76138751e+13,1.57754029e+13,851
2015-03-17,294,439,113,269,231,69.15,3.391499799e+11,2.10922834e+11,2.767211715e+13,1.57722758e+13,848
2015-03-18,437,307,102,267,234,69.9,3.411372149e+11,2.1104366e+11,2.801773231e+13,1.578192007e+13,851
2015-03-19,526,217,108,299,212,70.65,3.450538081e+11,2.11486183e+11,2.826083658e+13,1.581198449e+13,853
2015-03-20,384,365,101,351,187,70.55,3.470583684e+11,2.12078764e+11,2.828475299e+13,1.583859079e+13,851
2015-03-23,346,381,119,382,165,70.75,3.482765184e+11,2.12550597e+11,2.832083337e+13,1.585955429e+13,850
2015-03-24,334,413,102,382,173,70.5,3.48422775e+11,2.13007865e+11,2.825368667e+13,1.588115154e+13,853
2015-03-25,208,558,98,348,201,70.25,3.457782715e+11,2.13324062e+11,2.810111809e+13,1.59519721e+13,854
2015-03-26,362,388,114,302,211,69.4,3.460629296e+11,2.14019807e+11,2.796116642e+13,1.600473845e+13,855
2015-03-27,315,445,103,268,226,68.75,3.437780545e+11,2.1462853e+11,2.762141643e+13,1.606440767e+13,853
2015-03-30,249,517,97,241,247,68.8,3.4092713e+11,2.14176335e+11,2.767504034e+13,1.616997461e+13,854
2015-03-31,462,301,100,224,257,69.05,3.428888672e+11,2.14050754e+11,2.786325028e+13,1.639519619e+13,854
2015-04-01,222,557,83,215,278,68.65,3.408049215e+11,2.1404125e+11,2.761807438e+13,1.639600092e+13,851
2015-04-02,504,244,114,232,280,69.5,3.430122013e+11,2.13888993e+11,2.790177861e+13,1.640047177e+13,854
2015-04-07,498,279,85,256,283,69.6,3.455517343e+11,2.13838793e+11,2.801667641e+13,1.640196979e+13,851
2015-04-08,334,439,89,303,253,69,3.445822121e+11,2.14687147e+11,2.781711354e+13,1.640710196e+13,852
2015-04-09,313,446,103,307,243,69.1,3.423181174e+11,2.14379957e+11,2.779900173e+13,1.639781395e+13,851
2015-04-10,351,424,88,308,242,69.65,3.416489098e+11,2.13987248e+11,2.7941864e+13,1.640340266e+13,852
2015-04-13,463,296,104,300,242,69.85,3.434239823e+11,2.13569724e+11,2.809629664e+13,1.640030118e+13,854
2015-04-14,438,316,109,308,236,69.5,3.462472394e+11,2.14606537e+11,2.801591747e+13,1.640150838e+13,852
2015-04-15,187,596,80,300,239,68.65,3.466266581e+11,2.16533238e+11,2.773162604e+13,1.640453288e+13,854
2015-04-16,428,324,112,285,250,69.7,3.474062647e+11,2.15839218e+11,2.80727784e+13,1.640170546e+13,856
2015-04-17,328,445,91,258,284,69.05,3.447613672e+11,2.16116656e+11,2.782226454e+13,1.640493583e+13,856
2015-04-20,206,570,88,215,300,68.95,3.412407264e+11,2.15759189e+11,2.776703803e+13,1.640623408e+13,853
2015-04-21,143,642,79,165,338,68.95,3.351486961e+11,2.14448358e+11,2.771410812e+13,1.640534999e+13,855
2015-04-22,452,305,107,141,372,69.65,3.37206974e+11,2.14119874e+11,2.79352199e+13,1.640680442e+13,851
2015-04-23,599,177,88,155,375,71.5,3.41805486e+11,2.1482774e+11,2.847926838e+13,1.64029281e+13,855
2015-04-24,482,291,91,199,332,72.2,3.416048266e+11,2.13699444e+11,2.881331106e+13,1.640859722e+13,854
2015-04-27,508,255,101,254,261,72.75,3.458206003e+11,2.15255619e+11,2.898595537e+13,1.640129348e+13,852
2015-04-28,348,409,107,280,224,72.6,3.46603456e+11,2.16736397e+11,2.89407281e+13,1.640714448e+13,855
2015-04-29,335,430,99,300,227,71.8,3.422971478e+11,2.16747449e+11,2.863618948e+13,1.640816748e+13,853
2015-04-30,518,256,90,303,210,71.45,3.443332441e+11,2.16869913e+11,2.854102842e+13,1.642219086e+13,854
2015-05-04,237,544,83,300,213,71.6,3.419950013e+11,2.1611485e+11,2.860659664e+13,1.642634157e+13,853
2015-05-05,260,517,87,299,240,71.2,3.381461183e+11,2.14512595e+11,2.853946554e+13,1.643903459e+13,856
2015-05-06,466,288,110,260,288,71.3,3.400576846e+11,2.14738698e+11,2.853497581e+13,1.644475614e+13,853
2015-05-07,170,615,79,223,314,70.45,3.351848992e+11,2.1417876e+11,2.820494153e+13,1.644948141e+13,853
2015-05-08,266,500,98,174,321,70.5,3.310721116e+11,2.13048695e+11,2.816899222e+13,1.646324541e+13,852
2015-05-11,156,653,55,101,390,70.85,3.202353529e+11,2.09291537e+11,2.808426044e+13,1.648522379e+13,854
2015-05-12,382,393,89,90,432,70.7,3.193834102e+11,2.0764904e+11,2.813779141e+13,1.658260881e+13,854
2015-05-13,453,315,96,87,452,71.1,3.219248893e+11,2.06881477e+11,2.825380777e+13,1.662610044e+13,852
2015-05-14,202,558,104,86,464,70.1,3.199046493e+11,2.07192363e+11,2.793466311e+13,1.666138499e+13,853
2015-05-15,253,527,84,81,472,70,3.173159504e+11,2.06387389e+11,2.78413577e+13,1.667434332e+13,854
2015-05-18,252,544,68,86,493,70.25,3.128727411e+11,2.04317014e+11,2.791982145e+13,1.667724297e+13,854
2015-05-19,568,219,77,111,499,71.3,3.160462421e+11,2.03320385e+11,2.825677727e+13,1.668120234e+13,856
2015-05-20,335,448,81,135,482,70.8,3.183645771e+11,2.04140119e+11,2.816712504e+13,1.668286296e+13,856
2015-05-21,174,624,67,131,454,70.15,3.178430772e+11,2.0528734e+11,2.786095549e+13,1.668761697e+13,855
2015-05-22,444,313,108,116,463,70.7,3.18925727e+11,2.04299742e+11,2.80365976e+13,1.668725363e+13,854
2015-05-25,273,511,81,105,482,70.7,3.20183419e+11,2.0496683e+11,2.805174974e+13,1.668429872e+13,856
2015-05-26,384,387,94,117,472,71,3.201057745e+11,2.04343517e+11,2.812618404e+13,1.669457807e+13,853
2015-05-27,415,334,116,121,434,71.15,3.224175947e+11,2.04591815e+11,2.819642879e+13,1.672941203e+13,854
2015-05-28,474,284,107,133,369,71.5,3.235344166e+11,2.04192344e+11,2.825275677e+13,1.673612121e+13,853
2015-05-29,345,430,90,142,311,71.1,3.230072339e+11,2.039075e+11,2.822237323e+13,1.679665957e+13,856
2015-06-01,305,479,81,147,312,70.5,3.208426653e+11,2.03601736e+11,2.798343607e+13,1.677805663e+13,850
2015-06-02,320,431,114,148,354,70.4,3.203528634e+11,2.03440025e+11,2.796815027e+13,1.678474658e+13,855
2015-06-03,155,628,83,133,415,69.95,3.169479609e+11,2.02952209e+11,2.780875543e+13,1.678738796e+13,856
2015-06-04,62,773,31,109,518,68.6,3.069881617e+11,2.01361853e+11,2.721055015e+13,1.679357929e+13,857
2015-06-05,249,565,52,76,595,68.45,3.045691132e+11,1.99319765e+11,2.718350114e+13,1.680217685e+13,856
2015-06-08,314,482,70,64,620,68.9,3.017874116e+11,1.97508597e+11,2.729820418e+13,1.682624388e+13,855
2015-06-09,72,766,28,53,643,68.35,2.847190293e+11,1.92127611e+11,2.678548648e+13,1.682283455e+13,857
2015-06-10,689,123,54,49,661,68.65,2.886520415e+11,1.90513862e+11,2.709421382e+13,1.682306443e+13,857
2015-06-11,274,500,92,44,666,68.85,2.881712418e+11,1.90366948e+11,2.710449147e+13,1.681784056e+13,856
2015-06-12,419,350,98,57,647,68.8,2.877744082e+11,1.89916745e+11,2.714415127e+13,1.682497644e+13,858
2015-06-15,396,379,92,65,636,68.65,2.872686346e+11,1.89429209e+11,2.701779396e+13,1.682862877e+13,855
2015-06-16,175,623,69,60,597,68.2,2.850777662e+11,1.89131911e+11,2.689522516e+13,1.68399928e+13,857
2015-06-17,373,392,102,59,563,68.5,2.868998929e+11,1.89578053e+11,2.682782292e+13,1.683282475e+13,858
2015-06-18,601,199,67,58,520,68.4,2.897055624e+11,1.894298e+11,2.691190838e+13,1.684372858e+13,857
2015-06-22,522,258,87,71,375,69.35,2.906970342e+11,1.88407925e+11,2.727353571e+13,1.684226802e+13,857
2015-06-23,478,287,102,84,222,69.55,2.916792173e+11,1.88286716e+11,2.742011104e+13,1.684550833e+13,857
2015-06-24,329,442,97,93,218,69.65,2.904976973e+11,1.88186348e+11,2.74374774e+13,1.684028359e+13,860
2015-06-25,486,271,111,93,183,70.45,2.910243098e+11,1.8731814e+11,2.765886784e+13,1.683722809e+13,855
2015-06-26,361,389,118,97,205,70.45,2.908670688e+11,1.87382516e+11,2.762755937e+13,1.683882805e+13,857
2015-06-29,68,749,51,80,277,68.8,2.822543212e+11,1.86089438e+11,2.69614565e+13,1.683658508e+13,856
2015-06-30,558,205,105,73,370,69.4,2.854671316e+11,1.8622258e+11,2.721481245e+13,1.684299582e+13,858
2015-07-01,596,176,96,81,408,70.05,2.882690766e+11,1.86033937e+11,2.735318919e+13,1.683715213e+13,855
2015-07-02,372,380,116,104,355,70.1,2.892270522e+11,1.87082723e+11,2.738184129e+13,1.684421013e+13,856
2015-07-03,304,451,113,121,355,70.1,2.89895448e+11,1.88111726e+11,2.732510108e+13,1.684311747e+13,858
2015-07-06,133,648,87,106,418,69.3,2.849779388e+11,1.88187544e+11,2.702472196e+13,1.684000109e+13,857
2015-07-07,452,295,121,95,448,69.6,2.83517657e+11,1.87743288e+11,2.701132644e+13,1.685086978e+13,857
2015-07-08,46,770,52,64,548,67.5,2.69313712e+11,1.84787988e+11,2.620061998e+13,1.683488594e+13,859
2015-07-09,229,536,103,54,602,67.1,2.67232962e+11,1.82927475e+11,2.601323694e+13,1.68368628e+13,855
2015-07-13,637,154,78,46,633,68.1,2.704779823e+11,1.81971796e+11,2.63684596e+13,1.683346689e+13,857
2015-07-14,325,416,129,56,625,68.1,2.689453536e+11,1.81451319e+11,2.64048135e+13,1.684203741e+13,861
2015-07-15,300,428,142,73,575,68.25,2.689298752e+11,1.81689852e+11,2.644188418e+13,1.683986726e+13,859
2015-07-16,426,316,128,77,550,68.6,2.695707191e+11,1.81498427e+11,2.640642624e+13,1.684110069e+13,861
2015-07-17,309,440,121,89,535,68.5,2.680517002e+11,1.81155334e+11,2.641398561e+13,1.683397696e+13,857
2015-07-20,213,541,116,92,519,68,2.625936272e+11,1.79686565e+11,2.620362497e+13,1.683815559e+13,857
2015-07-21,259,497,114,85,522,68.65,2.608050652e+11,1.78483475e+11,2.629103832e+13,1.68388848e+13,858
2015-07-22,202,552,116,76,547,67.8,2.578640947e+11,1.7823192e+11,2.604103934e+13,1.683478967e+13,858
2015-07-23,235,537,98,56,577,67.15,2.518399354e+11,1.75852769e+11,2.567056867e+13,1.685392032e+13,860
2015-07-24,243,521,106,45,619,66.75,2.493211698e+11,1.74612548e+11,2.559133424e+13,1.684639756e+13,858
2015-07-27,44,793,33,32,663,65.8,2.32696875e+11,1.68622116e+11,2.498017313e+13,1.684190589e+13,859
2015-07-28,465,325,81,20,692,65.85,2.328921166e+11,1.65463751e+11,2.50618405e+13,1.685224419e+13,860
2015-07-29,345,408,118,19,705,65.4,2.316337931e+11,1.64553279e+11,2.498937379e+13,1.683376011e+13,858
2015-07-30,599,173,99,33,694,66.5,2.329822239e+11,1.63607591e+11,2.524309638e+13,1.682466306e+13,862
2015-07-31,251,517,103,37,664,66.15,2.308645347e+11,1.62962723e+11,2.525240485e+13,1.679622161e+13,857
2015-08-03,134,656,81,36,639,65.25,2.270167778e+11,1.6211241e+11,2.484012522e+13,1.68103232e+13,859
2015-08-04,190,590,91,36,667,65.3,2.17881203e+11,1.5759526e+11,2.47982924e+13,1.678431903e+13,860
2015-08-05,657,140,74,36,669,65.7,2.206761217e+11,1.56423419e+11,2.489047743e+13,1.67896957e+13,862
2015-08-06,219,537,115,42,618,65,2.160091495e+11,1.54879437e+11,2.457501074e+13,1.678572615e+13,858
2015-08-07,480,271,120,44,523,64.7,2.164767851e+11,1.53749158e+11,2.454407921e+13,1.675316593e+13,855
2015-08-10,627,158,86,46,466,64.55,2.204549069e+11,1.53645358e+11,2.462745379e+13,1.675583207e+13,856
2015-08-11,186,597,88,44,423,64.55,2.17478221e+11,1.53587845e+11,2.441197574e+13,1.669738302e+13,860
2015-08-12,281,498,92,46,412,63.45,2.163308013e+11,1.53449724e+11,2.408617734e+13,1.650067124e+13,859
2015-08-13,484,281,106,40,416,63.55,2.176635929e+11,1.53145431e+11,2.415176297e+13,1.642484978e+13,858
2015-08-14,414,364,93,42,374,63.3,2.178430532e+11,1.52893584e+11,2.414165203e+13,1.625158003e+13,859
2015-08-17,201,562,108,45,392,62.9,2.149753573e+11,1.52661784e+11,2.387276834e+13,1.622941029e+13,858
2015-08-18,235,548,88,47,467,62.55,2.136819902e+11,1.52004626e+11,2.37647537e+13,1.623425366e+13,858
2015-08-19,69,761,41,47,588,61.6,2.074885502e+11,1.50284197e+11,2.330457858e+13,1.623622645e+13,858
2015-08-20,502,297,72,37,640,61.4,2.080475846e+11,1.4951945e+11,2.332933547e+13,1.624540465e+13,860
2015-08-21,45,801,25,35,700,59.8,1.973975856e+11,1.45562668e+11,2.262671839e+13,1.624144097e+13,857
2015-08-24,22,826,24,22,747,57.5,1.746770467e+11,1.3252478e+11,2.153920485e+13,1.624145596e+13,864
2015-08-25,576,222,74,11,766,60,1.75750076e+11,1.2778264e+11,2.230488293e+13,1.625155625e+13,861
2015-08-26,602,182,88,9,770,60.35,1.779085656e+11,1.27789806e+11,2.244107629e+13,1.626141471e+13,861
2015-08-27,689,113,70,20,733,60.15,1.802809373e+11,1.27209128e+11,2.275323141e+13,1.625187936e+13,861
2015-08-28,756,70,45,23,631,61.8,1.828230578e+11,1.26159988e+11,2.332636937e+13,1.626362544e+13,861
2015-08-31,495,272,104,43,371,62.3,1.851145978e+11,1.26287458e+11,2.380184932e+13,1.616347312e+13,860
2015-09-01,419,340,112,50,193,61.75,1.859204911e+11,1.26795141e+11,2.335484088e+13,1.618326346e+13,861
2015-09-02,411,334,126,61,136,62.1,1.885180418e+11,1.27368848e+11,2.340793585e+13,1.617600335e+13,860
2015-09-03,661,120,89,67,79,62.15,1.898596176e+11,1.26856693e+11,2.351468756e+13,1.614515294e+13,859
2015-09-04,189,590,90,82,60,61.35,1.875200183e+11,1.27158877e+11,2.324518115e+13,1.614817523e+13,858
2015-09-07,404,344,121,94,91,61.25,1.89203108e+11,1.27649704e+11,2.319509884e+13,1.61464333e+13,855
2015-09-08,478,272,120,99,151,61.45,1.911799364e+11,1.28177635e+11,2.326471264e+13,1.615594241e+13,857
2015-09-09,797,37,36,135,129,64.15,1.93099522e+11,1.25920079e+11,2.410101142e+13,1.616283759e+13,860
2015-09-10,515,254,101,184,81,63.45,1.95373103e+11,1.26969668e+11,2.40454772e+13,1.615934112e+13,855
2015-09-11,444,329,97,230,54,63.5,1.958571236e+11,1.271592e+11,2.415018308e+13,1.616154837e+13,857
2015-09-14,291,466,113,260,56,63.65,1.960221779e+11,1.27316067e+11,2.416663825e+13,1.617990202e+13,860
2015-09-15,257,499,114,284,71,63.15,1.956368479e+11,1.27699363e+11,2.403139825e+13,1.618821403e+13,861
2015-09-16,514,260,96,309,102,63.9,1.965624167e+11,1.27880495e+11,2.424750667e+13,1.618613705e+13,858
2015-09-17,644,136,91,360,89,65,1.97594645e+11,1.2676805e+11,2.45935597e+13,1.621929995e+13,859
2015-09-18,557,208,106,425,63,64.85,1.992892549e+11,1.27387776e+11,2.465913223e+13,1.624421314e+13,856
2015-09-21,132,686,53,435,74,63.45,1.974862285e+11,1.28621052e+11,2.420364446e+13,1.624404507e+13,859
2015-09-22,553,233,85,435,103,63.8,1.994670562e+11,1.28633066e+11,2.437539606e+13,1.624586343e+13,858
2015-09-23,121,693,56,332,166,62.35,1.974524009e+11,1.29944201e+11,2.387366155e+13,1.623662239e+13,859
2015-09-24,168,629,72,282,183,62,1.938180775e+11,1.29779461e+11,2.366052254e+13,1.622530532e+13,855
2015-09-25,448,290,132,211,210,62.25,1.966349509e+11,1.30473971e+11,2.369756241e+13,1.62305057e+13,856
2015-09-30,337,420,113,199,208,62.4,1.97781904e+11,1.30832901e+11,2.384427781e+13,1.624628367e+13,858
2015-10-01,675,128,68,241,192,63.6,2.00608466e+11,1.30744496e+11,2.417819738e+13,1.62325943e+13,858
2015-10-02,419,329,123,310,171,63.25,2.018088627e+11,1.30816367e+11,2.419548458e+13,1.623085246e+13,859
2015-10-05,621,168,83,434,121,63.4,2.062968842e+11,1.32065681e+11,2.434346976e+13,1.624757175e+13,860
2015-10-06,383,385,104,486,96,63.9,2.056560078e+11,1.32075546e+11,2.446361578e+13,1.624289164e+13,860
2015-10-07,568,191,111,541,52,64.85,2.09156446e+11,1.3261715e+11,2.474021768e+13,1.622212716e+13,856
2015-10-08,198,571,102,530,47,64.7,2.06563839e+11,1.33018683e+11,2.466723249e+13,1.627428704e+13,856
2015-10-12,527,262,83,536,45,65.55,2.08098438e+11,1.32918816e+11,2.505043541e+13,1.628425146e+13,861
2015-10-13,486,288,97,511,49,65.3,2.10855146e+11,1.34216813e+11,2.506731551e+13,1.630488908e+13,859
2015-10-14,411,348,112,535,45,65.05,2.121052769e+11,1.3502771e+11,2.49329882e+13,1.630034959e+13,856
2015-10-15,454,287,130,542,40,66,2.126140239e+11,1.35140314e+11,2.516721886e+13,1.631200531e+13,858
2015-10-16,453,323,94,543,39,65.75,2.138513952e+11,1.35404819e+11,2.517770801e+13,1.629554015e+13,859
2015-10-19,449,330,91,546,37,65.95,2.147218724e+11,1.35730032e+11,2.525351293e+13,1.629185971e+13,858
2015-10-20,516,249,105,571,38,65.95,2.17020446e+11,1.36906487e+11,2.530691545e+13,1.629365368e+13,855
2015-10-21,323,450,98,584,31,65.5,2.159229096e+11,1.36819087e+11,2.51852304e+13,1.628678511e+13,855
2015-10-22,384,374,115,579,30,65.5,2.184131898e+11,1.37695284e+11,2.521544209e+13,1.632534556e+13,861
2015-10-23,404,357,112,534,36,65.9,2.177438427e+11,1.37541474e+11,2.54075866e+13,1.631748818e+13,861
2015-10-26,543,220,111,540,39,64.55,2.205388484e+11,1.37376591e+11,2.560545157e+13,1.63279027e+13,858
2015-10-27,287,475,113,548,47,64.2,2.221370338e+11,1.39214181e+11,2.549824702e+13,1.633824195e+13,860
2015-10-28,289,480,105,524,57,63.75,2.218464374e+11,1.3959439e+11,2.538135099e+13,1.633403692e+13,860
2015-10-29,167,627,79,405,74,63.3,2.198356449e+11,1.40387575e+11,2.511080225e+13,1.634224266e+13,862
2015-10-30,344,438,92,326,77,63.2,2.200765558e+11,1.40679165e+11,2.506859978e+13,1.636310736e+13,864
2015-11-02,466,295,113,258,97,63.3,2.224707495e+11,1.40784031e+11,2.524161009e+13,1.63659438e+13,862
2015-11-03,562,214,98,308,85,64.3,2.230427175e+11,1.40423184e+11,2.552416335e+13,1.635568848e+13,863
2015-11-04,613,163,98,419,61,65.55,2.250809654e+11,1.40071934e+11,2.595507143e+13,1.636960642e+13,865
2015-11-05,425,332,116,521,51,65.4,2.274847539e+11,1.39382955e+11,2.591231519e+13,1.634920434e+13,863
2015-11-06,158,650,65,508,57,64.1,2.274519045e+11,1.41755877e+11,2.546586657e+13,1.636656829e+13,861
2015-11-09,157,644,74,376,81,63.65,2.248178051e+11,1.41941643e+11,2.532269912e+13,1.638387287e+13,860
2015-11-10,252,536,88,250,122,62.9,2.251989792e+11,1.4306674e+11,2.502098604e+13,1.641113278e+13,863
2015-11-11,118,685,73,155,162,62.15,2.203746095e+11,1.43653057e+11,2.465388598e+13,1.653946684e+13,860
2015-11-12,352,415,109,104,196,62.25,2.20364772e+11,1.43713171e+11,2.470046762e+13,1.658976343e+13,865
2015-11-13,211,587,79,78,246,61.6,2.190508016e+11,1.4411018e+11,2.442056958e+13,1.664853385e+13,867
2015-11-16,271,534,72,86,287,61.15,2.180617266e+11,1.44061722e+11,2.430051202e+13,1.662689886e+13,862
2015-11-17,661,149,68,103,331,62.35,2.21545167e+11,1.43821489e+11,2.468453371e+13,1.664746835e+13,868
2015-11-18,264,536,78,139,367,61.4,2.220772926e+11,1.45018135e+11,2.446021619e+13,1.663772246e+13,868
2015-11-19,599,185,93,214,358,62.3,2.253568158e+11,1.45363264e+11,2.485697649e+13,1.663907409e+13,866
2015-11-20,347,413,117,231,346,62.3,2.262519802e+11,1.45637236e+11,2.481507518e+13,1.662908853e+13,863
2015-11-23,383,394,100,255,283,62.6,2.270982514e+11,1.45831482e+11,2.486001895e+13,1.662392015e+13,861
2015-11-24,169,612,96,241,297,61.95,2.24012448e+11,1.46207967e+11,2.462305113e+13,1.662301331e+13,864
2015-11-25,214,576,87,214,358,61.95,2.236478967e+11,1.46569332e+11,2.458278419e+13,1.661473727e+13,866
2015-11-26,585,189,103,191,393,62.8,2.25488081e+11,1.46076886e+11,2.486471321e+13,1.662098463e+13,864
2015-11-27,237,536,104,176,411,61.95,2.248395398e+11,1.46670671e+11,2.461109341e+13,1.657075949e+13,863
2015-11-30,170,637,70,158,433,61.2,2.238518982e+11,1.47455925e+11,2.439124773e+13,1.65784161e+13,865
2015-12-01,651,138,89,134,441,62.4,2.273818274e+11,1.4729094e+11,2.48116687e+13,1.658128191e+13,866
2015-12-02,388,375,115,135,423,62.3,2.283693617e+11,1.4745114e+11,2.478446352e+13,1.65750677e+13,863
2015-12-03,373,365,138,170,337,62.4,2.286377453e+11,1.4737159e+11,2.476878341e+13,1.654904541e+13,863
2015-12-04,316,454,106,163,308,61.75,2.307288729e+11,1.48965255e+11,2.459947204e+13,1.65461673e+13,862
2015-12-07,446,314,115,187,279,62.5,2.313844614e+11,1.49036021e+11,2.47562049e+13,1.654260929e+13,860
2015-12-08,166,635,74,195,306,61.5,2.287569356e+11,1.49523648e+11,2.44429895e+13,1.6552757e+13,864
2015-12-09,116,701,58,148,378,60.75,2.224967079e+11,1.48467913e+11,2.410886676e+13,1.655601055e+13,864
2015-12-10,325,470,80,99,468,60.55,2.222009852e+11,1.4837772e+11,2.406251072e+13,1.654477144e+13,861
2015-12-11,144,653,78,64,530,59.85,2.157961045e+11,1.47378807e+11,2.376747258e+13,1.655188108e+13,862
2015-12-14,210,588,77,49,557,59.4,2.132052082e+11,1.46597637e+11,2.352322828e+13,1.652233145e+13,862
2015-12-15,561,217,101,39,568,59.45,2.171816946e+11,1.47034596e+11,2.363994407e+13,1.654097034e+13,866
2015-12-16,592,184,104,49,558,60.35,2.197403956e+11,1.4700632e+11,2.398157212e+13,1.655238708e+13,865
2015-12-17,631,160,88,79,482,61.05,2.226850466e+11,1.46185302e+11,2.440508625e+13,1.65715169e+13,865
2015-12-18,332,445,102,115,360,60.75,2.229377054e+11,1.46392278e+11,2.422084632e+13,1.656664912e+13,864
2015-12-21,491,283,106,152,231,60.65,2.261540939e+11,1.46897766e+11,2.430499414e+13,1.658196863e+13,869
2015-12-22,314,451,116,150,191,60.8,2.252295396e+11,1.46915015e+11,2.440082328e+13,1.658726669e+13,869
2015-12-23,408,360,113,148,166,60.9,2.241163566e+11,1.46338779e+11,2.447114551e+13,1.658239244e+13,868
2015-12-24,304,469,107,145,155,61.2,2.219997688e+11,1.45869695e+11,2.448379108e+13,1.658276358e+13,867
2015-12-25,551,205,124,144,162,61.6,2.237973843e+11,1.45691255e+11,2.460024469e+13,1.658409481e+13,867
2015-12-28,314,460,105,148,210,61.45,2.225957675e+11,1.4568512e+11,2.458693983e+13,1.659203857e+13,868
2015-12-29,241,518,120,177,255,61,2.211000893e+11,1.45544967e+11,2.439555104e+13,1.658257221e+13,867
2015-12-30,374,393,113,158,298,60.55,2.210680665e+11,1.46001766e+11,2.435593611e+13,1.65810989e+13,869
2015-12-31,481,257,142,179,301,60.75,2.216835201e+11,1.45719683e+11,2.455916291e+13,1.659892967e+13,868
2016-01-04,118,713,49,149,328,59.55,2.179536318e+11,1.46187697e+11,2.389228247e+13,1.658966382e+13,865
2016-01-05,222,557,102,133,387,59.05,2.16644921e+11,1.45854961e+11,2.377326465e+13,1.659827039e+13,862
2016-01-06,169,621,92,86,451,58.45,2.114429286e+11,1.44332193e+11,2.354353362e+13,1.659335703e+13,869
2016-01-07,93,744,45,60,509,57.35,2.042151698e+11,1.42389899e+11,2.312953222e+13,1.659947489e+13,868
2016-01-08,654,142,86,53,530,57.45,2.074305644e+11,1.41651703e+11,2.325236558e+13,1.659706016e+13,867
2016-01-11,127,700,55,47,576,56.55,2.02867564e+11,1.41444601e+11,2.294798148e+13,1.659714025e+13,868
2016-01-12,210,584,88,48,597,56.5,1.967239854e+11,1.39426273e+11,2.287967228e+13,1.658311544e+13,869
2016-01-13,497,273,112,43,618,57.15,1.980996555e+11,1.38870398e+11,2.304943542e+13,1.660033324e+13,869
2016-01-14,134,674,74,37,651,56.7,1.939705423e+11,1.37548781e+11,2.27998851e+13,1.660096465e+13,866
2016-01-15,353,408,121,31,652,56.7,1.925600581e+11,1.36781284e+11,2.287288575e+13,1.660005578e+13,866
2016-01-18,692,135,55,33,614,57.1,1.98292301e+11,1.36792835e+11,2.302185906e+13,1.659617409e+13,866
2016-01-19,537,238,107,54,490,57.25,2.017819609e+11,1.3741725e+11,2.315963257e+13,1.660118909e+13,867
2016-01-20,106,720,56,63,371,55.9,1.972233491e+11,1.37991674e+11,2.270796523e+13,1.661054004e+13,870
2016-01-21,287,472,122,64,406,55.8,1.962835855e+11,1.37559281e+11,2.256521428e+13,1.65758203e+13,865
2016-01-22,491,256,134,61,451,56.55,1.976942067e+11,1.37685715e+11,2.285899871e+13,1.659565162e+13,866
2016-01-25,706,89,86,78,365,57.55,1.999121153e+11,1.36720539e+11,2.327010705e+13,1.660150728e+13,866
2016-01-26,232,529,120,87,301,57,1.993346966e+11,1.37041614e+11,2.3075809e+13,1.660128363e+13,863
2016-01-27,345,414,123,108,238,57.25,1.98424737e+11,1.36853106e+11,2.314343515e+13,1.660568914e+13,864
2016-01-28,544,209,129,114,274,57.55,1.994344756e+11,1.36385972e+11,2.331571849e+13,1.659718054e+13,869
2016-01-29,626,178,78,131,215,59,2.013075909e+11,1.35211537e+11,2.38370022e+13,1.661299938e+13,871
2016-02-01,337,435,110,166,113,59.55,2.018556472e+11,1.34836456e+11,2.405695077e+13,1.66111546e+13,871
2016-02-02,369,386,128,188,69,59.35,2.00072607e+11,1.33862527e+11,2.39900517e+13,1.662970262e+13,870
2016-02-03,196,567,120,215,80,58.95,1.962638154e+11,1.32926274e+11,2.378964151e+13,1.661944942e+13,870
2016-02-15,467,347,69,228,117,59,1.975356474e+11,1.33492185e+11,2.379672927e+13,1.668591285e+13,870
2016-02-16,675,137,70,266,124,60.25,2.009267516e+11,1.33239752e+11,2.423012507e+13,1.669690431e+13,871
2016-02-17,380,389,113,314,97,59.95,2.014354293e+11,1.33690502e+11,2.423903739e+13,1.668895687e+13,871
2016-02-18,568,200,114,371,66,60.9,2.034515925e+11,1.33711074e+11,2.45334586e+13,1.668378997e+13,869
2016-02-19,409,345,128,417,72,60.85,2.043627552e+11,1.34214644e+11,2.456067037e+13,1.667756146e+13,867
2016-02-22,425,331,126,453,76,60.8,2.050090043e+11,1.3420301e+11,2.456988624e+13,1.668734355e+13,873
2016-02-23,529,244,109,484,77,60.85,2.067915144e+11,1.35053715e+11,2.459508055e+13,1.66815125e+13,870
2016-02-24,224,577,81,500,80,60.3,2.05864159e+11,1.35394181e+11,2.443605922e+13,1.6686078e+13,868
2016-02-25,502,265,115,513,71,61.1,2.062668405e+11,1.35215237e+11,2.46731075e+13,1.669110233e+13,869
2016-02-26,553,206,123,499,74,61.25,2.073098948e+11,1.35118075e+11,2.481194677e+13,1.671253011e+13,870
2016-03-01,582,206,94,553,64,61.85,2.095908376e+11,1.35386875e+11,2.50261515e+13,1.670885576e+13,870
2016-03-02,518,253,111,607,44,62.35,2.107169004e+11,1.35076002e+11,2.519944114e+13,1.671544348e+13,869
2016-03-03,446,344,92,630,33,62.95,2.10900573e+11,1.35226767e+11,2.539933718e+13,1.671424543e+13,869
2016-03-04,564,214,104,646,20,63.1,2.138293564e+11,1.3548866e+11,2.550075965e+13,1.671673315e+13,871
2016-03-07,446,346,90,642,23,63.1,2.145110676e+11,1.3601274e+11,2.555284149e+13,1.673651295e+13,872
2016-03-08,371,407,104,644,23,63.05,2.166826187e+11,1.37353706e+11,2.556594648e+13,1.672293351e+13,872
2016-03-09,291,500,91,633,28,63.1,2.176060947e+11,1.38181695e+11,2.546327744e+13,1.672748163e+13,865
2016-03-10,431,343,107,585,28,63.25,2.183634336e+11,1.38248994e+11,2.551607033e+13,1.669453898e+13,871
2016-03-11,439,331,111,545,25,63.55,2.19240241e+11,1.38451756e+11,2.56393285e+13,1.671836121e+13,866
2016-03-14,471,301,109,538,28,64,2.224055778e+11,1.38908859e+11,2.577073763e+13,1.67312527e+13,871
2016-03-15,93,742,46,424,32,63.05,2.148011996e+11,1.38745243e+11,2.536900106e+13,1.673967722e+13,872
2016-03-16,683,123,76,361,29,63.6,2.182431142e+11,1.38224005e+11,2.562756426e+13,1.677098874e+13,871
2016-03-17,253,520,110,281,36,64.3,2.157041202e+11,1.37770974e+11,2.573308854e+13,1.679126385e+13,872
2016-03-18,524,264,95,343,37,64.7,2.172430349e+11,1.37882621e+11,2.59680149e+13,1.681291761e+13,870
2016-03-21,427,353,103,347,44,64.6,2.188029607e+11,1.3842407e+11,2.59721657e+13,1.681464472e+13,869
2016-03-22,277,488,119,385,54,64.4,2.17579465e+11,1.39005136e+11,2.590580955e+13,1.682435587e+13,875
2016-03-23,310,484,90,386,64,64.35,2.170204147e+11,1.39705486e+11,2.584275833e+13,1.682090082e+13,873
2016-03-24,257,534,93,354,77,64.35,2.16326576e+11,1.3992529e+11,2.577874099e+13,1.685776059e+13,874
2016-03-25,338,447,99,322,91,64.05,2.153597262e+11,1.39870449e+11,2.566900517e+13,1.68652346e+13,874
2016-03-28,242,540,102,283,116,64.1,2.128908827e+11,1.39615665e+11,2.562719499e+13,1.686709031e+13,873
2016-03-29,118,707,59,209,136,63.65,2.082665156e+11,1.38709263e+11,2.540135191e+13,1.688409299e+13,871
2016-03-30,668,149,67,178,184,64.7,2.028337924e+11,1.38031031e+11,2.436000953e+13,1.589725992e+13,874
2016-03-31,357,414,113,172,204,64.65,2.102624731e+11,1.3804776e+11,2.57814112e+13,1.70167744e+13,873
2016-04-01,337,438,109,209,205,63.9,2.100321222e+11,1.38750445e+11,2.552748819e+13,1.701386077e+13,872
2016-04-06,257,550,77,194,243,62.4,2.102691147e+11,1.39342699e+11,2.510418185e+13,1.701745905e+13,874
2016-04-07,288,488,106,179,279,62.15,2.098578567e+11,1.40050208e+11,2.503516279e+13,1.702677951e+13,872
2016-04-08,429,331,122,181,295,62.75,2.103101944e+11,1.40088051e+11,2.518294621e+13,1.701832122e+13,870
2016-04-11,322,449,111,182,316,63,2.100539982e+11,1.39919565e+11,2.523178362e+13,1.700827733e+13,867
2016-04-12,173,622,88,180,326,62.95,2.053980989e+11,1.39324649e+11,2.516491439e+13,1.702089116e+13,875
2016-04-13,596,180,107,183,338,64.05,2.070389386e+11,1.38277361e+11,2.550866714e+13,1.701020484e+13,870
2016-04-14,479,287,117,174,343,64.25,2.086206988e+11,1.39222394e+11,2.556607633e+13,1.702189119e+13,874
2016-04-15,374,407,102,208,304,64.25,2.081685195e+11,1.39061615e+11,2.565024665e+13,1.701308961e+13,872
2016-04-18,294,464,125,217,295,63.85,2.071066335e+11,1.38782751e+11,2.554968581e+13,1.701012024e+13,869
2016-04-19,359,406,118,219,306,63.6,2.068184079e+11,1.39153903e+11,2.545461397e+13,1.701598973e+13,870
2016-04-20,132,670,81,188,345,62.65,2.04258937e+11,1.38896726e+11,2.511507398e+13,1.701966977e+13,873
2016-04-21,385,383,114,167,390,62.95,2.047385727e+11,1.38449821e+11,2.523799366e+13,1.699795774e+13,869
2016-04-22,189,602,91,139,433,63.2,2.01502584e+11,1.37527965e+11,2.513735927e+13,1.700794559e+13,869
2016-04-25,330,422,130,133,454,63.25,2.016576295e+11,1.37275953e+11,2.521921642e+13,1.700235312e+13,870
2016-04-26,461,307,114,106,466,63.5,2.025437987e+11,1.37086939e+11,2.528853006e+13,1.702218766e+13,871
2016-04-27,267,482,133,109,444,63.4,2.015546768e+11,1.36719669e+11,2.522411404e+13,1.701109551e+13,868
2016-04-28,189,577,116,104,464,62.4,1.997128792e+11,1.36666161e+11,2.496717363e+13,1.701811927e+13,871
2016-04-29,176,624,82,76,499,61.6,1.966251837e+11,1.35811175e+11,2.468676874e+13,1.701546534e+13,870
2016-05-03,193,603,86,56,554,60.75,1.943442726e+11,1.35178639e+11,2.444041872e+13,1.703075334e+13,870
2016-05-04,159,640,82,48,582,60.1,1.919687226e+11,1.3511393e+11,2.411909749e+13,1.702512577e+13,868
2016-05-05,400,377,104,48,593,60.2,1.923007076e+11,1.35040051e+11,2.404854279e+13,1.703047321e+13,865
2016-05-06,313,448,120,52,609,59.7,1.91262672e+11,1.34814479e+11,2.400942973e+13,1.704653511e+13,870
2016-05-09,261,507,114,56,600,59.7,1.890201658e+11,1.3412496e+11,2.396062642e+13,1.706441031e+13,870
2016-05-10,496,293,93,62,589,60,1.899422324e+11,1.33687334e+11,2.403689705e+13,1.709241902e+13,871
2016-05-11,242,534,106,66,562,59.85,1.885430738e+11,1.33384757e+11,2.398216729e+13,1.71862251e+13,871
2016-05-12,184,596,102,64,563,59.8,1.843223676e+11,1.32038234e+11,2.389338307e+13,1.721190901e+13,868
2016-05-13,229,556,97,60,584,59.15,1.786810631e+11,1.31109787e+11,2.341751519e+13,1.699736379e+13,870
2016-05-16,358,421,103,53,606,59.6,1.837614179e+11,1.30835681e+11,2.376512188e+13,1.724305337e+13,867
2016-05-17,597,182,103,62,568,60.05,1.862841527e+11,1.30913084e+11,2.398612033e+13,1.725281238e+13,870
2016-05-18,335,428,120,65,508,59.95,1.86267574e+11,1.30989491e+11,2.404738146e+13,1.725070246e+13,867
2016-05-19,207,553,124,73,447,59.65,1.849940524e+11,1.30682961e+11,2.385726388e+13,1.724577976e+13,869
2016-05-20,485,254,145,76,434,60,1.852658838e+11,1.30128848e+11,2.397165811e+13,1.725368332e+13,869
2016-05-23,758,66,60,87,318,62,1.889024017e+11,1.29097295e+11,2.459686037e+13,1.725125223e+13,874
2016-05-24,324,435,125,99,185,61.35,1.895778483e+11,1.29895531e+11,2.446032916e+13,1.726605838e+13,869
2016-05-25,595,189,100,122,99,62,1.9102178e+11,1.29680221e+11,2.474781239e+13,1.727390628e+13,872
2016-05-26,417,338,128,140,90,62.15,1.90938411e+11,1.30028605e+11,2.431944461e+13,1.703767578e+13,870
2016-05-27,514,257,112,167,73,62.6,1.933955297e+11,1.30123312e+11,2.494118581e+13,1.729021639e+13,869
2016-05-30,531,233,119,196,69,63.15,1.942715698e+11,1.29544032e+11,2.515777899e+13,1.732392753e+13,870
2016-05-31,342,423,119,220,65,63.15,1.949817418e+11,1.29518194e+11,2.515720896e+13,1.731270387e+13,872
2016-06-01,514,249,121,259,69,63.7,1.951605614e+11,1.29240527e+11,2.533628536e+13,1.731746813e+13,871
2016-06-02,214,585,85,281,108,63.7,1.931908732e+11,1.2973362e+11,2.521970385e+13,1.73214322e+13,875
2016-06-03,354,391,139,289,141,63.85,1.930244521e+11,1.29661499e+11,2.530902702e+13,1.732578301e+13,871
2016-06-06,248,514,122,264,210,64.05,1.929109e+11,1.29675393e+11,2.534202944e+13,1.732819169e+13,873
2016-06-07,510,246,128,281,219,64.9,1.926977388e+11,1.2935208e+11,2.558484678e+13,1.731847853e+13,872
2016-06-08,362,380,142,293,219,65.25,1.926964314e+11,1.29457301e+11,2.568745603e+13,1.732280401e+13,873
2016-06-13,109,719,56,247,265,63.75,1.889880056e+11,1.29254617e+11,2.515919535e+13,1.732032937e+13,872
2016-06-14,514,246,124,210,289,64.15,1.904233751e+11,1.29467844e+11,2.524859061e+13,1.731978406e+13,872
2016-06-15,429,301,154,182,298,64.25,1.916541705e+11,1.29999627e+11,2.536567943e+13,1.732820113e+13,877
2016-06-16,186,568,130,192,287,63.35,1.89788932e+11,1.30161036e+11,2.502288862e+13,1.732339353e+13,873
2016-06-17,513,241,130,210,280,64.05,1.90371874e+11,1.29882368e+11,2.52433233e+13,1.732833787e+13,873
2016-06-20,574,184,126,228,263,64.5,1.923100461e+11,1.30080294e+11,2.542535475e+13,1.732399446e+13,875
2016-06-21,461,279,145,315,218,64.75,1.928145234e+11,1.29756315e+11,2.55919189e+13,1.732797599e+13,876
2016-06-22,427,316,142,381,159,64.95,1.939596268e+11,1.30139755e+11,2.568998022e+13,1.73334869e+13,876
2016-06-23,270,455,159,401,129,64.8,1.935240416e+11,1.30423439e+11,2.555766588e+13,1.73178577e+13,873
2016-06-24,46,789,49,303,180,63.1,1.865740932e+11,1.2911272e+11,2.497906284e+13,1.732825982e+13,872
2016-06-27,578,204,102,189,244,63.75,1.895288176e+11,1.29572011e+11,2.49257973e+13,1.732391079e+13,872
2016-06-28,490,251,143,151,268,64,1.920084553e+11,1.30091756e+11,2.506409131e+13,1.73252978e+13,873
2016-06-29,591,173,120,237,216,64.7,1.934173398e+11,1.3007139e+11,2.530727034e+13,1.731223379e+13,873
2016-06-30,515,218,150,304,171,65.45,1.944533053e+11,1.30049765e+11,2.554160552e+13,1.73175748e+13,874
2016-07-01,440,309,134,372,134,66.25,1.943915268e+11,1.30181057e+11,2.575161734e+13,1.732405607e+13,874
2016-07-04,505,255,123,435,111,66.3,1.956549472e+11,1.29851162e+11,2.581984216e+13,1.732405385e+13,873
2016-07-05,379,381,124,464,107,66.1,1.962103312e+11,1.3041438e+11,2.568715631e+13,1.732618e+13,874
2016-07-06,142,654,87,437,125,64.9,1.946785854e+11,1.31059956e+11,2.527774383e+13,1.732387745e+13,873
2016-07-07,458,248,175,397,144,65.7,1.952351761e+11,1.31164646e+11,2.546101797e+13,1.732285436e+13,870
2016-07-11,483,283,115,347,164,67,1.955096499e+11,1.30522761e+11,2.5895146e+13,1.732161042e+13,872
2016-07-12,395,358,128,368,169,67.6,1.950371326e+11,1.30200312e+11,2.605474311e+13,1.731995516e+13,871
2016-07-13,490,257,134,387,158,67.65,1.962718021e+11,1.30218339e+11,2.610255161e+13,1.732482057e+13,872
2016-07-14,460,289,133,381,142,67.7,1.970909074e+11,1.30710058e+11,2.612685606e+13,1.732212566e+13,872
2016-07-15,491,275,116,402,132,68.5,1.979308102e+11,1.30695883e+11,2.636744577e+13,1.731089181e+13,871
2016-07-18,500,244,139,433,109,69.15,1.99187608e+11,1.30541684e+11,2.654524737e+13,1.732303377e+13,873
2016-07-19,421,331,131,453,98,69.25,1.994368309e+11,1.30733497e+11,2.662835013e+13,1.732139674e+13,872
2016-07-20,306,437,141,455,98,69.2,1.987732233e+11,1.3104622e+11,2.656156346e+13,1.732376175e+13,874
2016-07-21,562,189,133,451,87,69.55,1.99723056e+11,1.30745768e+11,2.669219677e+13,1.731596289e+13,873
2016-07-22,315,446,123,454,93,69.3,2.004648732e+11,1.31523483e+11,2.655672897e+13,1.732613981e+13,869
2016-07-25,219,540,125,424,114,69,1.98704153e+11,1.31364344e+11,2.649175754e+13,1.732976189e+13,873
2016-07-26,423,316,145,384,143,69.4,1.9962638e+11,1.31364021e+11,2.659206151e+13,1.731608803e+13,873
2016-07-27,335,408,141,341,168,69.7,1.996483122e+11,1.31532232e+11,2.670630259e+13,1.731602432e+13,873
2016-07-28,335,401,148,324,180,69.05,1.987140063e+11,1.31367925e+11,2.672682806e+13,1.729506388e+13,875
2016-07-29,312,436,136,281,191,68.55,1.991461773e+11,1.32002816e+11,2.646090031e+13,1.728005478e+13,876
2016-08-01,513,225,146,285,200,69.3,1.999253658e+11,1.31855136e+11,2.673929162e+13,1.728215649e+13,874
2016-08-02,405,342,137,304,202,69.3,2.007822053e+11,1.32420445e+11,2.66974079e+13,1.727534411e+13,871
2016-08-03,241,515,127,308,198,68.75,2.01621244e+11,1.33212183e+11,2.646938822e+13,1.725859126e+13,872
2016-08-04,395,334,154,315,196,68.9,2.022978665e+11,1.3367528e+11,2.65277006e+13,1.714387288e+13,872
2016-08-05,462,281,141,328,195,69.6,2.029837998e+11,1.33785462e+11,2.670941048e+13,1.710796516e+13,869
2016-08-08,409,335,140,366,187,70.05,2.04336988e+11,1.34207058e+11,2.688809852e+13,1.710032237e+13,873
2016-08-09,251,528,105,361,187,70.4,2.0220896e+11,1.3398324e+11,2.690911183e+13,1.705933786e+13,873
2016-08-10,361,404,119,333,199,70.6,2.022895506e+11,1.34189859e+11,2.702135345e+13,1.695579912e+13,872
2016-08-11,230,557,97,283,239,69.95,1.998014549e+11,1.33257525e+11,2.68414565e+13,1.686620218e+13,875
2016-08-12,412,337,135,268,247,70.2,1.996746779e+11,1.33235222e+11,2.688600122e+13,1.677884209e+13,875
2016-08-15,380,393,112,251,248,70.35,1.999376152e+11,1.32605362e+11,2.692245248e+13,1.663654081e+13,874
2016-08-16,352,404,129,248,259,69.95,2.004221538e+11,1.333788e+11,2.680848572e+13,1.663916954e+13,871
2016-08-17,426,361,99,261,246,70.05,2.001075936e+11,1.33928456e+11,2.684976029e+13,1.664904427e+13,879
2016-08-18,428,336,122,270,251,69.9,2.018734349e+11,1.34611074e+11,2.686060196e+13,1.665914319e+13,874
2016-08-19,213,581,91,256,255,69.2,1.996587435e+11,1.34299939e+11,2.657295386e+13,1.663897776e+13,875
2016-08-22,190,609,86,217,293,68.7,1.981781407e+11,1.34185251e+11,2.642397705e+13,1.665118193e+13,878
2016-08-23,469,286,130,188,329,69.4,1.994365697e+11,1.34425032e+11,2.655133857e+13,1.664141666e+13,871
2016-08-24,330,412,143,180,351,69.2,1.996238492e+11,1.34789915e+11,2.649508624e+13,1.66406061e+13,873
2016-08-25,529,209,147,204,332,70,2.012927733e+11,1.3494786e+11,2.680361759e+13,1.665261235e+13,874
2016-08-26,400,353,132,219,291,70.1,2.018024216e+11,1.35186322e+11,2.686269524e+13,1.666709701e+13,876
2016-08-29,362,393,128,227,266,70.05,2.017018138e+11,1.35220178e+11,2.678892198e+13,1.666064962e+13,872
2016-08-30,418,325,140,242,252,70,2.022205406e+11,1.35173745e+11,2.679052176e+13,1.665077287e+13,870
2016-08-31,303,471,110,244,259,69.4,2.029914807e+11,1.35955608e+11,2.666943833e+13,1.663104178e+13,872
2016-09-01,266,496,122,235,261,69.05,2.028349225e+11,1.36450263e+11,2.646524939e+13,1.663811122e+13,868
2016-09-02,200,592,92,193,302,69.15,1.977141652e+11,1.35139886e+11,2.631606848e+13,1.664555015e+13,872
2016-09-05,539,219,126,158,343,70.3,1.986245786e+11,1.34461872e+11,2.661604488e+13,1.663477185e+13,867
2016-09-06,515,259,110,159,331,70.85,2.003397954e+11,1.34448975e+11,2.689820918e+13,1.665003254e+13,876
2016-09-07,496,251,137,219,276,71.85,2.006080998e+11,1.34236744e+11,2.712576731e+13,1.665259943e+13,873
2016-09-08,463,276,146,245,210,71.6,2.020691351e+11,1.34881699e+11,2.714341325e+13,1.66560606e+13,870
2016-09-09,291,450,144,255,185,70.4,2.017661701e+11,1.35099961e+11,2.685603698e+13,1.665985496e+13,871
2016-09-12,181,603,102,215,238,68.85,1.978845748e+11,1.35085336e+11,2.621957246e+13,1.66657915e+13,877
2016-09-13,194,589,101,160,343,68.85,1.953831536e+11,1.34028531e+11,2.619146955e+13,1.665806127e+13,871
2016-09-14,341,409,133,117,408,68.45,1.943138568e+11,1.33323968e+11,2.606340044e+13,1.664366675e+13,867
2016-09-19,595,175,111,122,402,71,1.972459941e+11,1.33158872e+11,2.679069561e+13,1.66300523e+13,866
2016-09-20,400,323,159,157,376,70.9,1.98076649e+11,1.33526414e+11,2.681376503e+13,1.662403557e+13,864
2016-09-21,630,148,103,212,285,71.25,1.987392922e+11,1.33113309e+11,2.703135249e+13,1.66422642e+13,871
2016-09-22,301,457,123,240,227,71.4,1.989716557e+11,1.33416994e+11,2.704892497e+13,1.663121822e+13,868
2016-09-23,412,322,146,276,171,71.9,2.003168621e+11,1.33681282e+11,2.721788147e+13,1.664977555e+13,866
2016-09-26,209,569,103,264,188,71,1.976471757e+11,1.33770953e+11,2.695697251e+13,1.664765816e+13,865
2016-09-29,394,340,147,265,174,71.9,1.973531667e+11,1.32931517e+11,2.71768167e+13,1.66447719e+13,866
2016-09-30,230,551,101,247,242,70.95,1.971136188e+11,1.33336369e+11,2.689580581e+13,1.665989908e+13,872
2016-10-03,361,396,125,224,269,71.45,1.979431389e+11,1.33332579e+11,2.708116567e+13,1.666539341e+13,867
2016-10-04,467,277,138,207,297,71.75,1.988591272e+11,1.33430498e+11,2.723428591e+13,1.66657116e+13,867
2016-10-05,328,407,147,220,269,71.5,1.983807086e+11,1.33499741e+11,2.718246612e+13,1.665448479e+13,869
2016-10-06,385,341,155,239,259,71.7,1.990752331e+11,1.33823173e+11,2.72223098e+13,1.666017733e+13,867
2016-10-07,260,512,113,234,256,71.65,1.987737675e+11,1.34467088e+11,2.719285119e+13,1.668557638e+13,872
2016-10-11,128,689,68,170,328,71.45,1.934196112e+11,1.32974483e+11,2.705857662e+13,1.667746474e+13,872
2016-10-12,320,427,138,136,366,72.25,1.924287464e+11,1.32750047e+11,2.706884804e+13,1.665899201e+13,870
2016-10-13,277,492,115,113,393,71.7,1.918701986e+11,1.32642091e+11,2.700548253e+13,1.665208893e+13,871
2016-10-14,116,697,73,99,434,71.45,1.871092765e+11,1.31069001e+11,2.683700514e+13,1.665392972e+13,873
2016-10-17,419,336,131,88,459,71.45,1.881398085e+11,1.30636148e+11,2.688525635e+13,1.666386237e+13,874
2016-10-18,457,297,133,84,476,71.95,1.888880599e+11,1.30720075e+11,2.703012229e+13,1.665944969e+13,870
2016-10-19,478,267,142,109,461,72.35,1.88999745e+11,1.30358169e+11,2.721448201e+13,1.666147593e+13,873
2016-10-20,444,310,132,141,423,72.65,1.903460894e+11,1.30824754e+11,2.732399447e+13,1.666853517e+13,877
2016-10-21,373,379,135,165,344,72.6,1.910340761e+11,1.30896066e+11,2.728953782e+13,1.666673265e+13,879
2016-10-24,397,376,114,186,272,72.7,1.911762852e+11,1.3026165e+11,2.732374794e+13,1.666772938e+13,874
2016-10-25,393,372,122,200,240,73.4,1.917199052e+11,1.30480566e+11,2.749775738e+13,1.665404908e+13,870
2016-10-26,344,407,135,207,223,73,1.917171533e+11,1.30602725e+11,2.743770563e+13,1.666866966e+13,873
2016-10-27,241,541,106,196,235,72.6,1.916196567e+11,1.30950541e+11,2.740810001e+13,1.674383867e+13,874
2016-10-28,239,510,139,182,306,72.6,1.89644078e+11,1.30429633e+11,2.741010598e+13,1.67508355e+13,872
2016-10-31,313,428,148,144,358,72.6,1.894907537e+11,1.30377857e+11,2.736177259e+13,1.675108075e+13,873
2016-11-01,302,445,143,136,408,72.6,1.891896967e+11,1.30357365e+11,2.731382887e+13,1.675977105e+13,870
2016-11-02,83,739,68,92,446,71.75,1.838517783e+11,1.29044433e+11,2.69497752e+13,1.678270991e+13,873
2016-11-03,169,588,132,61,494,71.2,1.803513094e+11,1.27874207e+11,2.675101308e+13,1.681425359e+13,874
2016-11-04,347,385,158,38,533,71,1.804902297e+11,1.27706699e+11,2.676228385e+13,1.682818137e+13,874
2016-11-07,545,210,135,48,538,72,1.818260987e+11,1.27417888e+11,2.711503552e+13,1.683030924e+13,873
2016-11-08,360,396,135,73,522,72.35,1.810725089e+11,1.2686614e+11,2.733641067e+13,1.697151081e+13,877
2016-11-09,37,815,39,69,557,70,1.715036409e+11,1.24753086e+11,2.654003035e+13,1.706401047e+13,879
2016-11-10,825,34,32,79,550,72,1.780717863e+11,1.25040152e+11,2.714703874e+13,1.706860175e+13,879
2016-11-11,202,610,80,84,558,70.05,1.751004241e+11,1.25364776e+11,2.657394398e+13,1.711339793e+13,877
2016-11-14,343,438,111,103,469,70.1,1.761204726e+11,1.25694681e+11,2.652269312e+13,1.704247815e+13,875
2016-11-15,430,335,127,109,458,69.9,1.775001539e+11,1.26349406e+11,2.651783388e+13,1.705145226e+13,883
2016-11-16,449,310,133,121,422,70,1.78510687e+11,1.26474418e+11,2.661262425e+13,1.705120285e+13,881
2016-11-17,323,430,139,135,410,70.2,1.789567142e+11,1.2656559e+11,2.66938574e+13,1.70367687e+13,880
2016-11-18,535,243,114,143,365,70.4,1.808213205e+11,1.26586395e+11,2.672609231e+13,1.70441482e+13,882
2016-11-21,482,294,117,160,292,70.5,1.824726091e+11,1.26527923e+11,2.683208796e+13,1.704675887e+13,881
2016-11-22,480,293,120,176,188,71.45,1.836468161e+11,1.26318387e+11,2.707969812e+13,1.702645273e+13,877
2016-11-23,368,389,137,197,179,71.8,1.846778027e+11,1.26570885e+11,2.722630797e+13,1.704213196e+13,881
2016-11-24,337,447,110,214,163,71.4,1.858300782e+11,1.27356684e+11,2.714256529e+13,1.7041021e+13,880
2016-11-25,392,365,135,218,181,71.35,1.864320527e+11,1.27541344e+11,2.715044853e+13,1.701394769e+13,877
2016-11-28,500,284,108,229,187,71.75,1.87629359e+11,1.27674302e+11,2.735944155e+13,1.703456206e+13,884
2016-11-29,408,349,135,256,175,71.65,1.890279452e+11,1.2810987e+11,2.725370569e+13,1.709284653e+13,875
2016-11-30,446,323,122,280,154,71.7,1.89681411e+11,1.28625259e+11,2.719888495e+13,1.695230858e+13,879
2016-12-01,433,340,118,297,144,72,1.910255134e+11,1.2893714e+11,2.728112072e+13,1.695960175e+13,877
2016-12-02,288,463,141,308,156,71.2,1.910446817e+11,1.29624299e+11,2.704917988e+13,1.695847476e+13,874
2016-12-05,286,507,99,304,178,71.1,1.911311035e+11,1.30065151e+11,2.698064098e+13,1.696087311e+13,878
2016-12-06,482,281,129,295,190,72,1.915430834e+11,1.29807486e+11,2.724397633e+13,1.696206607e+13,881
2016-12-07,468,288,136,286,164,72,1.928648402e+11,1.30040177e+11,2.728660128e+13,1.696826963e+13,881
2016-12-08,496,278,118,339,129,72.9,1.938580138e+11,1.3017537e+11,2.761815569e+13,1.697149558e+13,884
2016-12-09,385,382,127,357,109,73.15,1.946470811e+11,1.30003493e+11,2.766261335e+13,1.697607787e+13,882
2016-12-12,300,484,110,341,107,72.85,1.931406326e+11,1.29910873e+11,2.754395029e+13,1.696943594e+13,881
2016-12-13,416,342,137,314,120,72.95,1.943220964e+11,1.30207611e+11,2.763916144e+13,1.698001185e+13,879
2016-12-14,331,419,145,319,139,73.1,1.949680433e+11,1.30550472e+11,2.759639716e+13,1.69791025e+13,879
2016-12-15,385,369,141,351,145,73,1.962031757e+11,1.31272532e+11,2.756493811e+13,1.697899491e+13,880
2016-12-16,396,376,123,363,133,72.3,1.964406876e+11,1.31763223e+11,2.747779552e+13,1.698305797e+13,882
2016-12-19,172,616,108,315,159,71.85,1.941005927e+11,1.31901311e+11,2.72115019e+13,1.697621128e+13,877
2016-12-20,379,344,173,284,165,71.75,1.951667756e+11,1.3219894e+11,2.723382523e+13,1.697378541e+13,879
2016-12-21,312,436,148,251,173,71.7,1.960157935e+11,1.32594024e+11,2.71226957e+13,1.698135269e+13,882
2016-12-22,151,639,107,223,181,70.8,1.944119574e+11,1.32746527e+11,2.687213373e+13,1.697720542e+13,882
2016-12-23,253,501,144,179,203,70.55,1.941351545e+11,1.3298301e+11,2.676234577e+13,1.698626165e+13,885
2016-12-26,384,360,154,149,222,70.8,1.945444617e+11,1.33032757e+11,2.684762124e+13,1.698214358e+13,883
2016-12-27,319,418,161,149,230,70.75,1.933786696e+11,1.32862193e+11,2.683480661e+13,1.697964963e+13,887
2016-12-28,535,211,152,175,235,71.6,1.953892734e+11,1.3260957e+11,2.712316457e+13,1.698041089e+13,885
2016-12-29,315,433,150,202,219,71.25,1.957037105e+11,1.3299287e+11,2.696218469e+13,1.698019503e+13,884
2016-12-30,611,153,135,288,179,71.8,1.958401138e+11,1.32336087e+11,2.727523305e+13,1.696998277e+13,886
2017-01-03,442,326,130,357,149,71.9,1.968214094e+11,1.32283582e+11,2.733984902e+13,1.698994707e+13,888
2017-01-04,420,321,157,406,98,71.85,1.972688942e+11,1.32114193e+11,2.737572911e+13,1.698869641e+13,884
2017-01-05,548,219,131,425,64,72.5,1.987331072e+11,1.31974422e+11,2.75881025e+13,1.699113385e+13,888
2017-01-06,410,344,144,452,57,72.65,1.996710908e+11,1.32209997e+11,2.762196769e+13,1.698392525e+13,884
2017-01-09,261,530,107,443,61,72.45,1.978606356e+11,1.31922915e+11,2.753565336e+13,1.698364209e+13,883
2017-01-10,339,426,134,429,95,72.4,1.979140089e+11,1.31696694e+11,2.756504565e+13,1.698213569e+13,885
2017-01-11,393,391,115,376,141,72.4,1.976616964e+11,1.3154563e+11,2.754970665e+13,1.698541779e+13,885
2017-01-12,435,324,139,370,141,73.15,1.974785585e+11,1.31173434e+11,2.774643973e+13,1.699231314e+13,888
2017-01-13,307,423,168,362,151,72.6,1.977745488e+11,1.3143303e+11,2.763656849e+13,1.697845206e+13,880
2017-01-16,201,577,121,321,180,72,1.969648978e+11,1.31279971e+11,2.735721287e+13,1.69691184e+13,880
2017-01-17,507,239,154,295,197,72.3,1.979506486e+11,1.3101918e+11,2.757179686e+13,1.698021775e+13,881
2017-01-18,505,259,136,283,188,72.15,1.99604103e+11,1.31203075e+11,2.755524171e+13,1.698754796e+13,889
2017-01-19,316,457,127,316,177,71.95,1.997082625e+11,1.31282427e+11,2.747753328e+13,1.697585489e+13,886
2017-01-20,336,415,149,329,166,72.15,1.988819514e+11,1.30655216e+11,2.751342107e+13,1.6976693e+13,885
2017-01-23,477,282,141,335,173,72.75,1.993694585e+11,1.30092055e+11,2.77916301e+13,1.698449882e+13,890
2017-01-24,432,341,128,345,147,73.3,1.972480024e+11,1.28515578e+11,2.785758632e+13,1.69870969e+13,889
2017-02-02,519,292,89,382,129,72.9,2.011559778e+11,1.29194793e+11,2.781024343e+13,1.697664205e+13,886
2017-02-03,572,224,104,433,94,72.85,2.038344951e+11,1.30447512e+11,2.789231763e+13,1.698591442e+13,888
2017-02-06,610,210,80,498,74,73.25,2.075716622e+11,1.31783242e+11,2.814657011e+13,1.699956224e+13,893
2017-02-07,417,367,116,539,52,73.3,2.069956308e+11,1.32032714e+11,2.817148636e+13,1.698159118e+13,887
2017-02-08,385,411,104,572,45,71.75,2.099395762e+11,1.33316457e+11,2.815712413e+13,1.699174399e+13,890
2017-02-09,390,411,99,576,41,72,2.126269339e+11,1.33703448e+11,2.830212922e+13,1.699419044e+13,892
2017-02-10,382,423,95,573,41,72.8,2.124491039e+11,1.34145421e+11,2.850983146e+13,1.69750451e+13,889
2017-02-13,470,340,90,569,47,72.95,2.133710998e+11,1.34528924e+11,2.864411936e+13,1.698692496e+13,890
2017-02-14,352,421,127,524,53,73.2,2.123792012e+11,1.34450231e+11,2.86480343e+13,1.697770739e+13,887
2017-02-15,620,184,96,529,52,73.9,2.161042159e+11,1.35641232e+11,2.891978335e+13,1.698955848e+13,891
2017-02-16,296,496,108,506,53,73.45,2.170566242e+11,1.36700281e+11,2.882994009e+13,1.710017351e+13,888
2017-02-17,419,363,118,532,54,73.35,2.190125505e+11,1.3738528e+11,2.878869953e+13,1.709380565e+13,890
2017-02-20,314,474,112,502,54,73.1,2.187770563e+11,1.38062662e+11,2.876762227e+13,1.709905434e+13,888
2017-02-21,382,402,116,507,53,73.25,2.195200822e+11,1.38205832e+11,2.881108094e+13,1.709623127e+13,888
2017-02-22,472,303,125,499,53,73.3,2.214865404e+11,1.38592497e+11,2.885469869e+13,1.709602389e+13,892
2017-02-23,278,498,124,482,51,73.1,2.204843468e+11,1.38700065e+11,2.882888055e+13,1.709601127e+13,888
2017-02-24,384,371,146,463,45,73.15,2.220113561e+11,1.39452499e+11,2.878207139e+13,1.713921289e+13,890
2017-03-01,349,442,110,400,50,72.35,2.202574492e+11,1.39837216e+11,2.855156155e+13,1.713492146e+13,888
2017-03-02,344,436,121,382,61,72.55,2.208663204e+11,1.40172578e+11,2.861318548e+13,1.714215529e+13,892
2017-03-03,351,417,133,352,69,72.1,2.201522639e+11,1.40857726e+11,2.847361033e+13,1.714247863e+13,889
2017-03-06,418,355,128,350,80,72.15,2.219333462e+11,1.41187755e+11,2.858173223e+13,1.713234571e+13,890
2017-03-07,492,276,133,356,80,72.45,2.231030235e+11,1.4140977e+11,2.873561779e+13,1.713319812e+13,887
2017-03-08,383,392,126,404,80,72.85,2.237379336e+11,1.41709806e+11,2.877130106e+13,1.714289591e+13,890
2017-03-09,217,592,93,392,87,72.05,2.225127347e+11,1.42200567e+11,2.847286772e+13,1.715446603e+13,887
2017-03-10,215,588,98,318,110,72,2.212989792e+11,1.42012082e+11,2.839838137e+13,1.7173152e+13,888
2017-03-13,463,325,113,271,134,72.5,2.213119564e+11,1.41518524e+11,2.863046366e+13,1.717885824e+13,893
2017-03-14,517,274,111,281,134,73,2.226480751e+11,1.41550109e+11,2.877183071e+13,1.718136915e+13,891
2017-03-15,352,420,130,321,127,72.85,2.232144144e+11,1.42035784e+11,2.876062913e+13,1.721044643e+13,890
2017-03-16,506,284,112,367,131,73.8,2.233617769e+11,1.4170475e+11,2.904839256e+13,1.721632644e+13,892
2017-03-17,583,221,98,426,117,74,2.257953174e+11,1.41878773e+11,2.926292814e+13,1.725268625e+13,895
2017-03-20,365,435,102,479,118,73.95,2.268715402e+11,1.42392504e+11,2.926671183e+13,1.726018057e+13,890
2017-03-21,337,452,113,498,110,74.9,2.262307078e+11,1.42121099e+11,2.944854318e+13,1.726493568e+13,891
2017-03-22,320,478,104,470,124,74.2,2.275456693e+11,1.42965837e+11,2.930226903e+13,1.730113104e+13,892
2017-03-23,433,339,130,427,130,74.35,2.292090868e+11,1.43862494e+11,2.932968926e+13,1.73307674e+13,893
2017-03-24,309,479,115,401,148,74.25,2.285084223e+11,1.44118112e+11,2.925322932e+13,1.738522522e+13,895
2017-03-27,181,644,78,335,184,74.2,2.240415889e+11,1.43199264e+11,2.916267176e+13,1.737432791e+13,891
2017-03-28,241,575,87,245,217,74.25,2.213661644e+11,1.42292282e+11,2.917845664e+13,1.742480979e+13,896
2017-03-29,465,320,118,187,253,74,2.241120421e+11,1.42915333e+11,2.912969905e+13,1.743185383e+13,891
2017-03-30,424,357,122,184,271,73.9,2.257575357e+11,1.43405705e+11,2.910626245e+13,1.742961459e+13,891
2017-03-31,388,381,134,210,285,73.7,2.25561815e+11,1.43442079e+11,2.900371993e+13,1.750033014e+13,895
2017-04-05,503,298,102,253,287,74.65,2.277254061e+11,1.44141006e+11,2.939207034e+13,1.749179076e+13,889
2017-04-06,325,456,122,269,282,74.4,2.272246177e+11,1.44440449e+11,2.921819426e+13,1.747150805e+13,889
2017-04-07,315,460,127,278,266,74.1,2.281274283e+11,1.44535359e+11,2.919251781e+13,1.7503757e+13,892
2017-04-10,324,481,97,252,267,74.2,2.296204272e+11,1.45389608e+11,2.921951411e+13,1.749607616e+13,894
2017-04-11,165,653,84,218,304,73.9,2.251314762e+11,1.44806934e+11,2.905556913e+13,1.748417768e+13,891
2017-04-12,286,529,87,182,350,74.05,2.242577487e+11,1.44344711e+11,2.902765708e+13,1.749831752e+13,895
2017-04-13,383,412,107,150,382,74.4,2.2490369e+11,1.44860723e+11,2.90653994e+13,1.748545058e+13,889
2017-04-14,73,783,45,111,436,73.55,2.180064606e+11,1.42909149e+11,2.875266625e+13,1.748349251e+13,888
2017-04-17,272,522,107,91,474,73.6,2.163984302e+11,1.42517596e+11,2.870145144e+13,1.748023103e+13,887
2017-04-18,639,172,90,79,493,73.6,2.192416457e+11,1.42632833e+11,2.881225469e+13,1.748799158e+13,888
2017-04-19,175,637,89,75,522,72.8,2.177568632e+11,1.43038458e+11,2.836145992e+13,1.738504339e+13,887
2017-04-20,308,462,130,80,536,72.8,2.165870821e+11,1.42680404e+11,2.832696083e+13,1.736802971e+13,889
2017-04-21,579,187,134,89,525,73.5,2.183943174e+11,1.42629978e+11,2.869769057e+13,1.747147385e+13,886
2017-04-24,287,492,121,90,500,73.65,2.174554179e+11,1.4252885e+11,2.869805037e+13,1.746915096e+13,885
2017-04-25,617,192,91,126,419,74.35,2.201339942e+11,1.42293231e+11,2.906977481e+13,1.747973611e+13,890
2017-04-26,531,241,129,154,318,74.55,2.226897774e+11,1.42672178e+11,2.912313515e+13,1.748735663e+13,891
2017-04-27,348,420,133,178,206,74.5,2.23501184e+11,1.4308271e+11,2.91258507e+13,1.74799148e+13,887
2017-04-28,378,381,142,190,171,74.55,2.229383949e+11,1.43242962e+11,2.91588046e+13,1.747969825e+13,888
2017-05-02,390,378,133,183,190,75.2,2.239694687e+11,1.43194755e+11,2.937092389e+13,1.747857278e+13,889
2017-05-03,300,467,134,175,210,75.55,2.217118986e+11,1.42890556e+11,2.94029844e+13,1.74847725e+13,888
2017-05-04,458,293,151,194,232,75.65,2.232704718e+11,1.43381281e+11,2.946513338e+13,1.751420076e+13,889
2017-05-05,205,597,101,189,294,75.15,2.208036583e+11,1.43260869e+11,2.927574563e+13,1.753745762e+13,889
2017-05-08,277,504,122,181,330,75.7,2.172643565e+11,1.4236626e+11,2.937494352e+13,1.754178683e+13,887
2017-05-09,143,684,76,138,432,75.95,2.13942312e+11,1.41322366e+11,2.933279651e+13,1.756116118e+13,889
2017-05-10,594,208,101,123,441,76.25,2.175502933e+11,1.41571983e+11,2.947923684e+13,1.762812142e+13,886
2017-05-11,307,482,114,120,465,76.5,2.169812977e+11,1.4154019e+11,2.959333489e+13,1.765929457e+13,891
2017-05-12,424,367,112,157,430,76.3,2.16685498e+11,1.41121345e+11,2.95630167e+13,1.769290463e+13,894
2017-05-15,448,356,99,169,411,76.5,2.191335672e+11,1.41534272e+11,2.970592088e+13,1.774032089e+13,889
2017-05-16,359,432,112,187,388,76.5,2.185610839e+11,1.41861997e+11,2.967819657e+13,1.77335666e+13,889
2017-05-17,369,407,127,192,369,76.3,2.193757553e+11,1.42368059e+11,2.963600727e+13,1.774019761e+13,890
2017-05-18,254,542,106,193,375,75.9,2.187354764e+11,1.41698057e+11,2.950870834e+13,1.773923087e+13,891
2017-05-19,399,363,140,184,366,75.85,2.193844142e+11,1.41948197e+11,2.945713872e+13,1.773950345e+13,893
2017-05-22,406,363,133,185,366,76.05,2.195657098e+11,1.4177861e+11,2.960105541e+13,1.774045106e+13,891
2017-05-23,429,330,143,211,323,76.35,2.198144196e+11,1.41306183e+11,2.962943847e+13,1.775576724e+13,889
2017-05-24,482,283,137,230,257,76.3,2.211398637e+11,1.41439657e+11,2.974157742e+13,1.775549618e+13,891
2017-05-25,515,268,119,237,209,77,2.221645927e+11,1.40864495e+11,2.992500003e+13,1.775606062e+13,887
2017-05-26,378,389,136,256,163,76.95,2.215451938e+11,1.40835117e+11,2.990711992e+13,1.777468569e+13,891
2017-05-31,306,497,100,266,153,76.5,2.206620498e+11,1.4097167e+11,2.973679101e+13,1.780999963e+13,891
2017-06-01,436,346,121,263,184,76.9,2.228023862e+11,1.41395826e+11,2.987320635e+13,1.780808903e+13,891
2017-06-02,502,259,142,274,174,77.2,2.247558883e+11,1.41562849e+11,3.007294255e+13,1.780836677e+13,894
2017-06-05,479,299,125,338,127,78,2.283979943e+11,1.42400061e+11,3.028926277e+13,1.781036988e+13,891
2017-06-06,339,428,136,374,105,77.95,2.293471049e+11,1.42849487e+11,3.024014739e+13,1.780287598e+13,894
2017-06-07,271,497,135,370,108,77.95,2.284170404e+11,1.42524413e+11,3.024215971e+13,1.780196373e+13,892
2017-06-08,399,373,132,355,119,78.25,2.282042836e+11,1.42458109e+11,3.029458334e+13,1.780297065e+13,892
2017-06-09,259,543,102,327,164,78,2.2790196e+11,1.42504053e+11,3.022431339e+13,1.78110697e+13,895
2017-06-12,297,505,102,289,199,77.15,2.273149445e+11,1.42930663e+11,2.993892769e+13,1.779872748e+13,890
2017-06-13,390,359,155,256,217,77.25,2.276396247e+11,1.4352862e+11,3.000289561e+13,1.780586157e+13,892
2017-06-14,129,698,78,208,255,76.85,2.225169215e+11,1.42439321e+11,2.985039477e+13,1.780963595e+13,894
2017-06-15,416,352,137,169,270,76.9,2.228887235e+11,1.42574346e+11,2.9874355e+13,1.779555904e+13,891
2017-06-16,548,235,122,155,284,77.7,2.254873459e+11,1.42919074e+11,3.009119647e+13,1.779626253e+13,894
2017-06-19,458,326,121,216,265,78.55,2.275274574e+11,1.43237613e+11,3.036352708e+13,1.780128961e+13,891
2017-06-20,309,429,166,264,259,79.45,2.277785361e+11,1.43667951e+11,3.060778816e+13,1.781615303e+13,895
2017-06-21,634,176,94,304,217,79.55,2.307145444e+11,1.44273868e+11,3.068521309e+13,1.782201367e+13,896
2017-06-22,380,396,128,330,162,79.75,2.315412855e+11,1.44006177e+11,3.079941791e+13,1.780818212e+13,891
2017-06-23,277,484,143,363,137,79.7,2.309041885e+11,1.44460504e+11,3.074349253e+13,1.78140357e+13,890
2017-06-26,555,235,115,386,134,81.4,2.32857312e+11,1.44440225e+11,3.116980079e+13,1.781539613e+13,897
2017-06-27,371,391,142,396,147,81.3,2.334314542e+11,1.44879659e+11,3.116398599e+13,1.78202071e+13,896
2017-06-28,264,501,139,399,147,80.55,2.322799856e+11,1.45042443e+11,3.079978583e+13,1.781942145e+13,894
2017-06-29,351,386,167,376,168,80.65,2.317198014e+11,1.45293425e+11,3.089488641e+13,1.782763147e+13,896
2017-06-30,391,375,138,345,183,80.4,2.328797056e+11,1.4587014e+11,3.078725133e+13,1.781814014e+13,891
2017-07-03,421,346,137,342,189,80.45,2.326670388e+11,1.4629994e+11,3.083579864e+13,1.781495396e+13,894
2017-07-04,295,459,150,315,203,80,2.321875251e+11,1.4653018e+11,3.065939628e+13,1.781662212e+13,893
2017-07-05,365,388,151,323,196,80.75,2.33454821e+11,1.4686499e+11,3.083539263e+13,1.782757755e+13,894
2017-07-06,329,407,168,293,206,80.4,2.33549441e+11,1.46396135e+11,3.072803666e+13,1.781964907e+13,894
2017-07-07,203,586,115,270,233,79.95,2.316343393e+11,1.46300719e+11,3.050291642e+13,1.781192472e+13,892
2017-07-10,257,518,129,201,252,80.35,2.294587637e+11,1.45692025e+11,3.048888825e+13,1.781385066e+13,892
2017-07-11,440,325,139,178,288,81.55,2.293257649e+11,1.44809979e+11,3.087419375e+13,1.782282801e+13,896
2017-07-12,450,301,153,206,307,81.55,2.310784595e+11,1.44665381e+11,3.0888342e+13,1.781943483e+13,895
2017-07-13,481,247,176,238,304,82.2,2.309432221e+11,1.45317729e+11,3.098004705e+13,1.781922847e+13,892
2017-07-14,422,333,149,274,293,82.05,2.325986985e+11,1.45481508e+11,3.093976948e+13,1.782803452e+13,893
2017-07-17,373,385,146,289,264,82.2,2.322764888e+11,1.4501162e+11,3.098555031e+13,1.782684449e+13,892
2017-07-18,394,369,141,297,255,82.4,2.341491708e+11,1.45741874e+11,3.106929949e+13,1.783119072e+13,894
2017-07-19,354,405,145,303,251,82.7,2.333339286e+11,1.45086108e+11,3.112867674e+13,1.782427629e+13,894
2017-07-20,370,393,141,285,252,82.65,2.327700593e+11,1.45261606e+11,3.111183427e+13,1.781988707e+13,894
2017-07-21,321,425,158,264,243,82.1,2.328511312e+11,1.45827934e+11,3.091823193e+13,1.781788432e+13,892
2017-07-24,286,473,145,235,278,82.3,2.336769418e+11,1.4619092e+11,3.099026532e+13,1.782095884e+13,889
2017-07-25,394,367,143,205,300,82.45,2.35116672e+11,1.46139006e+11,3.101359024e+13,1.782967014e+13,891
2017-07-26,284,455,165,181,323,82.15,2.343353445e+11,1.46349961e+11,3.089737277e+13,1.783611808e+13,897
2017-07-27,477,252,175,200,325,83,2.360860799e+11,1.46883245e+11,3.050496278e+13,1.769454594e+13,893
2017-07-28,201,542,161,186,337,82.1,2.345376413e+11,1.46778519e+11,3.089234961e+13,1.78046649e+13,890
2017-07-31,347,409,148,195,346,81.35,2.355145053e+11,1.4704637e+11,3.09230025e+13,1.780873672e+13,893
2017-08-01,540,243,121,197,338,81.8,2.380223121e+11,1.47765699e+11,3.093349446e+13,1.780011912e+13,893
2017-08-02,366,385,153,232,307,82.5,2.392675077e+11,1.47830801e+11,3.119082833e+13,1.780132414e+13,894
2017-08-03,316,439,149,236,288,82.2,2.393466111e+11,1.48827264e+11,3.103412036e+13,1.775436294e+13,891
2017-08-04,419,328,157,239,282,82.35,2.420888952e+11,1.49680282e+11,3.114170851e+13,1.772996513e+13,893
2017-08-07,432,343,128,264,282,82.95,2.455610389e+11,1.5071426e+11,3.13016545e+13,1.770229803e+13,894
2017-08-08,289,481,133,271,274,82.9,2.423649721e+11,1.50703491e+11,3.126815165e+13,1.768988433e+13,893
2017-08-09,213,585,105,255,305,82.15,2.397054972e+11,1.5036065e+11,3.095515135e+13,1.75139859e+13,895
2017-08-10,77,758,68,164,389,81.6,2.304049545e+11,1.47902999e+11,3.054176025e+13,1.749819114e+13,891
2017-08-11,415,365,123,102,457,81.25,2.322089869e+11,1.47875311e+11,3.053883208e+13,1.74130416e+13,892
2017-08-14,118,720,65,69,523,80.75,2.240032541e+11,1.46215852e+11,3.024399519e+13,1.729798086e+13,894
2017-08-15,593,200,109,68,522,81.3,2.259720415e+11,1.45874626e+11,3.041974182e+13,1.72496167e+13,891
2017-08-16,494,278,130,73,532,81,2.288379717e+11,1.46670324e+11,3.036727773e+13,1.725700585e+13,893
2017-08-17,666,136,100,120,483,81.65,2.331613612e+11,1.47351552e+11,3.058827202e+13,1.726231262e+13,892
2017-08-18,267,533,103,150,446,81.15,2.333714134e+11,1.4787516e+11,3.050891855e+13,1.727518923e+13,893
2017-08-21,434,346,125,187,380,81.05,2.351131991e+11,1.48442613e+11,3.054172618e+13,1.728762423e+13,896
2017-08-22,493,301,111,203,317,81.85,2.388447805e+11,1.49220025e+11,3.072753367e+13,1.728440816e+13,892
2017-08-23,394,393,118,210,239,81.75,2.40244027e+11,1.49307279e+11,3.076863545e+13,1.728167958e+13,892
2017-08-24,556,210,136,220,192,82.55,2.423609288e+11,1.49474291e+11,3.099158662e+13,1.728115616e+13,893
2017-08-25,452,315,135,243,150,82.7,2.444202916e+11,1.50053568e+11,3.105526644e+13,1.727713617e+13,893
2017-08-28,425,320,157,268,147,82.55,2.478070506e+11,1.51034219e+11,3.117287466e+13,1.730633101e+13,892
2017-08-29,292,466,142,274,167,82.3,2.486600892e+11,1.52436798e+11,3.10903604e+13,1.729620792e+13,891
2017-08-30,539,247,114,281,171,82.7,2.517019501e+11,1.53827491e+11,3.131587367e+13,1.729547717e+13,888
2017-08-31,448,309,143,288,152,82.95,2.539918366e+11,1.55092598e+11,3.135836899e+13,1.730821974e+13,889
2017-09-01,413,362,125,316,135,83,2.573554798e+11,1.56107144e+11,3.140510373e+13,1.732956238e+13,891
2017-09-04,231,579,90,311,166,82.85,2.553328995e+11,1.56230523e+11,3.130818841e+13,1.732675125e+13,886
2017-09-05,555,236,110,305,187,82.95,2.602536738e+11,1.57469872e+11,3.149307424e+13,1.733226273e+13,893
2017-09-06,224,570,107,288,216,82.6,2.587341824e+11,1.57408063e+11,3.129002863e+13,1.733938619e+13,890
2017-09-07,357,409,135,294,226,82.25,2.550481493e+11,1.57560991e+11,3.119483914e+13,1.72682459e+13,887
2017-09-08,572,206,127,286,223,82.7,2.630778637e+11,1.59870544e+11,3.149569802e+13,1.73507728e+13,896
2017-09-11,387,430,88,305,210,82.55,2.624189746e+11,1.61078652e+11,3.138525261e+13,1.734096888e+13,895
2017-09-12,436,349,119,332,190,82.85,2.62571464e+11,1.6214786e+11,3.148314322e+13,1.734574137e+13,894
2017-09-13,319,470,115,326,181,82.3,2.6120938e+11,1.62585711e+11,3.127409148e+13,1.735387099e+13,896
2017-09-14,444,321,136,338,171,82.35,2.636964216e+11,1.63344206e+11,3.130087818e+13,1.732566412e+13,890
2017-09-15,394,407,100,329,155,82.35,2.644449655e+11,1.63599049e+11,3.13915541e+13,1.733861487e+13,889
2017-09-18,380,409,112,360,155,83.15,2.666536521e+11,1.64622171e+11,3.152076593e+13,1.73341105e+13,892
2017-09-19,252,532,116,343,162,82.75,2.636005872e+11,1.64640279e+11,3.13974829e+13,1.733404725e+13,890
2017-09-20,239,563,97,286,197,82.2,2.621140892e+11,1.64934249e+11,3.124451157e+13,1.73481722e+13,891
2017-09-21,514,248,137,243,214,82.7,2.639736106e+11,1.65949624e+11,3.136826679e+13,1.729973592e+13,890
2017-09-22,145,663,90,200,237,81.6,2.600818605e+11,1.6477547e+11,3.10260833e+13,1.734605612e+13,889
2017-09-25,150,695,53,160,270,80.95,2.539071101e+11,1.63837479e+11,3.068596113e+13,1.734316708e+13,890
2017-09-26,222,562,114,107,303,80.3,2.481372848e+11,1.62269468e+11,3.045573316e+13,1.734534516e+13,888
2017-09-27,571,190,138,93,323,80.7,2.524512467e+11,1.62583553e+11,3.066006023e+13,1.733574783e+13,890
2017-09-28,319,457,125,96,334,80.4,2.543283197e+11,1.6345056e+11,3.058364501e+13,1.735142747e+13,893
2017-09-29,327,463,110,118,352,80.65,2.517842151e+11,1.62570387e+11,3.065933526e+13,1.73408824e+13,887
2017-10-02,588,183,131,184,314,81.5,2.593691966e+11,1.63434622e+11,3.108798638e+13,1.735759713e+13,891
2017-10-03,299,488,115,231,276,81.5,2.609032834e+11,1.64134628e+11,3.110089348e+13,1.735871844e+13,892
2017-10-05,543,227,130,311,182,81.85,2.641894906e+11,1.64714573e+11,3.125365149e+13,1.736100524e+13,891
2017-10-06,343,415,145,322,143,82.1,2.645354753e+11,1.6505102e+11,3.13140599e+13,1.73706844e+13,890
2017-10-11,358,443,103,330,122,83.4,2.629494747e+11,1.65338103e+11,3.164519011e+13,1.736940006e+13,894
2017-10-12,415,371,117,318,156,84.2,2.65238893e+11,1.65733989e+11,3.184406165e+13,1.737569813e+13,892
2017-10-13,385,362,156,303,184,84.05,2.665166824e+11,1.66063591e+11,3.187053009e+13,1.737868741e+13,891
2017-10-16,412,365,128,308,174,84.5,2.674051257e+11,1.6676795e+11,3.199952142e+13,1.734005554e+13,891
2017-10-17,220,573,112,312,199,84.3,2.65155476e+11,1.6638801e+11,3.188846292e+13,1.737788051e+13,895
2017-10-18,331,466,108,271,226,84.6,2.629976048e+11,1.65801968e+11,3.188408645e+13,1.737558338e+13,894
2017-10-19,436,338,127,254,248,84.9,2.652662857e+11,1.6551065e+11,3.186366447e+13,1.726100356e+13,887
2017-10-20,319,455,129,255,263,84.55,2.652095728e+11,1.65631191e+11,3.18739509e+13,1.736291937e+13,887
2017-10-23,398,376,130,252,259,84.5,2.662481894e+11,1.66245332e+11,3.192534761e+13,1.737409619e+13,894
2017-10-24,439,324,141,249,239,84.4,2.686964522e+11,1.6655681e+11,3.194473766e+13,1.737392292e+13,893
2017-10-25,363,420,121,264,232,84.35,2.682528475e+11,1.66876292e+11,3.197025949e+13,1.738266205e+13,895
2017-10-26,382,366,156,266,219,84.25,2.699571049e+11,1.66873547e+11,3.191659234e+13,1.735859493e+13,893
2017-10-27,185,604,115,237,242,84.3,2.612837256e+11,1.64919399e+11,3.185490185e+13,1.73792773e+13,894
2017-10-30,293,476,138,210,262,84.95,2.616528223e+11,1.64667398e+11,3.2012664e+13,1.741004041e+13,898
2017-10-31,505,267,135,198,289,85.2,2.667860992e+11,1.66087535e+11,3.210333548e+13,1.739815807e+13,896
2017-11-01,416,343,148,217,292,85.1,2.688719019e+11,1.6676426e+11,3.214290851e+13,1.738779355e+13,896
2017-11-02,385,381,140,246,276,84.8,2.68542401e+11,1.67303816e+11,3.210256336e+13,1.74136251e+13,895
2017-11-03,381,385,140,265,251,84.7,2.689942127e+11,1.67560667e+11,3.214026865e+13,1.741774171e+13,897
2017-11-06,361,414,131,275,248,84.85,2.699034805e+11,1.68150783e+11,3.208236611e+13,1.743151009e+13,893
2017-11-07,369,397,141,289,244,85.3,2.696467e+11,1.67922599e+11,3.225874946e+13,1.746420642e+13,897
2017-11-08,371,400,136,284,238,84.95,2.709552468e+11,1.68552649e+11,3.219250931e+13,1.749348995e+13,897
2017-11-09,214,584,108,257,240,84.4,2.638491918e+11,1.67827633e+11,3.196976781e+13,1.759491141e+13,895
2017-11-10,423,331,152,237,258,84.55,2.653678268e+11,1.68300872e+11,3.192260249e+13,1.767940297e+13,890
2017-11-13,228,584,95,193,312,84.3,2.608070479e+11,1.67924065e+11,3.17930341e+13,1.77597242e+13,894
2017-11-14,291,500,116,191,339,84.15,2.604072113e+11,1.67235513e+11,3.180891493e+13,1.791546809e+13,898
2017-11-15,363,449,95,175,344,83.3,2.608338386e+11,1.67763071e+11,3.164514683e+13,1.793440004e+13,899
2017-11-16,325,439,141,162,356,83.6,2.618445871e+11,1.68011654e+11,3.160277826e+13,1.792048327e+13,893
2017-11-17,432,325,148,190,347,84.35,2.638947895e+11,1.67665702e+11,3.182980328e+13,1.791805583e+13,895
2017-11-20,354,437,115,195,345,84,2.639524048e+11,1.67847142e+11,3.173585173e+13,1.794359831e+13,895
2017-11-21,564,244,98,242,328,84.75,2.690630816e+11,1.6841783e+11,3.209042205e+13,1.793993172e+13,895
2017-11-22,448,348,110,271,292,85.15,2.708587828e+11,1.69259359e+11,3.223553307e+13,1.794888586e+13,900
2017-11-23,454,339,113,309,231,85.2,2.743401691e+11,1.70770283e+11,3.231324298e+13,1.793245417e+13,895
2017-11-24,375,396,136,309,194,85.15,2.757886326e+11,1.72346917e+11,3.232518168e+13,1.794172649e+13,896
2017-11-27,278,503,128,313,182,84.15,2.746367768e+11,1.72836934e+11,3.200868857e+13,1.793498147e+13,893
2017-11-28,346,428,135,290,214,83.6,2.746626487e+11,1.73391589e+11,3.189988004e+13,1.795580462e+13,899
2017-11-29,366,414,129,261,246,83.7,2.762769926e+11,1.74375457e+11,3.191857399e+13,1.801249594e+13,896
2017-11-30,294,519,95,241,287,82.25,2.746607238e+11,1.74570866e+11,3.146666633e+13,1.8017742e+13,899
2017-12-01,261,571,76,220,325,82.6,2.71403736e+11,1.74871221e+11,3.158988759e+13,1.80260259e+13,899
2017-12-04,473,325,110,209,333,82.9,2.730978375e+11,1.75541738e+11,3.173296686e+13,1.802679464e+13,898
2017-12-05,240,569,100,185,346,82.25,2.68074597e+11,1.74359436e+11,3.148696658e+13,1.802522787e+13,897
2017-12-06,146,684,79,162,365,80.85,2.612538471e+11,1.7345155e+11,3.094992816e+13,1.798782598e+13,898
2017-12-07,256,518,135,125,412,80.9,2.583096068e+11,1.72673236e+11,3.080744762e+13,1.796212034e+13,892
2017-12-08,474,315,120,100,448,80.9,2.591788158e+11,1.71622754e+11,3.097319581e+13,1.801590365e+13,897
2017-12-11,597,204,110,113,440,81.5,2.650811417e+11,1.7204497e+11,3.121333402e+13,1.803018656e+13,900
2017-12-12,288,502,121,139,393,80.95,2.632955804e+11,1.72094252e+11,3.109017561e+13,1.797590568e+13,896
2017-12-13,480,303,128,165,332,81,2.642909096e+11,1.7236017e+11,3.121854465e+13,1.803174239e+13,901
2017-12-14,469,308,134,179,308,81.75,2.647745275e+11,1.72558779e+11,3.141370599e+13,1.80267572e+13,899
2017-12-15,310,501,100,203,273,81.1,2.63709377e+11,1.7276372e+11,3.127671071e+13,1.803705419e+13,896
2017-12-18,395,357,159,209,249,81.2,2.638448199e+11,1.72872121e+11,3.133624524e+13,1.803808523e+13,899
2017-12-19,259,526,126,205,260,80.8,2.628953439e+11,1.72726332e+11,3.119898114e+13,1.804160348e+13,897
2017-12-20,537,230,144,225,267,81.05,2.65947575e+11,1.7290142e+11,3.131518182e+13,1.804158233e+13,898
2017-12-21,432,335,144,229,274,81,2.666557629e+11,1.73422246e+11,3.128283859e+13,1.80490546e+13,899
2017-12-22,458,328,125,243,229,81.3,2.670219664e+11,1.73799581e+11,3.141822813e+13,1.804632091e+13,897
2017-12-25,357,439,115,251,208,81.45,2.66775324e+11,1.73923866e+11,3.13937096e+13,1.804605917e+13,899
2017-12-26,151,650,110,231,237,80.65,2.608257286e+11,1.72950215e+11,3.109180869e+13,1.80471958e+13,902
2017-12-27,526,251,134,219,263,80.9,2.621034728e+11,1.72732439e+11,3.128654652e+13,1.805249663e+13,899
2017-12-28,559,202,151,229,259,81.7,2.65319337e+11,1.72933376e+11,3.153460419e+13,1.804527884e+13,903
2017-12-29,576,224,112,292,187,82.15,2.657700848e+11,1.72997211e+11,3.175777658e+13,1.80560897e+13,904
2018-01-02,540,258,114,364,116,82.6,2.69112231e+11,1.73231611e+11,3.196004387e+13,1.805127829e+13,904
2018-01-03,463,331,118,398,90,83.35,2.701407972e+11,1.73292462e+11,3.219934289e+13,1.804345621e+13,900
2018-01-04,455,329,129,439,82,83.5,2.754136328e+11,1.74476811e+11,3.233623729e+13,1.800140725e+13,902
2018-01-05,460,343,110,462,71,83.75,2.766651326e+11,1.74968827e+11,3.246323294e+13,1.80442042e+13,904
2018-01-08,365,459,89,482,78,84.1,2.748194829e+11,1.74872051e+11,3.25723796e+13,1.805086222e+13,904
2018-01-09,327,483,103,481,96,84.15,2.735897983e+11,1.7486132e+11,3.256576599e+13,1.804646849e+13,903
2018-01-10,308,494,111,422,147,83.75,2.712975826e+11,1.74871501e+11,3.231732959e+13,1.805157852e+13,903
2018-01-11,358,439,116,375,179,83.4,2.725051454e+11,1.74679951e+11,3.222244678e+13,1.805080628e+13,902
2018-01-12,594,206,113,356,183,84.1,2.755042925e+11,1.7437132e+11,3.248769008e+13,1.805166149e+13,904
2018-01-15,418,377,118,354,173,84.65,2.773254433e+11,1.74270574e+11,3.269594975e+13,1.805511687e+13,902
2018-01-16,508,271,134,404,143,85,2.810675608e+11,1.74918265e+11,3.27953213e+13,1.804996689e+13,905
2018-01-17,468,343,102,439,126,85.15,2.80803381e+11,1.74899284e+11,3.285460186e+13,1.805584262e+13,907
2018-01-18,277,518,118,441,94,86.3,2.792388556e+11,1.7534535e+11,3.304871258e+13,1.805750189e+13,904
2018-01-19,306,490,117,428,95,87.15,2.78891092e+11,1.75183976e+11,3.326821082e+13,1.805284083e+13,904
2018-01-22,382,431,101,396,104,87.95,2.813966554e+11,1.75448938e+11,3.352191201e+13,1.805933196e+13,904
2018-01-23,263,527,125,367,118,88.3,2.794075774e+11,1.75017923e+11,3.360108665e+13,1.807119891e+13,909
2018-01-24,405,394,116,333,131,87.2,2.820148628e+11,1.75823013e+11,3.329963234e+13,1.806174753e+13,909
2018-01-25,321,478,116,288,142,87.45,2.796431068e+11,1.76626827e+11,3.334123427e+13,1.806501423e+13,909
2018-01-26,357,432,126,285,161,87.5,2.817279016e+11,1.76897579e+11,3.327633446e+13,1.806424082e+13,905
2018-01-29,361,445,109,268,168,85.55,2.830180774e+11,1.77231212e+11,3.350054992e+13,1.805877947e+13,908
2018-01-30,186,647,83,228,191,84.55,2.786655106e+11,1.76629249e+11,3.305035218e+13,1.80402351e+13,903
2018-01-31,349,450,117,193,208,84.65,2.793204738e+11,1.76408119e+11,3.316779017e+13,1.806149581e+13,908
2018-02-01,372,394,150,161,230,85.25,2.788564095e+11,1.76495513e+11,3.330930557e+13,1.804790876e+13,904
2018-02-02,260,499,157,174,253,84.9,2.774734358e+11,1.76131621e+11,3.321834202e+13,1.805662613e+13,903
2018-02-05,125,734,58,142,294,83.6,2.711019181e+11,1.74927087e+11,3.267364414e+13,1.805594787e+13,903
2018-02-06,18,884,15,46,404,79.65,2.439870174e+11,1.67364419e+11,3.108238442e+13,1.806981629e+13,911
2018-02-07,718,135,65,26,487,80.65,2.472811183e+11,1.67440807e+11,3.152711666e+13,1.806569314e+13,910
2018-02-08,358,453,107,16,549,80.6,2.43276191e+11,1.66392565e+11,3.142656129e+13,1.805869241e+13,905
2018-02-09,158,690,69,27,606,79.05,2.358744484e+11,1.62112614e+11,3.099284647e+13,1.807748658e+13,908
2018-02-12,540,275,102,34,659,79.7,2.353598777e+11,1.61086972e+11,3.113499851e+13,1.807287197e+13,908
2018-02-21,849,35,33,48,643,81.5,2.446571222e+11,1.61025281e+11,3.20084044e+13,1.816699542e+13,908
2018-02-22,502,328,88,91,522,81,2.482937747e+11,1.62465536e+11,3.183124312e+13,1.816139241e+13,907
2018-02-23,651,169,98,121,248,82,2.516184434e+11,1.63240924e+11,3.226473879e+13,1.818258901e+13,912
2018-02-26,513,280,125,121,103,82.4,2.539292806e+11,1.64722863e+11,3.236547592e+13,1.81673786e+13,908
2018-02-27,342,463,113,128,43,82.35,2.543814183e+11,1.65285041e+11,3.230958957e+13,1.819886871e+13,909
2018-03-01,429,369,120,166,55,81.75,2.561335052e+11,1.65713703e+11,3.221455301e+13,1.82427185e+13,905
2018-03-02,217,602,99,168,85,81.15,2.552569079e+11,1.66132038e+11,3.196243234e+13,1.825319933e+13,907
2018-03-05,206,612,100,165,192,80.75,2.536004143e+11,1.66920731e+11,3.180479976e+13,1.82521711e+13,908
2018-03-06,532,252,134,163,331,82.15,2.553148163e+11,1.67224054e+11,3.222845927e+13,1.825736529e+13,911
2018-03-07,304,486,128,134,407,81.8,2.539309698e+11,1.66628395e+11,3.211156786e+13,1.825881034e+13,910
2018-03-08,560,228,130,156,369,82.75,2.585049336e+11,1.67929257e+11,3.233741173e+13,1.825824738e+13,908
2018-03-09,439,373,106,175,362,82.85,2.584854621e+11,1.67802736e+11,3.24615431e+13,1.826396183e+13,910
2018-03-12,511,310,97,203,266,84.15,2.589882124e+11,1.67630215e+11,3.287646986e+13,1.826055501e+13,910
2018-03-13,565,243,110,219,206,84.95,2.616214732e+11,1.67965329e+11,3.315760494e+13,1.826566694e+13,912
2018-03-14,362,425,131,234,161,84.3,2.61987324e+11,1.68889851e+11,3.29580304e+13,1.826109996e+13,906
2018-03-15,438,348,132,272,132,84.25,2.658272758e+11,1.70310296e+11,3.289633429e+13,1.828303847e+13,907
2018-03-16,319,497,102,277,142,83.9,2.647515963e+11,1.70385029e+11,3.29409006e+13,1.83262772e+13,909
2018-03-19,404,402,112,283,172,83.85,2.652948563e+11,1.70687032e+11,3.298787375e+13,1.832973594e+13,908
2018-03-20,277,516,125,293,233,83.8,2.660031451e+11,1.71462412e+11,3.287562187e+13,1.83259704e+13,906
2018-03-21,420,346,152,299,259,83.85,2.682255202e+11,1.71881981e+11,3.289721276e+13,1.836068052e+13,910
2018-03-22,237,573,108,276,294,83.55,2.630420367e+11,1.71529806e+11,3.286927624e+13,1.837000291e+13,908
2018-03-23,112,761,46,212,341,82.1,2.569006022e+11,1.69718533e+11,3.234355264e+13,1.842138592e+13,911
2018-03-26,424,391,104,167,380,82.2,2.588126132e+11,1.70705353e+11,3.238639002e+13,1.841555211e+13,907
2018-03-27,637,184,98,175,374,83.4,2.624551365e+11,1.71327867e+11,3.283425084e+13,1.844844648e+13,912
2018-03-28,254,552,113,207,358,82.25,2.607756997e+11,1.7197391e+11,3.246035487e+13,1.845512772e+13,908
2018-03-29,402,389,128,258,327,82.1,2.621358251e+11,1.72933647e+11,3.240305685e+13,1.850609244e+13,908
2018-03-30,446,352,121,258,316,82.85,2.624161928e+11,1.72947639e+11,3.254739742e+13,1.853069031e+13,906
2018-04-02,424,388,107,280,274,82.25,2.653700337e+11,1.7379031e+11,3.253712881e+13,1.862537633e+13,911
2018-04-03,271,537,111,295,258,81.5,2.649628161e+11,1.74123896e+11,3.232784446e+13,1.863626613e+13,907
2018-04-09,402,430,87,312,245,82.2,2.670059185e+11,1.75273381e+11,3.256536924e+13,1.864077969e+13,909
2018-04-10,364,455,101,323,240,82.5,2.664059207e+11,1.75176807e+11,3.269276773e+13,1.865678488e+13,912
2018-04-11,468,344,108,335,229,82.85,2.677159465e+11,1.75033906e+11,3.280551239e+13,1.86437483e+13,907
2018-04-12,391,424,105,337,218,82.5,2.691848031e+11,1.75851632e+11,3.275902849e+13,1.864525379e+13,909
2018-04-13,346,463,111,341,207,82.5,2.699706126e+11,1.75923446e+11,3.280084313e+13,1.866045347e+13,911
2018-04-16,263,564,95,314,239,82.3,2.710308214e+11,1.76896728e+11,3.27987738e+13,1.867618288e+13,914
2018-04-17,122,724,76,243,299,81.4,2.647640026e+11,1.76383186e+11,3.236701185e+13,1.867492736e+13,913
2018-04-18,418,369,133,190,344,81.6,2.65371786e+11,1.76332434e+11,3.19204111e+13,1.839845964e+13,910
2018-04-19,573,229,118,182,368,82.65,2.690064281e+11,1.76915516e+11,3.227850584e+13,1.839610713e+13,909
2018-04-20,316,442,162,206,371,80.75,2.680618885e+11,1.77985863e+11,3.172347993e+13,1.840248562e+13,908
2018-04-23,266,531,123,224,369,79.95,2.65954614e+11,1.7807392e+11,3.146677653e+13,1.839177072e+13,908
2018-04-24,103,749,68,168,423,79.55,2.552878738e+11,1.75730284e+11,3.099393443e+13,1.823869234e+13,906
2018-04-25,389,411,120,146,449,79.3,2.581803921e+11,1.75454038e+11,3.108958573e+13,1.840992679e+13,911
2018-04-26,154,684,82,102,474,79.05,2.491630388e+11,1.73542719e+11,3.0858515e+13,1.840033512e+13,908
2018-04-27,532,257,131,107,496,79.2,2.478526364e+11,1.73307467e+11,3.08466866e+13,1.8369657e+13,907
2018-04-30,614,211,96,115,490,80,2.561941628e+11,1.73478666e+11,3.139642488e+13,1.841135291e+13,910
2018-05-02,398,402,121,154,437,79.4,2.56661131e+11,1.74456872e+11,3.131323968e+13,1.849129582e+13,908
2018-05-03,248,546,127,163,403,78.55,2.547913024e+11,1.74534581e+11,3.09952048e+13,1.853816162e+13,909
2018-05-04,328,458,135,145,402,78.95,2.554152247e+11,1.74861114e+11,3.100411201e+13,1.861267254e+13,904
2018-05-07,433,320,168,140,378,79.5,2.582890734e+11,1.74756324e+11,3.123445412e+13,1.857492035e+13,907
2018-05-08,485,299,137,157,323,80,2.580455953e+11,1.73907568e+11,3.14865898e+13,1.857569289e+13,905
2018-05-09,343,443,136,172,292,80.45,2.589467428e+11,1.74213076e+11,3.156283572e+13,1.86937132e+13,910
2018-05-10,483,308,131,177,250,80.65,2.617386131e+11,1.74714176e+11,3.172546936e+13,1.875020482e+13,909
2018-05-11,389,432,101,171,261,81.6,2.603250719e+11,1.74022906e+11,3.201049902e+13,1.880854677e+13,909
2018-05-14,397,409,116,182,281,82.5,2.645195388e+11,1.74598913e+11,3.229329402e+13,1.889001231e+13,911
2018-05-15,306,520,96,196,321,81.65,2.649125648e+11,1.75441853e+11,3.20490372e+13,1.900662504e+13,908
2018-05-16,403,407,112,216,345,81.75,2.659141985e+11,1.76554268e+11,3.213962635e+13,1.901134398e+13,913
2018-05-17,369,407,146,213,370,81.2,2.661334143e+11,1.77664303e+11,3.195386914e+13,1.901141187e+13,911
2018-05-18,403,387,131,222,368,80.95,2.67794488e+11,1.78509622e+11,3.193227715e+13,1.90015415e+13,910
2018-05-21,584,220,117,240,340,82.05,2.732278729e+11,1.7904446e+11,3.235342475e+13,1.90088645e+13,911
2018-05-22,302,497,122,248,325,81.75,2.662347299e+11,1.79779351e+11,3.19369884e+13,1.898575342e+13,908
2018-05-23,316,473,132,252,298,81.35,2.719578448e+11,1.8005693e+11,3.212171842e+13,1.90130299e+13,910
2018-05-24,488,299,134,246,292,81.55,2.764195598e+11,1.81154782e+11,3.227993351e+13,1.902867332e+13,912
2018-05-25,343,464,114,244,279,81.85,2.772934442e+11,1.81240187e+11,3.227044408e+13,1.901733522e+13,907
2018-05-28,462,344,115,258,251,82.2,2.820538525e+11,1.82311602e+11,3.244139574e+13,1.904661812e+13,913
2018-05-29,336,444,141,254,250,81.85,2.811050992e+11,1.82312467e+11,3.233805228e+13,1.904214977e+13,908
2018-05-30,246,575,100,246,271,80.4,2.809587969e+11,1.8310038e+11,3.194890874e+13,1.908882344e+13,909
2018-05-31,545,275,101,241,262,80.75,2.802553564e+11,1.83677709e+11,3.207735842e+13,1.90716816e+13,909
2018-06-01,526,278,117,271,229,81.35,2.847235957e+11,1.84203965e+11,3.232780018e+13,1.909095678e+13,910
2018-06-04,587,213,121,337,140,82.6,2.898256336e+11,1.84532253e+11,3.280261791e+13,1.909348913e+13,910
2018-06-05,370,442,109,378,108,82.5,2.884900303e+11,1.84319523e+11,3.277850499e+13,1.909457974e+13,911
2018-06-06,580,212,129,423,86,83.3,2.953112486e+11,1.85409488e+11,3.306004864e+13,1.909149907e+13,907
2018-06-07,424,375,121,446,80,83.45,2.98522444e+11,1.86167953e+11,3.321255055e+13,1.909494396e+13,907
2018-06-08,289,507,124,461,79,82.55,2.984794397e+11,1.87675238e+11,3.292650766e+13,1.908664301e+13,906
2018-06-11,376,434,110,455,102,82.65,3.023626243e+11,1.88843359e+11,3.290291468e+13,1.907993901e+13,907
2018-06-12,353,446,121,424,128,82.5,3.02692162e+11,1.89453831e+11,3.291803465e+13,1.909820302e+13,908
2018-06-13,328,470,122,398,153,83,3.026975034e+11,1.90287392e+11,3.300892544e+13,1.910184396e+13,909
2018-06-14,239,563,118,339,176,81.75,3.023043338e+11,1.91365199e+11,3.253042767e+13,1.909400854e+13,905
2018-06-15,396,392,132,294,184,81.95,3.060875774e+11,1.92416485e+11,3.273197027e+13,1.90756047e+13,905
2018-06-19,205,624,92,226,209,80.6,3.007817093e+11,1.92425331e+11,3.223115092e+13,1.910446313e+13,910
2018-06-20,262,550,109,187,220,81.5,2.899165789e+11,1.90869497e+11,3.225282264e+13,1.908242969e+13,912
2018-06-21,467,325,129,169,249,81.25,2.950051125e+11,1.90853241e+11,3.232306044e+13,1.910423197e+13,907
2018-06-22,236,567,118,162,263,81.15,2.910948004e+11,1.91189672e+11,3.220896831e+13,1.910501559e+13,911
2018-06-25,304,499,118,163,280,80.9,2.887188232e+11,1.90913842e+11,3.185617317e+13,1.909540961e+13,910
2018-06-26,265,571,85,137,308,80.7,2.884329458e+11,1.89688622e+11,3.175142322e+13,1.910824692e+13,914
2018-06-27,320,468,133,141,341,80.4,2.872206071e+11,1.89558517e+11,3.160681422e+13,1.90870398e+13,909
2018-06-28,322,462,138,130,379,80.05,2.857213941e+11,1.8879067e+11,3.14972538e+13,1.910922268e+13,915
2018-06-29,618,189,115,143,384,81.45,2.89335745e+11,1.88909897e+11,3.178060542e+13,1.885690703e+13,907
2018-07-02,250,541,131,158,378,81.05,2.908058887e+11,1.88713089e+11,3.183384887e+13,1.908447933e+13,906
2018-07-03,122,715,85,150,412,81.15,2.833794232e+11,1.86881445e+11,3.168269474e+13,1.911439587e+13,913
2018-07-04,357,416,149,121,467,81.4,2.843144214e+11,1.86736916e+11,3.169464598e+13,1.91026357e+13,909
2018-07-05,145,663,114,97,522,80.75,2.770013603e+11,1.85845122e+11,3.1354511e+13,1.909609538e+13,903
2018-07-06,322,490,110,83,544,80.95,2.758509361e+11,1.84165985e+11,3.137545171e+13,1.910808684e+13,914
2018-07-09,570,243,109,88,577,82.25,2.759989684e+11,1.84185524e+11,3.163343727e+13,1.910898792e+13,915
2018-07-10,515,286,122,95,553,82.45,2.785054252e+11,1.83640612e+11,3.173212417e+13,1.90992648e+13,910
2018-07-11,263,525,134,99,484,81.7,2.77067619e+11,1.84069934e+11,3.148685965e+13,1.909171398e+13,905
2018-07-12,549,220,152,102,444,82.65,2.818382829e+11,1.84392385e+11,3.165854152e+13,1.909258346e+13,906
2018-07-13,583,199,139,110,366,83.35,2.850163597e+11,1.84513987e+11,3.204689298e+13,1.909386733e+13,910
2018-07-16,357,418,147,118,275,83,2.839574839e+11,1.85134335e+11,3.189050182e+13,1.908341747e+13,907
2018-07-17,317,436,169,123,253,82.55,2.818766848e+11,1.85109665e+11,3.179554704e+13,1.908176991e+13,910
2018-07-18,502,281,139,129,252,83.05,2.792983656e+11,1.84296357e+11,3.200169576e+13,1.911204284e+13,915
2018-07-19,299,484,138,129,299,83.3,2.798884024e+11,1.84186817e+11,3.19403004e+13,1.907785865e+13,903
2018-07-20,291,480,150,140,329,84.65,2.76283951e+11,1.83580754e+11,3.226105291e+13,1.909975346e+13,908
2018-07-23,292,498,132,126,394,84.55,2.745414624e+11,1.82936717e+11,3.22893411e+13,1.907543853e+13,908
2018-07-24,550,224,148,135,405,84.7,2.788659771e+11,1.83062949e+11,3.243522693e+13,1.910087506e+13,910
2018-07-25,415,347,160,124,429,84.75,2.811937036e+11,1.83845971e+11,3.235750583e+13,1.910904449e+13,910
2018-07-26,505,262,155,144,368,85,2.814718691e+11,1.83661697e+11,3.249766453e+13,1.909404236e+13,907
2018-07-27,475,279,168,152,313,85.7,2.843181527e+11,1.83962739e+11,3.26746022e+13,1.909531269e+13,908
2018-07-30,273,528,122,157,281,85.55,2.7932176e+11,1.84238603e+11,3.256425011e+13,1.908920727e+13,913
2018-07-31,482,289,152,171,284,85.55,2.788757453e+11,1.8368904e+11,3.263475319e+13,1.908963953e+13,913
2018-08-01,504,283,136,179,286,86.15,2.806655407e+11,1.84068986e+11,3.275649055e+13,1.909455972e+13,913
2018-08-02,125,715,83,182,301,84.85,2.745305444e+11,1.83920684e+11,3.22529437e+13,1.909621841e+13,910
2018-08-03,551,241,131,178,326,85.55,2.767451847e+11,1.83954261e+11,3.25114167e+13,1.910945089e+13,912
2018-08-06,480,305,138,186,356,85.7,2.786287798e+11,1.84636139e+11,3.253700789e+13,1.906642009e+13,911
2018-08-07,384,402,137,230,324,85.5,2.786253927e+11,1.84477178e+11,3.234244328e+13,1.89095498e+13,907
2018-08-08,417,358,148,235,296,86.15,2.77274679e+11,1.84093511e+11,3.268832328e+13,1.896900162e+13,908
2018-08-09,292,467,164,236,292,86.15,2.768322208e+11,1.84155262e+11,3.253927764e+13,1.890837529e+13,907
2018-08-10,268,522,133,233,289,85.7,2.709832576e+11,1.82678851e+11,3.24225523e+13,1.886754338e+13,910
2018-08-13,70,807,46,144,389,83.95,2.553536501e+11,1.7795301e+11,3.207447438e+13,1.901143818e+13,911
2018-08-14,562,235,126,116,443,84.55,2.583052065e+11,1.77543169e+11,3.229239708e+13,1.890552508e+13,911
2018-08-15,184,623,118,97,493,83.75,2.52866399e+11,1.76640367e+11,3.195605785e+13,1.888826656e+13,908
2018-08-16,318,465,141,103,498,83.8,2.537616344e+11,1.75887797e+11,3.187206752e+13,1.890333033e+13,911
2018-08-17,420,357,147,100,514,83.65,2.517605121e+11,1.75821691e+11,3.192836676e+13,1.891572427e+13,915
2018-08-20,372,434,118,109,511,83.95,2.492094442e+11,1.74115501e+11,3.195953509e+13,1.890576362e+13,916
2018-08-21,586,213,125,137,494,84.55,2.519681518e+11,1.73298713e+11,3.223156935e+13,1.891822398e+13,918
2018-08-22,389,388,147,163,461,84.65,2.521382125e+11,1.73743231e+11,3.224971978e+13,1.890737555e+13,912
2018-08-23,414,354,156,182,381,85.05,2.508594313e+11,1.7368997e+11,3.241249988e+13,1.890073658e+13,912
2018-08-24,211,575,137,189,344,84.8,2.50344937e+11,1.73520866e+11,3.223325272e+13,1.889181861e+13,906
2018-08-27,577,202,144,188,320,85.55,2.547242855e+11,1.72738962e+11,3.251358991e+13,1.886424182e+13,911
2018-08-28,488,298,137,191,262,86.25,2.554154413e+11,1.72485737e+11,3.280548661e+13,1.892182329e+13,913
2018-08-29,431,332,160,197,205,87.25,2.574186179e+11,1.72558351e+11,3.313242513e+13,1.88968676e+13,913
2018-08-30,347,401,174,198,190,87.55,2.567176872e+11,1.72894598e+11,3.309064698e+13,1.887185334e+13,909
2018-08-31,446,328,148,192,182,86.95,2.57931616e+11,1.72968946e+11,3.301735781e+13,1.8804807e+13,907
2018-09-03,214,593,116,181,239,86.45,2.512125167e+11,1.72710598e+11,3.273045222e+13,1.880228239e+13,907
2018-09-04,515,248,159,197,274,87,2.525880468e+11,1.72583126e+11,3.285137412e+13,1.875709785e+13,908
2018-09-05,213,571,138,177,329,87,2.520184668e+11,1.72808026e+11,3.283009484e+13,1.881919962e+13,910
2018-09-06,235,566,119,165,377,86.5,2.485311508e+11,1.72160666e+11,3.257198472e+13,1.879620021e+13,908
2018-09-07,103,741,76,114,471,86.4,2.379076415e+11,1.68820405e+11,3.234241334e+13,1.880139914e+13,910
2018-09-10,139,716,66,72,542,86,2.261343369e+11,1.64490794e+11,3.200707562e+13,1.882012607e+13,914
2018-09-11,578,237,107,64,579,85.65,2.280498342e+11,1.63505875e+11,3.207876326e+13,1.882111062e+13,910
2018-09-12,293,515,114,64,589,85.55,2.245767602e+11,1.62356537e+11,3.199166992e+13,1.88282017e+13,911
2018-09-13,665,163,90,90,560,84.95,2.235945886e+11,1.61298128e+11,3.194392882e+13,1.878892165e+13,910
2018-09-14,621,175,122,119,515,86.5,2.29497259e+11,1.61277616e+11,3.236789082e+13,1.879416845e+13,907
2018-09-17,298,506,116,142,412,85.85,2.300097678e+11,1.61640346e+11,3.225798283e+13,1.880230252e+13,906
2018-09-18,299,497,120,145,365,85.4,2.260992384e+11,1.61251783e+11,3.20313526e+13,1.875249938e+13,903
2018-09-19,611,182,123,150,304,86.15,2.274885917e+11,1.60583418e+11,3.234734365e+13,1.878999649e+13,909
2018-09-20,222,580,112,153,275,85.9,2.240120309e+11,1.59355798e+11,3.218363592e+13,1.872134452e+13,902
2018-09-21,542,250,123,170,233,86.85,2.2698556e+11,1.58931884e+11,3.259717602e+13,1.872585939e+13,902
2018-09-25,434,342,143,178,253,87.1,2.301338466e+11,1.59553579e+11,3.270933256e+13,1.876664925e+13,905
2018-09-26,355,404,160,188,243,86.9,2.306845725e+11,1.59576011e+11,3.272759553e+13,1.877660488e+13,906
2018-09-27,353,427,138,198,282,87.35,2.283879288e+11,1.59025131e+11,3.278728029e+13,1.866885956e+13,903
2018-09-28,308,487,123,193,314,86.9,2.289150718e+11,1.59040937e+11,3.278537612e+13,1.874483718e+13,911
2018-10-01,558,228,134,204,272,87.35,2.318562259e+11,1.59842826e+11,3.296099118e+13,1.878411321e+13,906
2018-10-02,227,567,126,199,272,86.05,2.297889338e+11,1.60043807e+11,3.25369572e+13,1.87701681e+13,905
2018-10-03,201,597,122,180,293,85.95,2.271621493e+11,1.59088928e+11,3.241895197e+13,1.878566489e+13,908
2018-10-04,183,640,96,141,361,84.9,2.235793894e+11,1.57858214e+11,3.197107727e+13,1.877644093e+13,911
2018-10-05,72,798,49,78,475,83.45,2.120920251e+11,1.53812488e+11,3.135981267e+13,1.877423692e+13,910
2018-10-08,334,474,112,53,518,83,2.112413745e+11,1.53014068e+11,3.121604886e+13,1.880281566e+13,908
2018-10-09,328,494,98,38,550,83.25,2.074658153e+11,1.50958657e+11,3.12624575e+13,1.880894196e+13,911
2018-10-11,13,896,8,18,624,77.4,1.806203886e+11,1.39080617e+11,2.925930986e+13,1.878709188e+13,906
2018-10-12,609,264,45,16,678,80.05,1.833039294e+11,1.36614006e+11,3.000119738e+13,1.880054369e+13,910
2018-10-15,344,503,71,14,709,79.2,1.834368743e+11,1.36240879e+11,2.956898161e+13,1.881155093e+13,907
2018-10-16,514,300,104,18,726,79.3,1.845120323e+11,1.36229066e+11,2.981408425e+13,1.881044211e+13,907
2018-10-17,449,360,110,25,735,79.4,1.843505959e+11,1.35821121e+11,2.981845427e+13,1.882474086e+13,909
2018-10-18,344,459,111,31,719,79.15,1.769350009e+11,1.3192846e+11,2.849128184e+13,1.755042317e+13,902
2018-10-19,246,583,86,33,681,79.3,1.759192477e+11,1.31091994e+11,2.853362665e+13,1.768110327e+13,902
2018-10-22,623,223,72,34,627,79.2,1.783025547e+11,1.30717832e+11,2.871546958e+13,1.768957539e+13,906
2018-10-23,112,737,69,29,593,77.75,1.734324134e+11,1.31030696e+11,2.815779949e+13,1.768735366e+13,903
2018-10-24,287,505,126,27,512,77.4,1.718324903e+11,1.30518865e+11,2.810778666e+13,1.76940713e+13,904
2018-10-25,48,828,40,19,668,75.5,1.615273386e+11,1.26618769e+11,2.740616002e+13,1.769187814e+13,903
2018-10-26,283,528,107,17,718,75.4,1.629307971e+11,1.28298876e+11,2.840556536e+13,1.866629978e+13,908
2018-10-29,361,452,108,12,747,75.75,1.621145615e+11,1.2826328e+11,2.851414375e+13,1.868773499e+13,905
2018-10-30,359,443,119,14,751,75.95,1.603895678e+11,1.2720134e+11,2.856374672e+13,1.871267648e+13,911
2018-10-31,800,59,62,19,707,77.55,1.645528729e+11,1.26597425e+11,2.937453093e+13,1.870592409e+13,908
2018-11-01,647,195,79,28,583,78.4,1.668122223e+11,1.25322663e+11,2.950634482e+13,1.869972422e+13,905
2018-11-02,622,204,95,30,298,78.65,1.678623464e+11,1.24813244e+11,2.969253419e+13,1.870164499e+13,906
2018-11-05,386,406,130,34,169,78.25,1.67921045e+11,1.25002374e+11,2.961099726e+13,1.865450406e+13,905
2018-11-06,314,485,123,34,131,78,1.650640922e+11,1.25479535e+11,2.943005246e+13,1.870948444e+13,903
2018-11-07,716,113,93,43,111,78.4,1.68868019e+11,1.2542345e+11,2.968024211e+13,1.872310108e+13,906
2018-11-08,493,313,116,48,101,78.85,1.670287889e+11,1.24210907e+11,2.975475452e+13,1.874777665e+13,902
2018-11-09,297,522,103,59,96,77.8,1.66791956e+11,1.24526878e+11,2.945144342e+13,1.878183697e+13,909
2018-11-12,391,425,107,74,153,78,1.65473064e+11,1.24591273e+11,2.94412101e+13,1.88293746e+13,907
2018-11-13,321,467,135,84,278,77.1,1.649847426e+11,1.23935723e+11,2.926726338e+13,1.887228356e+13,906
2018-11-14,493,308,122,106,332,77.35,1.658671597e+11,1.24096468e+11,2.92665387e+13,1.915968966e+13,903
2018-11-15,432,364,127,122,344,77.6,1.674577807e+11,1.24486574e+11,2.940567024e+13,1.915616658e+13,908
2018-11-16,497,305,121,144,301,76.95,1.677810782e+11,1.24280621e+11,2.933428958e+13,1.918268621e+13,910
2018-11-19,590,208,126,167,239,76.7,1.693179964e+11,1.23989298e+11,2.941224687e+13,1.917016105e+13,906
2018-11-20,249,547,128,183,235,76,1.688500486e+11,1.24609976e+11,2.909660426e+13,1.911401375e+13,905
2018-11-21,407,384,133,205,226,76,1.703718557e+11,1.24819667e+11,2.911115575e+13,1.916508434e+13,908
2018-11-22,262,540,120,203,251,75.6,1.683740116e+11,1.2509816e+11,2.900954923e+13,1.914900561e+13,906
2018-11-23,214,585,123,198,283,75.35,1.654529532e+11,1.24905978e+11,2.885218273e+13,1.915091987e+13,904
2018-11-26,695,132,95,211,286,76.15,1.68923985e+11,1.24800348e+11,2.921195127e+13,1.915900102e+13,913
2018-11-27,521,280,121,244,267,76.05,1.709833936e+11,1.25510561e+11,2.920557136e+13,1.916021867e+13,906
2018-11-28,671,165,89,361,162,76.9,1.740229158e+11,1.25488527e+11,2.955195566e+13,1.918408105e+13,908
2018-11-29,435,362,127,419,123,77.05,1.74108005e+11,1.25189447e+11,2.955606944e+13,1.921753456e+13,911
2018-11-30,482,335,107,460,90,76.75,1.757303665e+11,1.25598992e+11,2.957510593e+13,1.921961241e+13,915
2018-12-03,779,77,70,516,64,78.8,1.827283524e+11,1.25632511e+11,3.033226523e+13,1.923035684e+13,911
2018-12-04,386,417,122,562,47,78.25,1.815618126e+11,1.26123265e+11,3.014897661e+13,1.923311804e+13,911
2018-12-05,178,671,77,598,40,76.65,1.807545847e+11,1.27197762e+11,2.964039177e+13,1.922918775e+13,911
2018-12-06,57,832,37,497,73,75.1,1.74298394e+11,1.27551662e+11,2.895951776e+13,1.919272982e+13,916
2018-12-07,735,122,69,306,134,75.45,1.766625823e+11,1.28286154e+11,2.918917877e+13,1.921782635e+13,913
2018-12-10,172,667,88,187,158,74.45,1.736232582e+11,1.28275862e+11,2.887953584e+13,1.923651383e+13,911
2018-12-11,525,277,127,213,145,75.05,1.751607502e+11,1.28628074e+11,2.903934126e+13,1.924159561e+13,912
2018-12-12,673,147,110,230,143,76.2,1.797197646e+11,1.29001297e+11,2.938838894e+13,1.923470947e+13,913
2018-12-13,463,339,127,284,125,76.3,1.787332072e+11,1.28232547e+11,2.952809095e+13,1.924760621e+13,913
2018-12-14,251,550,128,332,124,75.35,1.775195853e+11,1.28507471e+11,2.9285666e+13,1.925822022e+13,916
2018-12-17,316,472,141,345,118,75.95,1.774919365e+11,1.28884742e+11,2.932098862e+13,1.923161582e+13,916
2018-12-18,170,655,105,304,158,75.3,1.758469184e+11,1.29101367e+11,2.91348433e+13,1.925371686e+13,916
2018-12-19,351,445,134,275,178,75.9,1.756192352e+11,1.2908027e+11,2.932668647e+13,1.925098778e+13,917
2018-12-20,156,685,89,195,222,75.05,1.721438162e+11,1.2863285e+11,2.900335981e+13,1.924862278e+13,915
2018-12-21,442,367,119,159,251,75.2,1.723899854e+11,1.28537651e+11,2.897067627e+13,1.923225589e+13,911
2018-12-24,472,312,146,146,281,74.7,1.728628421e+11,1.28021176e+11,2.886593584e+13,1.923823941e+13,914
2018-12-25,120,736,74,136,310,73.75,1.710720311e+11,1.27358796e+11,2.855443906e+13,1.925034561e+13,914
2018-12-26,243,538,149,127,341,73.55,1.68933907e+11,1.27307407e+11,2.840878249e+13,1.923772683e+13,918
2018-12-27,694,121,115,117,385,75.05,1.706841709e+11,1.26705283e+11,2.890814546e+13,1.925417994e+13,918
2018-12-28,459,332,139,140,356,75.5,1.70746937e+11,1.26372734e+11,2.91582427e+13,1.925029826e+13,919
2019-01-02,282,530,120,191,314,74.05,1.709891724e+11,1.2734314e+11,2.863905672e+13,1.925267432e+13,918
2019-01-03,303,488,141,180,331,73.35,1.687784442e+11,1.27018341e+11,2.84663249e+13,1.924696701e+13,919
2019-01-04,241,573,118,155,373,72.2,1.659256469e+11,1.26154638e+11,2.811156616e+13,1.925542917e+13,918
2019-01-07,736,93,103,167,350,73.95,1.69301409e+11,1.26066869e+11,2.870526541e+13,1.923862262e+13,912
2019-01-08,355,437,140,181,323,73.65,1.703649396e+11,1.260383e+11,2.868559306e+13,1.925268074e+13,922
2019-01-09,670,162,100,237,184,75,1.709911846e+11,1.24940383e+11,2.919095884e+13,1.925679547e+13,922
2019-01-10,338,456,138,251,173,74.8,1.72316807e+11,1.25281153e+11,2.915420728e+13,1.926486334e+13,923
2019-01-11,307,488,137,253,157,75.5,1.710667279e+11,1.24525973e+11,2.927200526e+13,1.925257591e+13,922
2019-01-14,257,531,145,244,208,75,1.70955346e+11,1.24995301e+11,2.911962984e+13,1.925781732e+13,923
2019-01-15,555,273,105,232,230,75.65,1.727635236e+11,1.24530658e+11,2.941077689e+13,1.92509632e+13,923
2019-01-16,405,405,123,226,241,75.55,1.732799242e+11,1.24322679e+11,2.928721226e+13,1.925765552e+13,926
2019-01-17,422,392,120,248,223,75.55,1.722063424e+11,1.24008718e+11,2.936782524e+13,1.926726043e+13,925
2019-01-18,593,214,127,253,217,75.95,1.727857138e+11,1.2309081e+11,2.948866877e+13,1.925125211e+13,921
2019-01-21,463,311,160,284,174,76.5,1.725058746e+11,1.22724174e+11,2.963549027e+13,1.926136048e+13,922
2019-01-22,292,513,129,295,158,74.05,1.712621294e+11,1.22647304e+11,2.96458999e+13,1.92353724e+13,914
2019-01-23,426,359,149,306,159,73.7,1.715549202e+11,1.22237884e+11,2.950683008e+13,1.924276146e+13,919
2019-01-24,446,325,162,294,175,74.05,1.723474496e+11,1.22231661e+11,2.956568964e+13,1.923101526e+13,916
2019-01-25,517,257,159,335,152,75,1.719226905e+11,1.20976403e+11,2.982035337e+13,1.921455587e+13,917
2019-01-28,458,291,184,373,129,75.15,1.730314248e+11,1.20573578e+11,2.9975158e+13,1.922671961e+13,919
2019-01-29,286,503,144,385,129,74.5,1.708229193e+11,1.20037871e+11,2.97252724e+13,1.922337026e+13,916
2019-01-30,451,321,161,381,137,74.35,1.689685903e+11,1.18039417e+11,2.973453374e+13,1.923301388e+13,922
2019-02-11,534,284,115,401,138,75.15,1.708321552e+11,1.17994811e+11,2.99517917e+13,1.923374755e+13,922
2019-02-12,583,224,126,456,117,75.65,1.73884162e+11,1.19075643e+11,3.020857637e+13,1.920313619e+13,917
2019-02-13,466,336,131,498,90,75.5,1.776402772e+11,1.19846698e+11,3.020534553e+13,1.92185633e+13,918
2019-02-14,490,325,118,536,73,75.25,1.787867468e+11,1.19917061e+11,3.021460438e+13,1.923493342e+13,921
2019-02-15,302,495,135,529,70,75.05,1.770835892e+11,1.20189658e+11,3.011061311e+13,1.92034722e+13,917
2019-02-18,557,250,125,547,73,75.65,1.794900748e+11,1.2057148e+11,3.038717171e+13,1.922377674e+13,923
2019-02-19,505,288,139,535,79,75.5,1.808367506e+11,1.20720422e+11,3.037750723e+13,1.92143418e+13,919
2019-02-20,599,228,105,584,70,76.35,1.826119163e+11,1.21171342e+11,3.076920007e+13,1.922274048e+13,923
2019-02-21,391,416,125,613,54,77.1,1.844971571e+11,1.21576261e+11,3.088441606e+13,1.921706638e+13,917
2019-02-22,345,445,142,604,55,76.95,1.837844535e+11,1.21952954e+11,3.08927852e+13,1.93197169e+13,916
2019-02-25,532,270,131,588,55,77.5,1.861033683e+11,1.21248857e+11,3.111011369e+13,1.934435941e+13,924
2019-02-26,346,450,137,580,54,77.7,1.84291846e+11,1.21157778e+11,3.10932496e+13,1.93276059e+13,919
2019-02-27,388,419,126,560,48,77.65,1.833647991e+11,1.21259651e+11,3.111975294e+13,1.936793041e+13,924
2019-03-04,472,356,105,527,45,76.95,1.865246675e+11,1.22488179e+11,3.099334136e+13,1.933218359e+13,920
2019-03-05,296,496,141,492,53,76.75,1.866716514e+11,1.23914923e+11,3.084851762e+13,1.931795195e+13,920
2019-03-06,478,326,129,476,62,76.95,1.87828273e+11,1.24083722e+11,3.101786952e+13,1.933221661e+13,922
2019-03-07,186,640,108,413,71,76.65,1.843622629e+11,1.23356125e+11,3.090390746e+13,1.934803425e+13,922
2019-03-08,387,418,129,367,81,76,1.848539928e+11,1.23601778e+11,3.069257057e+13,1.934039783e+13,923
2019-03-11,460,355,119,347,85,76.15,1.870074997e+11,1.24643124e+11,3.071587999e+13,1.934185376e+13,923
2019-03-12,494,306,134,373,90,77.25,1.880000561e+11,1.24970016e+11,3.099949544e+13,1.934867187e+13,924
2019-03-13,381,406,147,406,92,77.1,1.888200032e+11,1.25528977e+11,3.106590231e+13,1.933822935e+13,920
2019-03-14,363,424,147,436,96,77.05,1.898669361e+11,1.25814296e+11,3.100076747e+13,1.934363963e+13,921
2019-03-15,494,335,106,439,103,77.6,1.925160174e+11,1.26437104e+11,3.128065765e+13,1.932977823e+13,923
2019-03-18,501,329,105,477,107,78.1,1.942974874e+11,1.26556329e+11,3.151836507e+13,1.933370781e+13,925
2019-03-19,358,447,130,498,99,78.4,1.946076233e+11,1.26759362e+11,3.14973299e+13,1.932947839e+13,922
2019-03-20,513,296,126,516,87,78.5,1.958698072e+11,1.27464001e+11,3.164007255e+13,1.935253136e+13,926
2019-03-21,397,415,124,512,92,79.15,1.973214676e+11,1.28007132e+11,3.181268964e+13,1.934466632e+13,928
2019-03-22,373,442,121,512,95,79.35,1.961310955e+11,1.2825396e+11,3.187182875e+13,1.932726622e+13,926
2019-03-25,166,693,77,427,103,78.15,1.920336081e+11,1.27728328e+11,3.139218048e+13,1.934069793e+13,921
2019-03-26,543,262,131,364,131,78.65,1.931497777e+11,1.28200743e+11,3.162647131e+13,1.93332526e+13,922
2019-03-27,415,376,146,333,146,78.5,1.907019761e+11,1.28258664e+11,3.158507744e+13,1.929855839e+13,920
2019-03-28,322,483,132,348,146,78.5,1.930283807e+11,1.27979459e+11,3.161270982e+13,1.9342512e+13,925
2019-03-29,504,306,127,353,153,79.15,1.95442045e+11,1.27909569e+11,3.196315661e+13,1.935439144e+13,926
2019-04-01,374,447,116,366,162,79.85,1.952122489e+11,1.27418554e+11,3.194865528e+13,1.923539406e+13,928
2019-04-02,453,359,126,372,167,80.15,1.971127818e+11,1.27734751e+11,3.21313552e+13,1.92987879e+13,930
2019-04-03,473,333,132,394,188,80.15,1.989679705e+11,1.2778782e+11,3.217917806e+13,1.930665478e+13,930
2019-04-08,512,294,130,427,151,80.9,2.010741741e+11,1.28076914e+11,3.244283622e+13,1.929364531e+13,925
2019-04-09,446,356,134,453,131,81.4,2.025582365e+11,1.27567575e+11,3.260958714e+13,1.930158377e+13,927
2019-04-10,413,398,125,457,118,81.5,2.043142153e+11,1.28343405e+11,3.264284139e+13,1.928902965e+13,926
2019-04-11,242,588,106,427,133,81.15,2.025250141e+11,1.29030084e+11,3.247919605e+13,1.929070225e+13,929
2019-04-12,261,534,141,358,163,81.1,1.99997459e+11,1.28860121e+11,3.244626711e+13,1.929299714e+13,926
2019-04-15,519,282,135,318,191,81.85,2.03408412e+11,1.29445534e+11,3.26533911e+13,1.929107271e+13,923
2019-04-16,381,410,145,317,195,82.1,2.04972041e+11,1.29466633e+11,3.281913776e+13,1.928852118e+13,926
2019-04-17,534,283,120,367,179,82.75,2.071481447e+11,1.30416761e+11,3.30508259e+13,1.930562739e+13,928
2019-04-18,117,766,54,331,197,82.7,2.027616808e+11,1.30100581e+11,3.294337603e+13,1.930064034e+13,929
2019-04-19,550,268,119,296,207,82.8,2.048838777e+11,1.30674861e+11,3.296501916e+13,1.930206447e+13,929
2019-04-22,487,320,130,266,241,82.7,2.063537148e+11,1.31980219e+11,3.302152884e+13,1.931156225e+13,928
2019-04-23,342,470,125,296,231,83.05,2.056789662e+11,1.31904575e+11,3.312598629e+13,1.930315854e+13,928
2019-04-24,339,452,146,306,218,83.2,2.053235618e+11,1.32503286e+11,3.312314981e+13,1.92980736e+13,926
2019-04-25,403,370,164,305,220,83.4,2.061516362e+11,1.32786844e+11,3.313864544e+13,1.928728802e+13,926
2019-04-26,184,629,124,269,243,82.45,2.022811939e+11,1.32316669e+11,3.290682533e+13,1.930759163e+13,927
2019-04-29,239,592,106,229,278,82.8,1.972072697e+11,1.3101385e+11,3.284541936e+13,1.930309552e+13,926
2019-04-30,554,263,120,196,303,82.8,1.993796428e+11,1.31269926e+11,3.292631056e+13,1.930688811e+13,926
2019-05-02,537,273,126,215,299,83,2.01056543e+11,1.31702982e+11,3.305406262e+13,1.932896346e+13,924
2019-05-03,500,304,132,257,264,83.75,2.037407013e+11,1.32380355e+11,3.33210621e+13,1.934501698e+13,924
2019-05-06,91,791,54,235,290,82.3,1.959380618e+11,1.30544088e+11,3.272786274e+13,1.937311568e+13,926
2019-05-07,595,207,134,205,318,83.15,1.971793232e+11,1.30428483e+11,3.299423339e+13,1.941061803e+13,926
2019-05-08,283,545,108,162,369,82.55,1.958890807e+11,1.30057325e+11,3.282569633e+13,1.944105558e+13,929
2019-05-09,116,760,60,144,411,81.55,1.891877777e+11,1.28994871e+11,3.224991258e+13,1.947417126e+13,926
2019-05-10,286,525,125,123,446,81.5,1.867695844e+11,1.27689677e+11,3.216084284e+13,1.950423327e+13,923
2019-05-13,183,670,82,95,504,80.15,1.80867842e+11,1.26445334e+11,3.17358574e+13,1.957935679e+13,927
2019-05-14,447,375,113,92,532,79.65,1.815687973e+11,1.25360107e+11,3.159664129e+13,1.96534761e+13,922
2019-05-15,597,240,98,111,525,79.75,1.839233958e+11,1.25546207e+11,3.173716238e+13,1.996877877e+13,924
2019-05-16,220,607,108,118,535,79.05,1.808932318e+11,1.25519463e+11,3.146613874e+13,1.994941666e+13,920
2019-05-17,215,593,127,131,539,78.25,1.7790833e+11,1.2536416e+11,3.120670698e+13,1.995750182e+13,925
2019-05-20,372,444,119,125,564,78.2,1.765990029e+11,1.24751657e+11,3.125050964e+13,1.995063224e+13,926
2019-05-21,709,149,77,143,531,78.4,1.797500644e+11,1.24666739e+11,3.145781725e+13,1.995283728e+13,924
2019-05-22,375,427,133,157,464,78.4,1.790404462e+11,1.24851732e+11,3.142508832e+13,1.995340349e+13,924
2019-05-23,185,645,105,157,431,76.95,1.753265064e+11,1.24641311e+11,3.095726766e+13,1.995893657e+13,919
2019-05-24,464,339,133,153,430,77.35,1.756407614e+11,1.24607938e+11,3.104301346e+13,1.995331404e+13,924
2019-05-27,510,305,121,169,441,77.15,1.754277529e+11,1.24510546e+11,3.10699762e+13,1.996000494e+13,921
2019-05-28,444,379,113,185,391,77.1,1.765107227e+11,1.24189163e+11,3.102481405e+13,2.001900492e+13,926
2019-05-29,353,456,127,188,351,76.75,1.770261577e+11,1.24352051e+11,3.098644224e+13,2.002681025e+13,923
2019-05-30,595,217,124,193,307,77.4,1.792331637e+11,1.2497086e+11,3.122937254e+13,2.028313926e+13,923
2019-05-31,588,216,132,204,239,78.45,1.805077701e+11,1.24168776e+11,3.157419424e+13,2.029614775e+13,927
2019-06-03,273,558,105,211,184,78.55,1.79605616e+11,1.24516719e+11,3.156808651e+13,2.028146915e+13,918
2019-06-04,290,482,164,196,188,78.05,1.786955406e+11,1.24624211e+11,3.135112094e+13,2.025635599e+13,917
2019-06-05,426,353,157,193,245,78.3,1.796686659e+11,1.24750138e+11,3.147942765e+13,2.028603907e+13,924
2019-06-06,258,547,131,173,307,77.7,1.770562807e+11,1.24629559e+11,3.129718818e+13,2.028297893e+13,925
2019-06-10,569,238,129,169,294,79.05,1.800554749e+11,1.23970914e+11,3.178026233e+13,2.027923118e+13,921
2019-06-11,428,386,122,161,287,79.4,1.806449918e+11,1.23226975e+11,3.191510026e+13,2.02987753e+13,924
2019-06-12,357,408,171,163,246,79.7,1.81301299e+11,1.23556399e+11,3.192432139e+13,2.027238759e+13,921
2019-06-13,352,432,152,148,252,79.05,1.816894167e+11,1.2408278e+11,3.177467369e+13,2.029712696e+13,923
2019-06-14,388,391,157,150,256,78.9,1.8159552e+11,1.23951396e+11,3.166786965e+13,2.02989771e+13,925
2019-06-17,484,319,133,175,251,78.7,1.82400002e+11,1.24079252e+11,3.169189033e+13,2.028238589e+13,923
2019-06-18,325,452,159,194,254,78.9,1.812296961e+11,1.23767752e+11,3.178888538e+13,2.029717691e+13,919
2019-06-19,735,108,93,242,208,80.75,1.829354462e+11,1.22504469e+11,3.243975579e+13,2.031067015e+13,929
2019-06-20,555,246,135,286,152,80.85,1.849410784e+11,1.22189072e+11,3.248655204e+13,2.031082768e+13,927
2019-06-21,411,401,123,339,102,80.85,1.838716138e+11,1.22165289e+11,3.254055639e+13,2.03103869e+13,927
2019-06-24,572,221,142,382,96,81.2,1.85545612e+11,1.22376185e+11,3.246978878e+13,2.031846967e+13,929
2019-06-25,177,606,152,393,108,80.75,1.834107643e+11,1.22692176e+11,3.224185301e+13,2.029897601e+13,923
2019-06-26,372,384,178,411,126,80.35,1.845376497e+11,1.23032151e+11,3.207799222e+13,2.031738199e+13,918
2019-06-27,541,233,160,403,148,81.5,1.854609206e+11,1.22526188e+11,3.24617122e+13,2.032055141e+13,927
2019-06-28,297,470,167,408,159,80.9,1.847495256e+11,1.2283455e+11,3.230122672e+13,2.029495827e+13,917
2019-07-01,599,175,161,444,139,82.65,1.877422595e+11,1.21849745e+11,3.281050561e+13,2.032211173e+13,924
2019-07-02,481,309,145,452,127,82.45,1.888969236e+11,1.22489101e+11,3.272858406e+13,2.031964445e+13,926
2019-07-03,301,471,163,459,114,81.5,1.884456862e+11,1.23194236e+11,3.23658385e+13,2.032054353e+13,924
2019-07-04,567,207,161,462,110,82,1.906299368e+11,1.24285598e+11,3.244259088e+13,2.031168484e+13,922
2019-07-05,498,270,167,462,100,81.9,1.917525887e+11,1.24489784e+11,3.248558382e+13,2.030941457e+13,926
2019-07-08,280,492,163,486,108,81.6,1.914271957e+11,1.2522676e+11,3.236641469e+13,2.030745516e+13,923
2019-07-09,326,456,153,453,124,81.5,1.901534149e+11,1.25494017e+11,3.220544969e+13,2.030699085e+13,919
2019-07-10,497,303,135,418,134,82.2,1.919369621e+11,1.25583255e+11,3.251643069e+13,2.031744781e+13,924
2019-07-11,417,358,160,406,139,82.85,1.916502683e+11,1.25277428e+11,3.264675092e+13,2.029784379e+13,925
2019-07-12,399,384,152,399,153,82.75,1.923934105e+11,1.25600635e+11,3.259084991e+13,2.030312466e+13,926
2019-07-15,418,356,162,400,158,83.2,1.936330017e+11,1.25877592e+11,3.27453686e+13,2.03215676e+13,925
2019-07-16,413,360,163,394,164,83.35,1.945363241e+11,1.26377793e+11,3.276762693e+13,2.030463101e+13,927
2019-07-17,402,406,128,386,168,82.8,1.947176321e+11,1.26768617e+11,3.259819502e+13,2.030307606e+13,928
2019-07-18,251,539,146,364,189,82.7,1.931079142e+11,1.2718818e+11,3.250442142e+13,2.030422909e+13,923
2019-07-19,494,278,164,358,197,83,1.945371915e+11,1.27119539e+11,3.274419273e+13,2.032127035e+13,929
2019-07-22,415,364,157,335,220,83.4,1.960369217e+11,1.27715363e+11,3.292886221e+13,2.030516976e+13,925
2019-07-23,316,464,156,341,224,83.6,1.968364957e+11,1.2837902e+11,3.293054222e+13,2.03229245e+13,927
2019-07-24,337,463,136,330,254,83.55,1.98767262e+11,1.28700183e+11,3.288806438e+13,2.030253879e+13,928
2019-07-25,467,290,179,303,261,83.8,2.008840681e+11,1.29482225e+11,3.287480213e+13,2.029135431e+13,925
2019-07-26,421,361,154,304,251,83.25,2.023161193e+11,1.29917618e+11,3.272078441e+13,2.02999537e+13,924
2019-07-29,398,409,129,319,244,83.45,2.03196866e+11,1.30495176e+11,3.269973575e+13,2.028164741e+13,926
2019-07-30,191,625,120,290,259,83.2,1.961389794e+11,1.29003243e+11,3.250487967e+13,2.024038267e+13,922
2019-07-31,393,397,146,240,270,82.8,2.001073285e+11,1.29796712e+11,3.252374287e+13,2.029332647e+13,925
2019-08-01,225,573,138,175,315,82.3,2.005434597e+11,1.30799045e+11,3.225388437e+13,2.027870864e+13,928
2019-08-02,109,750,77,133,374,80.95,1.939278535e+11,1.29602895e+11,3.169053432e+13,2.02586309e+13,925
2019-08-05,129,732,75,77,439,80.15,1.910624582e+11,1.29421193e+11,3.132873535e+13,2.024596482e+13,928
2019-08-06,270,574,92,49,495,80.1,1.902918517e+11,1.28126758e+11,3.123078794e+13,2.024315119e+13,927
2019-08-07,381,414,141,42,529,79.7,1.892203338e+11,1.28421288e+11,3.120503043e+13,2.016612862e+13,924
2019-08-08,659,163,114,71,536,80.65,1.927219764e+11,1.28672328e+11,3.152265658e+13,2.009800655e+13,923
2019-08-12,465,359,112,103,528,80.6,1.946225682e+11,1.28748368e+11,3.145488807e+13,1.994417346e+13,926
2019-08-13,239,598,99,132,482,79.7,1.927728397e+11,1.28854834e+11,3.109424327e+13,1.979560628e+13,925
2019-08-14,447,360,129,139,456,80.3,1.940187955e+11,1.29080105e+11,3.129079936e+13,1.947357022e+13,927
2019-08-15,209,644,83,124,481,79.4,1.918657366e+11,1.28677966e+11,3.095910418e+13,1.94722923e+13,923
2019-08-16,615,204,117,131,443,80.35,1.948416588e+11,1.29026207e+11,3.124796182e+13,1.948558542e+13,925
2019-08-19,525,297,115,139,382,80.8,1.977496132e+11,1.29607698e+11,3.147038405e+13,1.948754089e+13,930
2019-08-20,403,388,146,150,299,81,1.97392405e+11,1.29604558e+11,3.15533458e+13,1.950051623e+13,924
2019-08-21,489,309,139,162,269,81.1,1.988604306e+11,1.30061551e+11,3.160989621e+13,1.95252856e+13,928
2019-08-22,384,425,128,174,265,80.9,1.988674678e+11,1.30280535e+11,3.161103872e+13,1.952330985e+13,925
2019-08-23,348,403,186,183,241,81,1.993305622e+11,1.30083737e+11,3.163633353e+13,1.953539107e+13,924
2019-08-26,116,737,84,153,308,79.65,1.945504399e+11,1.30071651e+11,3.111374951e+13,1.955961337e+13,925
2019-08-27,488,280,169,135,413,79.85,1.968995923e+11,1.3064265e+11,3.117488461e+13,1.955562707e+13,924
2019-08-28,431,347,159,118,467,80.4,1.981264835e+11,1.31054227e+11,3.131958551e+13,1.956667761e+13,925
2019-08-29,440,323,172,141,448,80.55,1.989993805e+11,1.31402403e+11,3.139230875e+13,1.955461076e+13,921
2019-08-30,591,213,131,163,374,81.85,2.006058302e+11,1.30833784e+11,3.188906013e+13,1.95719282e+13,926
2019-09-02,603,225,107,180,284,81.9,2.045237294e+11,1.31530592e+11,3.193068064e+13,1.957433597e+13,921
2019-09-03,314,457,164,206,211,81.2,2.039652453e+11,1.32154602e+11,3.169754339e+13,1.957308068e+13,919
2019-09-04,599,209,128,224,168,82.15,2.069789454e+11,1.32678842e+11,3.202921242e+13,1.959047904e+13,925
2019-09-05,439,329,168,242,134,83,2.069622675e+11,1.3156916e+11,3.232596403e+13,1.959876088e+13,924
2019-09-06,395,395,147,267,115,83.5,2.066769422e+11,1.31919218e+11,3.238027756e+13,1.959102906e+13,924
2019-09-09,357,436,145,271,134,83.8,2.048374277e+11,1.31591872e+11,3.246683914e+13,1.960279772e+13,928
2019-09-10,350,466,123,268,160,83.4,2.031643577e+11,1.31708296e+11,3.234160408e+13,1.962340382e+13,929
2019-09-11,411,384,142,256,213,83.45,2.033970309e+11,1.31628692e+11,3.243948764e+13,1.960379153e+13,927
2019-09-12,519,270,147,260,241,83.9,2.049231741e+11,1.32059028e+11,3.25592422e+13,1.960520577e+13,925
2019-09-16,349,445,141,282,232,84.4,2.042120627e+11,1.31860469e+11,3.276628717e+13,1.960754053e+13,926
2019-09-17,341,444,152,306,222,84.25,2.045618214e+11,1.32218739e+11,3.270157158e+13,1.961487327e+13,926
2019-09-18,566,253,118,331,217,84.95,2.047517226e+11,1.31865627e+11,3.287545317e+13,1.962390534e+13,927
2019-09-19,292,507,137,341,216,84.45,2.036420535e+11,1.31589999e+11,3.274556846e+13,1.958989691e+13,924
2019-09-20,468,342,126,369,188,84.7,2.048195536e+11,1.31569551e+11,3.286231584e+13,1.960819715e+13,927
2019-09-23,410,379,151,370,188,84.5,2.073664337e+11,1.3310331e+11,3.285141371e+13,1.9625283e+13,928
2019-09-24,326,466,149,375,165,84.65,2.069662446e+11,1.3320329e+11,3.283870515e+13,1.963334144e+13,927
2019-09-25,216,589,136,348,182,84.1,2.061870209e+11,1.33538252e+11,3.270290762e+13,1.962002495e+13,928
2019-09-26,299,492,146,275,204,84.3,2.052299836e+11,1.3341932e+11,3.267076784e+13,1.957457655e+13,930
2019-09-27,128,748,61,198,247,84.6,2.011846689e+11,1.32651055e+11,3.254555529e+13,1.958407086e+13,929
2019-10-01,489,316,133,168,273,85.95,2.040639592e+11,1.33218927e+11,3.294768078e+13,1.957292541e+13,925
2019-10-02,386,414,138,154,290,85.65,2.062218698e+11,1.34260359e+11,3.289084965e+13,1.959451706e+13,923
2019-10-03,294,511,133,169,305,84.8,2.081372514e+11,1.35733969e+11,3.267217761e+13,1.957530032e+13,922
2019-10-04,327,448,163,181,320,85.15,2.090210843e+11,1.36421668e+11,3.274001273e+13,1.957948324e+13,926
2019-10-07,425,362,156,178,326,85.45,2.11023726e+11,1.3714847e+11,3.292577134e+13,1.961273979e+13,931
2019-10-08,345,445,152,185,331,86.5,2.096098412e+11,1.36410033e+11,3.31668968e+13,1.961225528e+13,932
2019-10-09,237,577,128,188,341,85.8,2.09133578e+11,1.37093776e+11,3.276693436e+13,1.960663896e+13,928
2019-10-14,575,266,101,205,346,87.55,2.121975911e+11,1.36214303e+11,3.330734832e+13,1.96072813e+13,930
2019-10-15,422,378,142,244,317,87.7,2.138929822e+11,1.3707657e+11,3.345838336e+13,1.962263237e+13,934
2019-10-16,555,278,109,272,250,88.1,2.144868252e+11,1.37769752e+11,3.362002709e+13,1.963246702e+13,935
2019-10-17,471,326,144,293,217,88.15,2.177164925e+11,1.3868388e+11,3.368818815e+13,1.960968029e+13,932
2019-10-18,378,434,129,320,193,87.95,2.182117006e+11,1.39116681e+11,3.366126986e+13,1.96047867e+13,932
2019-10-21,506,319,116,332,173,87.85,2.207597128e+11,1.40080266e+11,3.36729524e+13,1.96217011e+13,928
2019-10-22,409,377,155,350,169,88.7,2.218593293e+11,1.405684e+11,3.39421962e+13,1.962144703e+13,930
2019-10-23,300,529,112,367,159,88.45,2.217615068e+11,1.40614493e+11,3.383362699e+13,1.960417228e+13,927
2019-10-24,571,227,141,379,137,88.8,2.244276805e+11,1.40732136e+11,3.407740499e+13,1.960080144e+13,927
2019-10-25,281,515,143,351,147,88.8,2.233190584e+11,1.40689088e+11,3.400468763e+13,1.962659207e+13,928
2019-10-28,347,446,147,359,156,89.2,2.24373485e+11,1.40954603e+11,3.408303528e+13,1.964896193e+13,931
2019-10-29,250,557,133,290,207,89.45,2.217918421e+11,1.40688756e+11,3.41242954e+13,1.963425933e+13,930
2019-10-30,496,286,158,275,217,89.85,2.240543568e+11,1.41418328e+11,3.426495584e+13,1.964348873e+13,928
2019-10-31,272,545,122,252,237,90.1,2.209385004e+11,1.40739443e+11,3.41959816e+13,1.965043854e+13,925
2019-11-01,416,377,146,269,243,90.1,2.233402484e+11,1.41078964e+11,3.432891466e+13,1.965468772e+13,928
2019-11-04,512,298,131,279,247,92.2,2.26052361e+11,1.41395891e+11,3.479887535e+13,1.966909136e+13,928
2019-11-05,397,372,172,317,222,92.9,2.267645534e+11,1.40896818e+11,3.505945814e+13,1.966146132e+13,931
2019-11-06,302,483,156,328,213,93.35,2.260406246e+11,1.41365906e+11,3.508374234e+13,1.967619738e+13,929
2019-11-07,249,544,147,303,227,92.85,2.23928437e+11,1.41301935e+11,3.492201355e+13,1.966543853e+13,925
2019-11-08,396,404,140,283,240,92.55,2.245854697e+11,1.41740475e+11,3.485287378e+13,1.967503161e+13,927
2019-11-11,142,711,88,237,304,91.15,2.171214498e+11,1.40637625e+11,3.437877377e+13,1.969190172e+13,924
2019-11-12,548,257,135,222,327,92,2.150018803e+11,1.41094907e+11,3.448544835e+13,1.960225723e+13,926
2019-11-13,358,453,129,204,345,91.45,2.210007023e+11,1.41806669e+11,3.451321877e+13,1.972355661e+13,929
2019-11-14,269,562,107,212,354,91.4,2.188081693e+11,1.40845884e+11,3.44468333e+13,1.979188288e+13,926
2019-11-15,493,308,137,221,350,92.3,2.194912885e+11,1.40487539e+11,3.46948018e+13,1.982771374e+13,929
2019-11-18,454,357,128,216,355,92.9,2.205586136e+11,1.40452228e+11,3.490193535e+13,1.98170882e+13,924
2019-11-19,416,383,139,250,332,93.6,2.20917993e+11,1.39997884e+11,3.510162055e+13,1.986237306e+13,930
2019-11-20,423,390,125,268,315,93.25,2.190716476e+11,1.39921031e+11,3.503336774e+13,1.987923574e+13,933
2019-11-21,272,554,112,257,299,92.5,2.19286074e+11,1.3988173e+11,3.480485112e+13,1.986747281e+13,928
2019-11-22,437,351,150,268,271,92.55,2.186213376e+11,1.3992878e+11,3.483511753e+13,1.98647807e+13,929
2019-11-25,443,361,136,252,265,92.6,2.20031574e+11,1.40170055e+11,3.481606419e+13,1.986009747e+13,929
2019-11-26,458,333,149,269,234,92.85,2.208365191e+11,1.39902302e+11,3.485411867e+13,1.986870053e+13,930
2019-11-27,461,333,145,288,192,93.2,2.219636628e+11,1.40100799e+11,3.507139094e+13,1.985872942e+13,928
2019-11-28,332,466,141,298,175,92.95,2.21607256e+11,1.40690744e+11,3.496547151e+13,1.988895689e+13,928
2019-11-29,162,670,107,251,209,91.5,2.201651406e+11,1.41065035e+11,3.46041393e+13,1.992275781e+13,933
2019-12-02,244,571,125,188,299,92.05,2.179434774e+11,1.40673459e+11,3.46615042e+13,1.99486929e+13,933
2019-12-03,480,293,167,144,353,92.05,2.2016552e+11,1.40975441e+11,3.475034745e+13,1.995403485e+13,929
2019-12-04,327,428,186,146,364,91.7,2.205254313e+11,1.41397634e+11,3.46883805e+13,1.994204198e+13,928
2019-12-05,491,289,160,175,337,92.9,2.215983816e+11,1.41020042e+11,3.492922257e+13,1.993707002e+13,931
2019-12-06,407,378,155,179,312,93.05,2.230053473e+11,1.41326706e+11,3.497669043e+13,1.993010175e+13,929
2019-12-09,409,378,154,212,282,93.65,2.229989429e+11,1.40938124e+11,3.519078427e+13,1.994213885e+13,932
2019-12-10,402,392,147,221,272,93,2.224492653e+11,1.40960832e+11,3.507543377e+13,1.993266437e+13,929
2019-12-11,428,380,133,237,243,93.75,2.236700753e+11,1.40999624e+11,3.530245588e+13,1.994640745e+13,932
2019-12-12,331,439,171,244,221,95.85,2.236448812e+11,1.41122797e+11,3.571731866e+13,1.994088325e+13,931
2019-12-13,291,509,141,257,236,96.9,2.218132856e+11,1.40344831e+11,3.599504817e+13,1.995129372e+13,932
2019-12-16,616,205,123,281,237,96.85,2.288735697e+11,1.42748303e+11,3.607575265e+13,1.997865047e+13,934
2019-12-17,554,248,142,310,215,98.15,2.304165294e+11,1.42560469e+11,3.655560141e+13,1.999453316e+13,937
2019-12-18,523,296,125,349,159,98.2,2.303925963e+11,1.42709295e+11,3.663314737e+13,1.99863038e+13,937
2019-12-19,305,503,137,392,134,97.65,2.301777403e+11,1.43051171e+11,3.632576819e+13,1.998904188e+13,937
2019-12-20,356,455,135,389,148,96.95,2.307445453e+11,1.43413452e+11,3.615717519e+13,1.998470549e+13,939
2019-12-23,405,426,115,370,168,97.15,2.30128477e+11,1.43392676e+11,3.633433715e+13,1.998117454e+13,936
2019-12-24,342,439,165,348,176,97.2,2.302533772e+11,1.43392176e+11,3.61867362e+13,1.99903777e+13,934
2019-12-25,507,268,171,349,175,97.35,2.325107026e+11,1.43810581e+11,3.631094936e+13,1.999610677e+13,938
2019-12-26,327,467,152,350,175,97.35,2.334204297e+11,1.44426821e+11,3.629477029e+13,1.999985172e+13,939
2019-12-27,525,288,133,371,156,98,2.34302918e+11,1.44353892e+11,3.654533653e+13,1.999569563e+13,940
2019-12-30,369,422,155,372,140,97.8,2.367556461e+11,1.44925446e+11,3.644055532e+13,2.000192209e+13,938
2019-12-31,368,441,137,385,149,96.95,2.37369089e+11,1.45431752e+11,3.627973341e+13,1.998484678e+13,937
2020-01-02,610,208,128,402,137,97.65,2.405409125e+11,1.45604286e+11,3.65993803e+13,2.000082095e+13,940
2020-01-03,263,574,109,395,118,97.65,2.366881582e+11,1.44617307e+11,3.660734548e+13,1.998455632e+13,938
2020-01-06,159,707,80,341,157,96.4,2.3505541e+11,1.45461073e+11,3.614713573e+13,1.999936447e+13,939
2020-01-07,278,559,109,247,218,96.1,2.298113625e+11,1.44594678e+11,3.592804077e+13,1.999709268e+13,941
2020-01-08,167,701,78,167,267,95.65,2.265211123e+11,1.436928e+11,3.573521305e+13,1.999263218e+13,941
2020-01-09,628,177,138,150,285,96.95,2.299086228e+11,1.43743601e+11,3.615466908e+13,1.995848279e+13,937
2020-01-10,504,308,131,167,282,97.3,2.288900898e+11,1.42894286e+11,3.632011586e+13,1.996739329e+13,937
2020-01-13,624,222,97,244,257,98,2.307452442e+11,1.42462752e+11,3.658961397e+13,1.996744045e+13,936
2020-01-14,457,310,176,315,220,98.6,2.318127287e+11,1.41942489e+11,3.678346888e+13,1.996634664e+13,934
2020-01-15,303,503,137,343,197,97.6,2.309024271e+11,1.42497224e+11,3.651123315e+13,1.995671179e+13,934
2020-01-16,506,311,126,365,172,97.3,2.330711631e+11,1.4294616e+11,3.645506014e+13,1.997025422e+13,938
2020-01-17,424,370,149,371,143,97.3,2.322787984e+11,1.42473094e+11,3.65243439e+13,1.996783554e+13,936
2020-01-20,451,348,147,393,131,97.7,2.304988746e+11,1.40672607e+11,3.664715927e+13,1.9992642e+13,940
2020-01-30,38,904,4,175,405,92.15,2.069946188e+11,1.3652567e+11,3.453757859e+13,2.000390433e+13,938
2020-01-31,580,286,80,96,474,89.95,2.053533815e+11,1.35246763e+11,3.475933319e+13,1.999462361e+13,941
2020-02-03,132,772,42,59,533,89.05,1.97947971e+11,1.32366131e+11,3.432761188e+13,1.999734389e+13,937
2020-02-04,759,119,68,69,573,90.6,2.019828951e+11,1.32106707e+11,3.492774915e+13,2.000939871e+13,939
2020-02-05,368,460,118,71,610,90.85,2.003143577e+11,1.31599854e+11,3.497627093e+13,1.999336035e+13,935
2020-02-06,761,112,72,92,617,92.3,2.050177963e+11,1.32425843e+11,3.550573648e+13,1.998388377e+13,936
2020-02-07,101,792,52,105,627,91.2,2.006296996e+11,1.32011388e+11,3.510760369e+13,2.000032904e+13,940
2020-02-10,228,634,83,104,612,91,1.994448904e+11,1.31943067e+11,3.497954881e+13,1.999353156e+13,934
2020-02-11,637,190,118,91,578,91.75,2.034107488e+11,1.32272619e+11,3.525756917e+13,1.999441032e+13,937
2020-02-12,646,185,114,107,417,92.65,2.054162894e+11,1.32112918e+11,3.555828816e+13,1.99538919e+13,935
2020-02-13,366,456,123,113,308,92.8,2.042065511e+11,1.32022032e+11,3.56402745e+13,2.000819773e+13,938
2020-02-14,511,291,143,117,207,92.95,2.069324764e+11,1.3263459e+11,3.572025752e+13,1.999773187e+13,940
2020-02-17,266,570,110,133,274,92.3,2.068689845e+11,1.33245455e+11,3.55546136e+13,2.000123785e+13,936
2020-02-18,392,397,157,141,300,91.05,2.079352346e+11,1.34695869e+11,3.517494321e+13,1.9966415e+13,932
2020-02-19,666,171,109,143,295,92.1,2.11049479e+11,1.35306401e+11,3.553264138e+13,2.00035666e+13,933
2020-02-20,373,411,162,150,222,91.7,2.116563441e+11,1.35469063e+11,3.543933847e+13,2.000076515e+13,934
2020-02-21,268,531,147,156,214,91.25,2.100229943e+11,1.3505711e+11,3.52532953e+13,1.99759426e+13,933
2020-02-24,166,713,67,151,381,90.1,2.095785576e+11,1.35766107e+11,3.487116501e+13,2.000269025e+13,935
2020-02-25,231,587,128,130,502,90.35,2.108794229e+11,1.36719169e+11,3.488073048e+13,1.999797553e+13,935
2020-02-26,274,521,151,111,571,89.45,2.096014382e+11,1.37491118e+11,3.455236603e+13,2.000555474e+13,934
2020-02-27,130,751,64,86,618,88.65,1.997395314e+11,1.35384552e+11,3.412865033e+13,2.002692773e+13,933
2020-03-02,263,604,78,78,644,87.35,2.000433951e+11,1.35502015e+11,3.376960043e+13,2.009035854e+13,938
2020-03-03,715,150,80,73,644,88.6,2.042009812e+11,1.36118849e+11,3.423247064e+13,2.008029958e+13,935
2020-03-04,323,484,138,79,643,89.2,2.038454778e+11,1.36136454e+11,3.442219309e+13,2.007480884e+13,933
2020-03-05,725,130,90,108,564,90.2,2.064388963e+11,1.35199398e+11,3.480465876e+13,2.008691324e+13,937
2020-03-06,186,685,74,127,515,88.35,2.066348069e+11,1.3654827e+11,3.422490566e+13,2.00913982e+13,937
2020-03-09,36,880,31,105,594,85.85,1.960242512e+11,1.34381858e+11,3.318170594e+13,2.008729504e+13,936
2020-03-10,373,484,90,78,666,86.3,1.976561192e+11,1.33333462e+11,3.316412805e+13,2.003168353e+13,939
2020-03-11,245,610,92,53,704,85.3,1.938547648e+11,1.32879755e+11,3.293221157e+13,2.010813526e+13,939
2020-03-12,20,916,11,26,741,82.15,1.731542795e+11,1.25554617e+11,3.150719205e+13,2.009770483e+13,941
2020-03-13,40,885,22,11,789,81,1.563687815e+11,1.15134379e+11,3.061607278e+13,2.011435926e+13,941
2020-03-16,121,787,39,8,815,77.3,1.471781958e+11,1.125801e+11,2.937664336e+13,2.010562795e+13,939
2020-03-17,76,838,33,5,833,74.85,1.395534586e+11,1.07948645e+11,2.853143665e+13,2.010936686e+13,937
2020-03-18,189,701,57,3,848,72.8,1.343103829e+11,1.04665406e+11,2.786480317e+13,2.012751811e+13,941
2020-03-19,32,903,12,3,861,68.55,1.15099003e+11,9.2863637e+10,2.624078051e+13,2.013507842e+13,939
2020-03-20,881,43,23,2,875,74,1.229730661e+11,9.222145e+10,2.790851932e+13,2.016015061e+13,940
2020-03-23,163,745,39,2,878,70.8,1.181516047e+11,9.1285808e+10,2.686203275e+13,2.015403073e+13,936
2020-03-24,852,62,33,3,855,74.25,1.250056722e+11,9.1572304e+10,2.806339121e+13,2.017226832e+13,939
2020-03-25,877,50,20,6,750,76.85,1.286701706e+11,9.0396752e+10,2.915269224e+13,2.019862688e+13,941
2020-03-26,605,254,88,8,352,77.2,1.297274845e+11,9.0070898e+10,2.94167322e+13,2.019417427e+13,938
2020-03-27,477,383,87,11,123,76.6,1.29101178e+11,9.0597443e+10,2.931369616e+13,2.020851432e+13,938
2020-03-30,411,444,92,12,68,75.85,1.308221276e+11,9.1735682e+10,2.907185999e+13,2.019742598e+13,935
2020-03-31,550,293,104,11,59,76.15,1.314837193e+11,9.1898116e+10,2.933542424e+13,2.027648749e+13,935
2020-04-01,540,314,93,13,64,75.9,1.327223078e+11,9.1965082e+10,2.920722246e+13,2.030381198e+13,936
2020-04-06,582,258,107,21,86,77.05,1.37569277e+11,9.3198509e+10,2.966737579e+13,2.02900934e+13,932
2020-04-07,771,116,59,30,75,78.5,1.401905486e+11,9.3311906e+10,3.021796025e+13,2.030675371e+13,938
2020-04-08,788,105,53,39,70,79.6,1.442935611e+11,9.4221085e+10,3.063800268e+13,2.031103867e+13,936
2020-04-09,490,378,78,53,47,79.25,1.442842265e+11,9.5101888e+10,3.059771086e+13,2.030853151e+13,940
2020-04-10,639,229,78,68,36,79.3,1.463980031e+11,9.5742704e+10,3.070896922e+13,2.03092283e+13,936
2020-04-13,322,543,81,90,42,78.8,1.459269686e+11,9.654138e+10,3.053038925e+13,2.02998724e+13,937
2020-04-14,857,47,42,117,30,80.95,1.506338191e+11,9.7271995e+10,3.124587693e+13,2.03217645e+13,939
2020-04-15,738,148,61,166,27,81.2,1.526554432e+11,9.7879089e+10,3.159352999e+13,2.031259848e+13,940
2020-04-16,324,539,84,219,23,80.8,1.548675832e+11,9.9244539e+10,3.136985137e+13,2.030024345e+13,936
2020-04-17,439,414,94,290,33,83.25,1.534472973e+11,9.8351065e+10,3.204488062e+13,2.030568095e+13,939
2020-04-20,495,347,105,361,53,83,1.565434977e+11,9.9813355e+10,3.200000272e+13,2.031587546e+13,933
2020-04-21,57,857,33,382,145,80.6,1.520684039e+11,1.00356304e+11,3.110730889e+13,2.031499451e+13,936
2020-04-22,570,255,122,325,247,80.6,1.574230566e+11,1.02149786e+11,3.115805113e+13,2.030411487e+13,935
2020-04-23,638,204,105,249,260,80.9,1.600613662e+11,1.03244771e+11,3.136509565e+13,2.031860605e+13,938
2020-04-24,404,416,127,312,232,80.9,1.618247495e+11,1.04271364e+11,3.130501542e+13,2.033964924e+13,936
2020-04-27,837,64,46,426,170,82.55,1.671327158e+11,1.04706462e+11,3.197781735e+13,2.032639227e+13,939
2020-04-28,599,255,93,584,91,82.55,1.672453409e+11,1.04407728e+11,3.21190861e+13,2.031643679e+13,937
2020-04-29,771,119,57,701,23,83.7,1.683926958e+11,1.04287235e+11,3.260543658e+13,2.030898007e+13,940
2020-04-30,767,126,54,757,7,85.5,1.711082018e+11,1.04468367e+11,3.326956673e+13,2.031849441e+13,942
2020-05-04,178,717,52,768,5,83,1.716884707e+11,1.06589473e+11,3.243268229e+13,2.030398081e+13,937
2020-05-05,555,272,120,786,8,83.4,1.757565983e+11,1.08565552e+11,3.260564352e+13,2.028869749e+13,936
2020-05-06,350,513,84,749,15,83.5,1.754615879e+11,1.08459553e+11,3.260522846e+13,2.027100101e+13,937
2020-05-07,710,164,73,748,12,83.85,1.792125893e+11,1.09792992e+11,3.280362731e+13,2.026048088e+13,935
2020-05-08,411,438,98,734,10,84.35,1.786968903e+11,1.10189579e+11,3.298784179e+13,2.02030806e+13,937
2020-05-11,603,259,85,732,7,85.05,1.805712296e+11,1.1080004e+11,3.333512097e+13,2.015108256e+13,940
2020-05-12,235,628,84,656,9,84.05,1.811332033e+11,1.1203551e+11,3.292499972e+13,2.012478538e+13,937
2020-05-13,469,359,119,607,10,84.3,1.823946258e+11,1.12396868e+11,3.308357345e+13,2.006749234e+13,931
2020-05-14,95,788,64,440,13,83.3,1.750207856e+11,1.11223644e+11,3.262597361e+13,2.006572212e+13,935
2020-05-15,331,506,110,378,14,83.85,1.746236152e+11,1.11113214e+11,3.272866034e+13,1.994987904e+13,933
2020-05-18,454,390,103,257,18,83.15,1.740550454e+11,1.1196289e+11,3.251492799e+13,1.995479919e+13,936
2020-05-19,663,196,88,298,26,83.9,1.771219157e+11,1.12604279e+11,3.288092143e+13,1.99467329e+13,938
2020-05-20,415,430,103,353,26,83.8,1.795994047e+11,1.13368374e+11,3.304012026e+13,1.986282873e+13,941
2020-05-21,690,172,86,505,27,84.5,1.831065307e+11,1.14377222e+11,3.333798865e+13,1.985949023e+13,938
2020-05-22,121,770,57,474,34,82.95,1.804794341e+11,1.14660405e+11,3.275979042e+13,1.982423615e+13,940
2020-05-25,591,271,86,520,48,83.5,1.849379759e+11,1.15848938e+11,3.294482413e+13,1.97738467e+13,936
2020-05-26,636,215,96,482,58,84.45,1.85551012e+11,1.15836834e+11,3.332847208e+13,1.976609064e+13,939
2020-05-27,481,357,109,605,53,84.35,1.851016772e+11,1.15689043e+11,3.338163984e+13,1.975956251e+13,937
2020-05-28,259,584,104,623,53,83.85,1.834213479e+11,1.15475479e+11,3.316149519e+13,1.976087219e+13,934
2020-05-29,473,370,104,558,58,84.45,1.859416496e+11,1.16399048e+11,3.316384141e+13,1.962628489e+13,939
2020-06-01,740,149,58,533,55,84.9,1.894089168e+11,1.16315043e+11,3.358000834e+13,1.963726829e+13,940
2020-06-02,457,378,112,598,50,85.3,1.896002815e+11,1.1637504e+11,3.372054617e+13,1.964213645e+13,937
2020-06-03,771,101,75,680,23,86.8,1.936316002e+11,1.17217907e+11,3.43075314e+13,1.965875624e+13,939
2020-06-04,484,340,123,698,19,87.6,1.94759986e+11,1.17647157e+11,3.452602972e+13,1.964352788e+13,940
2020-06-05,643,205,99,727,13,88.35,1.963617453e+11,1.18181406e+11,3.47958691e+13,1.964188617e+13,940
2020-06-08,522,334,91,738,15,89.5,1.957149584e+11,1.17848845e+11,3.518344091e+13,1.964177908e+13,937
2020-06-09,412,419,117,740,13,89.6,1.955068558e+11,1.17747826e+11,3.528104899e+13,1.963180424e+13,940
2020-06-10,427,422,99,720,23,90.45,1.971986773e+11,1.18253277e+11,3.553087077e+13,1.965535931e+13,941
2020-06-11,102,808,38,589,34,89.05,1.883963773e+11,1.16516653e+11,3.497053569e+13,1.963595224e+13,941
2020-06-12,236,638,74,372,60,88.25,1.896988102e+11,1.16855485e+11,3.464305551e+13,1.964552849e+13,936
2020-06-15,308,523,117,189,79,87,1.890187841e+11,1.17603294e+11,3.427640736e+13,1.965064953e+13,939
2020-06-16,855,64,29,204,79,88.9,1.940639993e+11,1.18148449e+11,3.490420211e+13,1.963628014e+13,943
2020-06-17,533,308,107,282,88,89,1.966010291e+11,1.19555907e+11,3.497289522e+13,1.964631399e+13,938
2020-06-18,526,320,102,431,82,88.9,1.980645303e+11,1.20739638e+11,3.49787269e+13,1.9580291e+13,940
2020-06-19,394,461,93,496,80,88.85,2.024371376e+11,1.22117711e+11,3.503174063e+13,1.964366169e+13,942
2020-06-22,493,356,99,538,66,89.05,2.037984264e+11,1.22805591e+11,3.509539294e+13,1.963901279e+13,939
2020-06-23,304,524,120,539,80,89.45,2.042154475e+11,1.23194289e+11,3.52045912e+13,1.963726914e+13,940
2020-06-24,390,424,134,548,75,90,2.059209615e+11,1.23729395e+11,3.533535093e+13,1.963889955e+13,934
2020-06-29,199,660,89,474,113,89.1,2.056550005e+11,1.24989116e+11,3.499126688e+13,1.965054547e+13,937
2020-06-30,644,206,98,409,133,89.9,2.084102058e+11,1.25774758e+11,3.522087276e+13,1.963149783e+13,937
2020-07-01,586,244,118,367,122,90.5,2.100055621e+11,1.25684607e+11,3.548327867e+13,1.963768363e+13,940
2020-07-02,628,222,98,444,109,91.5,2.140499811e+11,1.26921751e+11,3.579740717e+13,1.965296601e+13,942
2020-07-03,469,373,106,502,91,92.55,2.149238074e+11,1.2714516e+11,3.610625586e+13,1.963534153e+13,940
2020-07-06,743,125,80,560,62,94.15,2.218378519e+11,1.28455971e+11,3.673375557e+13,1.964223625e+13,943
2020-07-07,281,566,101,575,61,94.5,2.202964919e+11,1.28914666e+11,3.665942179e+13,1.965208327e+13,941
2020-07-08,573,254,121,607,50,95.15,2.279663108e+11,1.32556243e+11,3.688913207e+13,1.966484699e+13,942
2020-07-09,382,439,126,605,64,95.45,2.299356419e+11,1.34325213e+11,3.69471173e+13,1.963191397e+13,939
2020-07-10,141,750,56,535,90,94.65,2.206433592e+11,1.32684802e+11,3.659809959e+13,1.964717125e+13,941
2020-07-13,621,207,119,455,125,96.05,2.276541326e+11,1.35268907e+11,3.701039123e+13,1.964858736e+13,940
2020-07-14,218,648,81,356,152,96.65,2.243650636e+11,1.35373135e+11,3.700165665e+13,1.964564171e+13,938
2020-07-15,408,439,100,342,165,97.05,2.209032295e+11,1.34816884e+11,3.6987483e+13,1.964671762e+13,941
2020-07-16,479,323,145,304,176,96.1,2.233420522e+11,1.36339367e+11,3.685462986e+13,1.96554574e+13,942
2020-07-17,149,718,80,280,197,97.2,2.174000628e+11,1.34843023e+11,3.692390314e+13,1.96481151e+13,940
2020-07-20,400,447,101,245,219,97.05,2.185443223e+11,1.34744199e+11,3.689948321e+13,1.964943231e+13,939
2020-07-21,645,200,103,229,236,98.7,2.250692666e+11,1.36527508e+11,3.757637002e+13,1.965163463e+13,942
2020-07-22,540,299,109,283,218,98.95,2.287543516e+11,1.37640389e+11,3.77862084e+13,1.965511835e+13,938
2020-07-23,300,498,150,339,193,98.85,2.310497974e+11,1.39584119e+11,3.76065919e+13,1.964074161e+13,939
2020-07-24,72,826,50,263,262,98.5,2.23481753e+11,1.38401929e+11,3.7286527e+13,1.965835953e+13,942
2020-07-27,149,745,54,178,355,103.3,2.259247796e+11,1.39996553e+11,3.813499414e+13,1.964127132e+13,941
2020-07-28,162,724,62,111,429,103.6,2.194169654e+11,1.38876739e+11,3.810419003e+13,1.964067578e+13,943
2020-07-29,750,137,61,97,455,102.55,2.242158263e+11,1.40337101e+11,3.79591838e+13,1.964248315e+13,940
2020-07-30,634,204,110,119,462,104.05,2.307736696e+11,1.42552031e+11,3.851319069e+13,1.963885555e+13,942
2020-07-31,493,338,117,184,437,103.8,2.355400648e+11,1.44918278e+11,3.830914429e+13,1.96282817e+13,941
2020-08-03,336,524,88,206,399,102,2.38742203e+11,1.46889872e+11,3.785177443e+13,1.962319632e+13,941
2020-08-04,611,235,102,233,361,103.3,2.431857391e+11,1.47657104e+11,3.843670729e+13,1.961915029e+13,938
2020-08-05,609,232,107,262,286,104.3,2.488582838e+11,1.49662998e+11,3.872360643e+13,1.957996492e+13,941
2020-08-06,402,440,104,289,178,105.4,2.47944267e+11,1.49767249e+11,3.902814557e+13,1.952118745e+13,938
2020-08-07,341,505,100,290,134,104.65,2.458979474e+11,1.49892177e+11,3.87731857e+13,1.949334072e+13,940
2020-08-10,524,353,69,296,161,105.6,2.4637997e+11,1.50554484e+11,3.897302997e+13,1.947948614e+13,940
2020-08-11,305,549,92,280,217,104.8,2.40964977e+11,1.48852757e+11,3.860064357e+13,1.946684513e+13,937
2020-08-12,359,483,104,248,261,103.25,2.424531881e+11,1.50148629e+11,3.825072157e+13,1.943397817e+13,937
2020-08-13,423,409,114,231,266,104.25,2.382595743e+11,1.49112303e+11,3.832990169e+13,1.919856268e+13,935
2020-08-14,592,263,91,242,264,104.5,2.44892136e+11,1.50003594e+11,3.862428037e+13,1.944333331e+13,939
2020-08-17,659,210,79,290,235,105.6,2.495312365e+11,1.508003e+11,3.912433621e+13,1.946523437e+13,942
2020-08-18,408,421,118,336,212,105,2.418786777e+11,1.5023367e+11,3.870946495e+13,1.932783301e+13,941
2020-08-19,317,536,94,346,201,104.25,2.414796958e+11,1.49695268e+11,3.85591793e+13,1.948689132e+13,941
2020-08-20,58,871,18,263,311,100.6,2.201390876e+11,1.4419031e+11,3.730514639e+13,1.948966935e+13,941
2020-08-21,822,78,47,213,367,102.8,2.288358221e+11,1.45278094e+11,3.807033155e+13,1.950598364e+13,941
2020-08-24,471,389,87,194,414,103.1,2.311695905e+11,1.45873807e+11,3.816951556e+13,1.961871871e+13,935
2020-08-25,628,221,99,258,358,103.9,2.345803261e+11,1.46919649e+11,3.852497087e+13,1.964116164e+13,942
2020-08-26,523,306,120,293,311,104.3,2.376342269e+11,1.48138734e+11,3.874427345e+13,1.973756263e+13,939
2020-08-27,295,533,121,310,265,104.55,2.385150695e+11,1.49297381e+11,3.864267602e+13,1.974813124e+13,941
2020-08-28,472,327,150,306,246,103.5,2.398151141e+11,1.49678563e+11,3.846165053e+13,1.974699129e+13,940
2020-08-31,474,387,88,321,232,101.8,2.42833433e+11,1.52199564e+11,3.805313807e+13,1.985508902e+13,941
2020-09-01,417,426,106,348,209,103.35,2.451397289e+11,1.52303884e+11,3.839072092e+13,1.985365673e+13,942
2020-09-02,426,418,105,360,193,103,2.484639233e+11,1.53616033e+11,3.838351147e+13,1.986475156e+13,941
2020-09-03,477,357,115,375,196,103.3,2.499653518e+11,1.53651017e+11,3.857495758e+13,1.987528828e+13,942
2020-09-04,288,576,85,375,217,102.55,2.499243124e+11,1.54837447e+11,3.821664274e+13,1.987574384e+13,940
2020-09-07,457,418,74,356,226,102.4,2.479904275e+11,1.55589696e+11,3.811250349e+13,1.987519782e+13,942
2020-09-08,390,437,121,337,241,103,2.480462364e+11,1.56542294e+11,3.827530243e+13,1.987754449e+13,936
2020-09-09,440,407,101,326,236,102.3,2.508445944e+11,1.5713648e+11,3.813049832e+13,1.987456463e+13,941
2020-09-10,365,479,102,328,227,103.2,2.49267191e+11,1.56938915e+11,3.838072921e+13,1.988125816e+13,938
2020-09-11,194,674,78,290,247,103.25,2.442324932e+11,1.55344253e+11,3.832210753e+13,1.987746686e+13,938
2020-09-14,604,238,104,260,234,104.55,2.497292677e+11,1.56205788e+11,3.868887698e+13,1.988279407e+13,938
2020-09-15,491,325,131,237,219,104.95,2.500563903e+11,1.55648092e+11,3.887009522e+13,1.988137634e+13,941
2020-09-16,450,363,134,269,173,106.55,2.504747883e+11,1.55725906e+11,3.926347395e+13,1.990212822e+13,941
2020-09-17,493,320,133,302,160,105.4,2.520496199e+11,1.5678942e+11,3.897432565e+13,1.993649106e+13,940
2020-09-18,568,263,114,347,128,105.3,2.53824483e+11,1.57318117e+11,3.898717251e+13,1.993508844e+13,937
2020-09-21,361,505,81,383,137,104.45,2.50871118e+11,1.57006281e+11,3.875506281e+13,1.993642582e+13,942
2020-09-22,121,781,45,339,188,103.1,2.462739856e+11,1.56169362e+11,3.829158585e+13,1.992967457e+13,940
2020-09-23,224,660,63,250,283,102.95,2.460134479e+11,1.56610875e+11,3.812568822e+13,1.99508636e+13,941
2020-09-24,60,863,23,136,390,100.45,2.378244191e+11,1.55774125e+11,3.714544116e+13,1.99458249e+13,941
2020-09-25,196,675,75,80,442,100.65,2.268391855e+11,1.51866371e+11,3.70505069e+13,1.995147977e+13,941
2020-09-28,777,110,61,56,470,102.3,2.324197596e+11,1.52002689e+11,3.772897801e+13,1.993550157e+13,938
2020-09-29,398,440,109,43,486,102.55,2.326110026e+11,1.52143823e+11,3.775828586e+13,1.994527497e+13,942
2020-09-30,567,260,120,55,493,103,2.343269458e+11,1.51853634e+11,3.789285589e+13,1.992513995e+13,938
2020-10-05,626,236,86,89,455,103.05,2.392602137e+11,1.5314618e+11,3.800593937e+13,1.994552136e+13,941
2020-10-06,713,152,83,155,300,104.25,2.421500631e+11,1.53347824e+11,3.847407983e+13,1.99547583e+13,940
2020-10-07,465,335,145,209,138,104.8,2.434628168e+11,1.53914809e+11,3.853677271e+13,1.988155436e+13,938
2020-10-08,404,394,147,231,66,106.2,2.439276249e+11,1.53333914e+11,3.896361709e+13,1.988672679e+13,940
2020-10-12,268,596,83,225,81,107.05,2.41568856e+11,1.52335805e+11,3.919537235e+13,1.989976761e+13,939
2020-10-13,334,511,102,240,169,107.1,2.435395409e+11,1.53054773e+11,3.916966832e+13,1.988682562e+13,940
2020-10-14,548,280,119,238,263,106.7,2.456349148e+11,1.54063591e+11,3.90919445e+13,1.990405174e+13,940
2020-10-15,319,523,103,242,272,105.7,2.450229595e+11,1.54744836e+11,3.87713045e+13,1.985789296e+13,938
2020-10-16,258,591,97,254,314,105.25,2.410154681e+11,1.53543442e+11,3.858852736e+13,1.989716167e+13,939
2020-10-19,679,182,87,256,302,106.6,2.44362538e+11,1.53414517e+11,3.911733641e+13,1.992112449e+13,941
2020-10-20,319,507,122,259,293,106,2.453446414e+11,1.54053376e+11,3.896520376e+13,1.991357736e+13,937
2020-10-21,489,327,132,286,250,105.95,2.469803603e+11,1.54875928e+11,3.902687766e+13,1.992441315e+13,943
2020-10-22,317,535,93,270,259,106.1,2.469296635e+11,1.54886233e+11,3.914491665e+13,1.992169982e+13,940
2020-10-23,472,343,129,276,238,106.1,2.499467598e+11,1.55686389e+11,3.907402061e+13,1.991366851e+13,935
2020-10-26,389,458,99,274,243,106.1,2.510755231e+11,1.56677041e+11,3.912872568e+13,1.995524165e+13,937
2020-10-27,348,473,125,261,240,105.5,2.523422306e+11,1.57637076e+11,3.904054877e+13,1.99559501e+13,940
2020-10-28,210,653,83,221,290,105,2.484873988e+11,1.57068566e+11,3.878546182e+13,1.996582251e+13,937
2020-10-29,229,633,84,183,355,103.85,2.486977589e+11,1.57736347e+11,3.838512695e+13,1.997262806e+13,936
2020-10-30,146,719,81,134,408,103,2.427961461e+11,1.56732639e+11,3.803279465e+13,1.996080984e+13,936
2020-11-02,356,483,109,110,466,103.4,2.41341109e+11,1.56550367e+11,3.818285673e+13,1.999395993e+13,942
2020-11-03,731,124,93,124,458,104.6,2.459823552e+11,1.56397243e+11,3.861103088e+13,1.99916773e+13,941
2020-11-04,528,281,139,160,409,106.15,2.493504162e+11,1.56529292e+11,3.899060051e+13,2.000413914e+13,937
2020-11-05,440,355,153,223,320,106.05,2.494407866e+11,1.5577374e+11,3.916204258e+13,2.002624118e+13,940
2020-11-06,435,397,116,259,256,106.7,2.486645235e+11,1.55322345e+11,3.932785009e+13,2.004950818e+13,937
2020-11-09,706,161,80,310,176,108.1,2.546562378e+11,1.55807094e+11,3.97982954e+13,2.010794391e+13,938
2020-11-10,432,432,83,324,123,107.1,2.502557652e+11,1.55255338e+11,3.967541174e+13,2.01266579e+13,939
2020-11-11,638,239,70,378,98,108.75,2.532908164e+11,1.56427064e+11,4.02265097e+13,2.04206884e+13,942
2020-11-12,234,616,96,378,122,108.8,2.509625024e+11,1.5607177e+11,4.008542676e+13,2.022875649e+13,936
2020-11-13,522,297,127,420,122,109.25,2.531316963e+11,1.56853069e+11,4.024267737e+13,2.041902599e+13,935
2020-11-16,538,321,88,442,141,112.8,2.568755066e+11,1.57754775e+11,4.109541857e+13,2.043199479e+13,941
2020-11-17,454,385,108,461,121,113.6,2.551653452e+11,1.56800962e+11,4.12240702e+13,2.047682529e+13,942
2020-11-18,563,291,93,499,126,114.35,2.597564702e+11,1.57701135e+11,4.176826197e+13,2.047259986e+13,942
2020-11-19,435,398,112,521,119,114.15,2.602289445e+11,1.58629237e+11,4.157605233e+13,2.045470965e+13,938
2020-11-20,441,403,101,533,112,114,2.626958439e+11,1.59599827e+11,4.155727538e+13,2.046949383e+13,939
2020-11-23,607,236,103,548,88,115.45,2.679379953e+11,1.60830511e+11,4.204811723e+13,2.047648129e+13,939
2020-11-24,297,536,113,555,89,114.9,2.664470506e+11,1.60439438e+11,4.181241395e+13,2.044969038e+13,937
2020-11-25,470,361,114,565,89,113.95,2.659122072e+11,1.61199881e+11,4.161665143e+13,2.048101691e+13,937
2020-11-26,668,175,102,555,88,114.85,2.721830604e+11,1.63100647e+11,4.193452253e+13,2.047372915e+13,938
2020-11-27,554,274,117,578,75,114.65,2.766138087e+11,1.6435026e+11,4.200292714e+13,2.051696878e+13,938
2020-11-30,453,427,67,593,64,113.3,2.82794193e+11,1.66873754e+11,4.161276391e+13,2.054661171e+13,942
2020-12-01,441,424,82,588,61,114.3,2.86033723e+11,1.68377017e+11,4.209704183e+13,2.054014914e+13,941
2020-12-02,343,508,96,568,78,115.4,2.879789362e+11,1.69323847e+11,4.240621917e+13,2.054226407e+13,939
2020-12-03,323,523,99,536,94,115.4,2.879667427e+11,1.69976743e+11,4.235295631e+13,2.051478124e+13,936
2020-12-04,502,356,87,501,103,117.3,2.936652612e+11,1.72790201e+11,4.283678789e+13,2.052014296e+13,939
2020-12-07,345,526,74,481,124,118.4,2.94083453e+11,1.73225512e+11,4.320807026e+13,2.052083602e+13,938
2020-12-08,416,444,85,455,123,120.05,2.9812477e+11,1.74748765e+11,4.352359666e+13,2.053857838e+13,939
2020-12-09,464,408,73,418,125,120.05,3.041946949e+11,1.7662328e+11,4.361544051e+13,2.053380533e+13,940
2020-12-10,272,591,81,412,134,118.6,2.992243815e+11,1.7635234e+11,4.318705389e+13,2.052848965e+13,938
2020-12-11,231,652,62,358,144,118.75,2.922195694e+11,1.74971927e+11,4.323127697e+13,2.053491576e+13,940
2020-12-14,579,281,88,311,157,118.25,2.974779324e+11,1.77217096e+11,4.308905685e+13,2.053909e+13,938
2020-12-15,134,751,63,270,191,117.05,2.886659392e+11,1.76163466e+11,4.266884382e+13,2.055143948e+13,940
2020-12-16,836,53,59,299,190,119.25,2.963243159e+11,1.77458467e+11,4.3391877e+13,2.056085491e+13,943
2020-12-17,360,483,105,300,189,118.6,2.979503488e+11,1.78080205e+11,4.325526563e+13,2.054395065e+13,943
2020-12-18,330,533,85,390,172,118.2,2.991221628e+11,1.79123809e+11,4.322724016e+13,2.057167209e+13,942
2020-12-21,473,407,69,384,162,119.35,3.030226511e+11,1.80799547e+11,4.363879474e+13,2.055604979e+13,941
2020-12-22,144,752,53,326,181,118,2.935839037e+11,1.79199058e+11,4.300629518e+13,2.055927423e+13,941
2020-12-23,596,263,91,321,191,118.15,3.004470931e+11,1.80885327e+11,4.316015337e+13,2.055803562e+13,943
2020-12-24,603,252,93,291,200,118.8,3.005469486e+11,1.823246e+11,4.328259223e+13,2.049574902e+13,942
2020-12-25,448,392,108,355,170,118.95,3.055422631e+11,1.84261341e+11,4.343776003e+13,2.050806643e+13,942
2020-12-28,620,253,75,431,132,120,3.143745563e+11,1.86790038e+11,4.390214145e+13,2.050510177e+13,943
2020-12-29,403,447,98,462,134,119.9,3.107917677e+11,1.85949806e+11,4.386719075e+13,2.051641647e+13,943
2020-12-30,568,295,84,514,116,121.6,3.153674668e+11,1.87131498e+11,4.450733064e+13,2.049837295e+13,941
2020-12-31,424,412,111,519,103,122.25,3.168360826e+11,1.87358231e+11,4.465448749e+13,2.050557844e+13,942
2021-01-04,538,332,78,528,81,124.35,3.269023334e+11,1.90297046e+11,4.518203972e+13,2.050563095e+13,943
2021-01-05,348,511,89,534,87,124.6,3.288679109e+11,1.90793486e+11,4.546297901e+13,2.050064769e+13,941
2021-01-06,118,790,41,430,122,125.95,3.206479236e+11,1.88887027e+11,4.541167051e+13,2.050840544e+13,942
2021-01-07,575,284,88,355,167,128.9,3.276183152e+11,1.91847391e+11,4.606232907e+13,2.046826772e+13,938
2021-01-08,387,481,79,291,188,131.2,3.299539329e+11,1.92769659e+11,4.683750344e+13,2.047478535e+13,941
2021-01-11,483,376,89,342,186,132.3,3.362141288e+11,1.94744944e+11,4.712046632e+13,2.047058166e+13,940
2021-01-12,147,754,46,294,212,132.1,3.231775673e+11,1.9150753e+11,4.694227644e+13,2.047549196e+13,938
2021-01-13,688,176,83,283,233,135.3,3.348269303e+11,1.95212571e+11,4.775961316e+13,2.046823552e+13,940
2021-01-14,400,444,103,265,259,134.05,3.428787106e+11,1.986749e+11,4.756980219e+13,2.047048972e+13,940
2021-01-15,97,809,41,273,284,134.5,3.291016152e+11,1.95440959e+11,4.729606706e+13,2.047206419e+13,941
2021-01-18,305,581,62,221,341,134.4,3.307039517e+11,1.95938145e+11,4.727566816e+13,2.048284261e+13,938
2021-01-19,450,386,113,185,390,137.95,3.365081026e+11,1.98027971e+11,4.808452592e+13,2.048619325e+13,940
2021-01-20,59,870,21,138,430,138.2,3.1915675e+11,1.93231918e+11,4.787617033e+13,2.049095849e+13,943
2021-01-21,445,404,101,118,490,143,3.275576644e+11,1.94740341e+11,4.893236674e+13,2.049833208e+13,942
2021-01-22,553,302,95,100,535,137.45,3.379659319e+11,1.97772542e+11,4.852641244e+13,2.049384111e+13,943
2021-01-25,591,276,83,123,537,135.6,3.416011518e+11,1.99605953e+11,4.831161179e+13,2.048222767e+13,942
2021-01-26,169,715,66,131,536,132.85,3.3036509e+11,1.98171989e+11,4.744819327e+13,2.049128749e+13,941
2021-01-27,548,299,103,137,501,133.05,3.37280894e+11,2.01011072e+11,4.757909921e+13,2.048443702e+13,943
2021-01-28,166,720,63,118,523,130.35,3.304199427e+11,2.00286762e+11,4.671731955e+13,2.048108466e+13,942
2021-01-29,119,775,55,92,549,128.2,3.207798301e+11,1.98191951e+11,4.587806586e+13,2.049270792e+13,942
2021-02-01,371,493,85,50,589,130.75,3.202089032e+11,1.96354794e+11,4.670112062e+13,2.050086704e+13,941
2021-02-02,691,169,89,53,584,134.45,3.245762495e+11,1.94807092e+11,4.776263881e+13,2.049877006e+13,941
2021-02-03,447,378,124,72,510,134.35,3.245494706e+11,1.94467085e+11,4.779070383e+13,2.04962198e+13,940
2021-02-04,335,507,107,93,436,133.55,3.221984605e+11,1.93416254e+11,4.75887963e+13,2.048709159e+13,939
2021-02-05,497,327,125,103,401,134.8,3.189018637e+11,1.89952641e+11,4.788902349e+13,2.050115406e+13,941
2021-02-17,801,109,40,146,246,140.55,3.351566635e+11,1.93048987e+11,4.959211825e+13,2.05068201e+13,942
2021-02-18,757,134,59,191,105,140.35,3.448469246e+11,1.96422393e+11,4.978044424e+13,2.050512713e+13,943
2021-02-19,558,285,107,212,52,138.85,3.500650224e+11,1.99702597e+11,4.952893756e+13,2.050241173e+13,941
2021-02-22,724,151,75,254,34,138.8,3.60045528e+11,2.03048919e+11,4.974564043e+13,2.052205674e+13,944
2021-02-23,608,280,62,308,22,138.5,3.620337235e+11,2.05162372e+11,4.986228458e+13,2.052696513e+13,942
2021-02-24,248,624,78,380,22,136.45,3.545810272e+11,2.05090123e+11,4.916523346e+13,2.054737134e+13,943
2021-02-25,618,237,95,429,27,137.55,3.621827917e+11,2.07647124e+11,4.989297244e+13,2.057678363e+13,942
2021-02-26,230,657,63,474,43,133.4,3.58161344e+11,2.09209692e+11,4.838378772e+13,2.068147784e+13,943
2021-03-02,239,647,64,490,82,133.45,3.504929122e+11,2.07401442e+11,4.836270559e+13,2.072574634e+13,943
2021-03-03,711,171,68,432,146,135.4,3.576848076e+11,2.08611375e+11,4.916527083e+13,2.072461917e+13,944
2021-03-04,307,546,97,394,154,132.75,3.547294122e+11,2.10623996e+11,4.823497185e+13,2.072006937e+13,941
2021-03-05,268,589,93,395,155,131.95,3.534834107e+11,2.11431492e+11,4.808012981e+13,2.071890864e+13,942
2021-03-08,419,442,89,343,150,131.85,3.507038013e+11,2.11823369e+11,4.798143365e+13,2.07221899e+13,943
2021-03-09,527,343,80,362,153,131.35,3.558999078e+11,2.14392438e+11,4.808289221e+13,2.073480976e+13,943
2021-03-10,469,356,125,417,172,131.9,3.569209064e+11,2.14442225e+11,4.825954916e+13,2.074813955e+13,942
2021-03-11,653,224,73,482,145,134.7,3.67188589e+11,2.15825802e+11,4.90732014e+13,2.079182465e+13,943
2021-03-12,430,403,117,548,103,135.25,3.686017989e+11,2.15831664e+11,4.929819281e+13,2.08424293e+13,940
2021-03-15,569,294,87,596,74,134.9,3.750110953e+11,2.18622587e+11,4.927158946e+13,2.08508909e+13,939
2021-03-16,459,380,111,603,69,135.35,3.768261722e+11,2.19279686e+11,4.947167474e+13,2.086479614e+13,943
2021-03-17,384,477,89,607,56,134.2,3.774584008e+11,2.19823995e+11,4.918422696e+13,2.093430335e+13,944
2021-03-18,597,262,90,621,53,134.9,3.83247023e+11,2.21271582e+11,4.939679106e+13,2.099998609e+13,942
2021-03-19,317,579,52,581,58,132.8,3.812768484e+11,2.22088148e+11,4.87459368e+13,2.100694189e+13,940
2021-03-22,548,323,78,567,62,133.4,3.897762596e+11,2.25596256e+11,4.914672047e+13,2.107569403e+13,942
2021-03-23,269,601,79,504,67,133.6,3.844836066e+11,2.25031013e+11,4.910810293e+13,2.118244287e+13,941
2021-03-24,460,397,93,491,67,131.5,3.875181229e+11,2.27128377e+11,4.867292372e+13,2.120600221e+13,943
2021-03-25,377,470,103,441,75,131.95,3.868403143e+11,2.28048637e+11,4.875179604e+13,2.125204147e+13,941
2021-03-26,625,223,102,466,68,134.35,3.968218107e+11,2.29766669e+11,4.950352922e+13,2.128428722e+13,944
2021-03-29,552,305,95,524,75,135.45,4.005971552e+11,2.3019716e+11,5.003068086e+13,2.136220127e+13,946
2021-03-30,551,295,106,585,58,135.9,4.057718071e+11,2.31312242e+11,5.026217776e+13,2.144867072e+13,942
2021-03-31,414,442,97,603,61,134.75,4.039323057e+11,2.32107089e+11,4.990851524e+13,2.171066133e+13,945
2021-04-01,424,423,106,604,66,135.75,4.074006299e+11,2.32812929e+11,5.034054518e+13,2.172433818e+13,944
2021-04-06,584,291,78,598,55,137.65,4.146430711e+11,2.33674744e+11,5.085736488e+13,2.172849201e+13,946
2021-04-07,567,285,100,651,54,137.8,4.222339209e+11,2.3610246e+11,5.10933895e+13,2.171949801e+13,945
2021-04-08,588,270,93,683,45,138.25,4.334894567e+11,2.39495053e+11,5.142959039e+13,2.171847937e+13,945
2021-04-09,349,529,73,673,47,137.95,4.275082057e+11,2.40178019e+11,5.121231686e+13,2.172492292e+13,944
2021-04-12,535,366,51,654,47,137.15,4.305182223e+11,2.42958854e+11,5.12670977e+13,2.173518909e+13,946
2021-04-13,285,609,58,610,72,137.15,4.220226952e+11,2.42012027e+11,5.115399801e+13,2.173087141e+13,946
2021-04-14,249,646,57,518,97,137.9,4.159558182e+11,2.40764227e+11,5.127889232e+13,2.173666386e+13,946
2021-04-15,713,177,63,463,107,139.05,4.286195159e+11,2.45359107e+11,5.191199954e+13,2.174405544e+13,946
2021-04-16,689,206,58,471,102,139.25,4.387242276e+11,2.47778385e+11,5.217675981e+13,2.174852689e+13,947
2021-04-19,652,266,35,575,90,139.5,4.517707588e+11,2.53719982e+11,5.249329029e+13,2.173516522e+13,947
2021-04-20,519,358,76,613,74,139.25,4.545647637e+11,2.54654899e+11,5.267519964e+13,2.174085565e+13,947
2021-04-21,424,466,63,632,70,138,4.639134119e+11,2.5936771e+11,5.230759542e+13,2.173371811e+13,947
2021-04-22,203,708,43,587,86,137.9,4.436802332e+11,2.55100041e+11,5.200257586e+13,2.175129937e+13,948
2021-04-23,537,330,87,519,115,139.15,4.579211955e+11,2.59846969e+11,5.261362022e+13,2.175723628e+13,948
2021-04-26,619,264,71,492,127,141.2,4.813142283e+11,2.67790795e+11,5.344575293e+13,2.175633141e+13,948
2021-04-27,481,401,72,540,112,141.25,4.823684792e+11,2.68507291e+11,5.352093653e+13,2.175324812e+13,948
2021-04-28,492,393,69,550,101,140.4,4.887910846e+11,2.71712406e+11,5.343958684e+13,2.17772625e+13,948
2021-04-29,311,576,67,512,107,140.6,4.910121333e+11,2.74063216e+11,5.344143998e+13,2.17829989e+13,948
2021-05-03,141,799,14,406,142,138.25,4.656687739e+11,2.69119473e+11,5.240126977e+13,2.180265289e+13,948
2021-05-04,77,863,15,230,195,137.05,4.324463742e+11,2.60221949e+11,5.15232757e+13,2.181154889e+13,949
2021-05-05,507,389,59,131,234,135.75,4.287261431e+11,2.60231912e+11,5.12534976e+13,2.181022906e+13,948
2021-05-06,405,467,83,90,274,136.95,4.280290926e+11,2.59788424e+11,5.177469264e+13,2.185699516e+13,948
2021-05-07,765,144,46,140,290,139.4,4.518137034e+11,2.64298597e+11,5.26653846e+13,2.192778249e+13,949
2021-05-10,494,413,48,203,302,138.45,4.617816916e+11,2.70229503e+11,5.253075294e+13,2.194732261e+13,949
2021-05-11,60,878,17,217,338,133.25,4.170150823e+11,2.57587189e+11,5.054868961e+13,2.19808128e+13,949
2021-05-12,50,897,8,111,434,129.4,3.768986452e+11,2.44639968e+11,4.847165202e+13,2.202944758e+13,949
2021-05-13,296,613,47,54,516,127.5,3.601021959e+11,2.36636884e+11,4.776061607e+13,2.212966431e+13,950
2021-05-14,446,455,55,26,589,128.95,3.494235276e+11,2.30817194e+11,4.827445665e+13,2.229063584e+13,950
2021-05-17,75,866,15,27,651,126.5,3.120033772e+11,2.14595444e+11,4.682260844e+13,2.232244384e+13,949
2021-05-18,914,32,10,31,686,132.3,3.387483649e+11,2.1626509e+11,4.924841265e+13,2.229731305e+13,950
2021-05-19,494,396,66,34,701,131.4,3.493366727e+11,2.18632614e+11,4.922217416e+13,2.230035482e+13,950
2021-05-20,229,658,69,46,672,130.5,3.392916351e+11,2.16571322e+11,4.894976685e+13,2.229770053e+13,949
2021-05-21,848,70,38,55,573,132.35,3.551819473e+11,2.1998899e+11,4.975569325e+13,2.231034157e+13,949
2021-05-24,641,254,61,71,332,132.15,3.64695426e+11,2.22034058e+11,4.987108345e+13,2.232030268e+13,948
2021-05-25,622,256,78,74,87,134.4,3.704284039e+11,2.22993954e+11,5.065489693e+13,2.232516474e+13,948
2021-05-26,556,291,109,80,58,134.5,3.777369368e+11,2.25719102e+11,5.08120942e+13,2.232522198e+13,949
2021-05-27,370,484,102,80,49,133.55,3.814007107e+11,2.26935645e+11,5.069619447e+13,2.233070944e+13,946
2021-05-28,773,138,45,94,38,135.8,4.016350774e+11,2.33365365e+11,5.152276786e+13,2.233306683e+13,950
2021-05-31,530,354,73,126,58,137.1,4.056463832e+11,2.34047805e+11,5.211914432e+13,2.239526328e+13,948
2021-06-01,705,179,73,145,47,137.7,4.221533214e+11,2.40126099e+11,5.242561856e+13,2.237459685e+13,952
2021-06-02,404,481,72,162,54,137.7,4.181618105e+11,2.40498196e+11,5.242119596e+13,2.238519287e+13,950
2021-06-03,582,279,96,192,68,137.6,4.331214039e+11,2.4595847e+11,5.268012765e+13,2.23893435e+13,950
2021-06-04,193,688,76,200,127,136.95,4.283700212e+11,2.46356191e+11,5.236281216e+13,2.236957085e+13,944
2021-06-07,279,603,75,212,196,137.3,4.225075089e+11,2.45921177e+11,5.21706458e+13,2.238690244e+13,948
2021-06-08,485,361,111,213,296,136.5,4.266109086e+11,2.47496957e+11,5.216188558e+13,2.240013588e+13,947
2021-06-09,254,613,90,193,384,135.5,4.241543864e+11,2.47956857e+11,5.182812016e+13,2.238535377e+13,949
2021-06-10,575,267,115,182,381,137.6,4.253106316e+11,2.48038908e+11,5.240799236e+13,2.238762662e+13,947
2021-06-11,426,422,109,172,380,138.1,4.348886495e+11,2.51459915e+11,5.258190138e+13,2.239476934e+13,949
2021-06-15,551,316,90,210,300,138.85,4.533813141e+11,2.56269364e+11,5.306934332e+13,2.238582037e+13,949
2021-06-16,280,584,92,227,284,138.7,4.411969725e+11,2.53970327e+11,5.290140397e+13,2.241351872e+13,951
2021-06-17,644,215,97,273,239,138.3,4.604766501e+11,2.60074832e+11,5.315702743e+13,2.241644142e+13,949
2021-06-18,321,547,88,287,243,138,4.646973338e+11,2.6260675e+11,5.294615492e+13,2.242501846e+13,949
2021-06-21,184,728,44,289,279,134.7,4.659096323e+11,2.63972139e+11,5.217500867e+13,2.241010208e+13,948
2021-06-22,494,370,92,275,332,134.85,4.659943099e+11,2.64833958e+11,5.221104103e+13,2.241172633e+13,948
2021-06-23,670,221,65,277,328,137.05,4.581018428e+11,2.62707409e+11,5.297567015e+13,2.240883176e+13,948
2021-06-24,650,214,92,376,224,136.7,4.776414328e+11,2.69060717e+11,5.321925499e+13,2.240815825e+13,948
2021-06-25,425,415,116,466,135,136.95,4.872438419e+11,2.72030069e+11,5.351158677e+13,2.240430811e+13,948
2021-06-28,510,350,96,531,101,137.2,5.130837147e+11,2.802892e+11,5.378833827e+13,2.240693547e+13,948
2021-06-29,208,667,81,507,109,137.6,5.006950395e+11,2.76613307e+11,5.381458525e+13,2.242007706e+13,950
2021-06-30,612,250,93,494,111,138.95,5.216955118e+11,2.86850018e+11,5.399859979e+13,2.230562779e+13,947
2021-07-01,265,606,84,458,110,138.3,5.265073595e+11,2.84114788e+11,5.417477691e+13,2.240691563e+13,947
2021-07-02,499,342,114,490,112,138.3,5.306004937e+11,2.89131431e+11,5.416422462e+13,2.241193814e+13,948
2021-07-05,710,175,70,505,109,139.6,5.520989972e+11,2.98062239e+11,5.474902514e+13,2.241554491e+13,949
2021-07-06,347,536,72,555,87,139.75,5.527252487e+11,2.98634866e+11,5.473317946e+13,2.24037275e+13,949
2021-07-07,348,513,95,568,89,139,5.355677518e+11,2.95537905e+11,5.454582131e+13,2.241589514e+13,951
2021-07-08,553,288,115,524,94,138.85,5.480538955e+11,2.99350679e+11,5.459031846e+13,2.240758739e+13,948
2021-07-09,272,599,85,469,104,137.75,5.237358174e+11,2.95462211e+11,5.396028137e+13,2.241287285e+13,950
2021-07-12,475,387,94,467,117,139,5.347006475e+11,2.99252325e+11,5.442240683e+13,2.241060942e+13,948
2021-07-13,282,607,67,396,140,140.15,5.077817697e+11,2.93348324e+11,5.451911672e+13,2.240645002e+13,951
2021-07-14,333,524,99,377,165,140.5,4.957183391e+11,2.91249246e+11,5.450467678e+13,2.240956273e+13,951
2021-07-15,683,183,89,354,181,141.8,5.206081002e+11,2.96486929e+11,5.507670931e+13,2.241107481e+13,947
2021-07-16,480,371,104,362,176,139.9,5.225720899e+11,2.9568878e+11,5.465542357e+13,2.24008958e+13,948
2021-07-19,447,407,101,431,156,138.3,5.305275318e+11,2.99927555e+11,5.437189395e+13,2.241073173e+13,948
2021-07-20,116,791,48,368,192,137.2,5.053908695e+11,2.95615548e+11,5.356199113e+13,2.239582626e+13,947
2021-07-21,271,598,86,301,242,136.7,4.915430198e+11,2.93773592e+11,5.335204634e+13,2.2428091e+13,948
2021-07-22,584,257,114,251,279,137.65,4.964104026e+11,2.94621287e+11,5.369496245e+13,2.24262608e+13,949
2021-07-23,639,237,79,275,290,137.65,5.040781268e+11,2.96455441e+11,5.369513888e+13,2.241174267e+13,947
2021-07-26,469,383,104,346,257,136.45,5.040299928e+11,2.98020214e+11,5.3181363e+13,2.241430636e+13,950
2021-07-27,180,692,84,328,236,136.4,4.891374266e+11,2.96570707e+11,5.276557522e+13,2.242401963e+13,949
2021-07-28,156,740,60,252,296,134.25,4.712285369e+11,2.89517961e+11,5.234926248e+13,2.242383636e+13,949
2021-07-29,713,161,81,192,327,136.5,4.913379102e+11,2.91602781e+11,5.313116901e+13,2.237591689e+13,948
2021-07-30,256,617,82,173,351,136.05,4.79385221e+11,2.91466562e+11,5.26528682e+13,2.23720287e+13,946
2021-08-02,625,226,104,213,305,137.9,4.906066207e+11,2.91966515e+11,5.343317052e+13,2.238718922e+13,947
2021-08-03,421,398,136,228,297,138.45,4.939275723e+11,2.92985833e+11,5.358625548e+13,2.239832556e+13,946
2021-08-04,434,382,139,258,259,139.25,4.975124999e+11,2.93619248e+11,5.378228135e+13,2.238164794e+13,942
2021-08-05,293,539,123,251,269,139,4.94869826e+11,2.93909481e+11,5.378419611e+13,2.239713567e+13,945
2021-08-06,327,497,131,227,279,138.8,4.93258955e+11,2.93561681e+11,5.356583879e+13,2.240966372e+13,948
2021-08-09,209,656,91,207,347,138.4,4.822176387e+11,2.90197545e+11,5.347419242e+13,2.247335965e+13,949
2021-08-10,176,685,95,160,417,137.65,4.672891266e+11,2.85274027e+11,5.297467386e+13,2.247749408e+13,946
2021-08-11,174,701,81,95,504,137.2,4.462596551e+11,2.78085058e+11,5.267476267e+13,2.247308696e+13,947
2021-08-12,575,254,127,78,543,136.95,4.573705913e+11,2.80174691e+11,5.265165113e+13,2.24929311e+13,943
2021-08-13,132,752,72,69,577,135.65,4.421055176e+11,2.77783137e+11,5.193554287e+13,2.261304405e+13,947
2021-08-16,125,763,68,53,617,135.35,4.296195005e+11,2.73298269e+11,5.155677108e+13,2.267073432e+13,948
2021-08-17,179,685,92,35,683,134.35,4.139480982e+11,2.69314502e+11,5.095821741e+13,2.268349478e+13,950
2021-08-18,723,150,83,30,709,134.9,4.345561217e+11,2.70077735e+11,5.145881023e+13,2.266709073e+13,948
2021-08-19,60,844,52,33,740,131.8,4.108849053e+11,2.67133785e+11,5.010142261e+13,2.266738323e+13,949
2021-08-20,388,431,137,35,743,130.75,4.136476317e+11,2.65704696e+11,5.000142463e+13,2.269621565e+13,949
2021-08-23,860,47,49,35,733,134.35,4.386315966e+11,2.70259633e+11,5.123692241e+13,2.276626049e+13,950
2021-08-24,417,447,92,51,646,134.75,4.323494072e+11,2.68544853e+11,5.145714641e+13,2.277356811e+13,949
2021-08-25,706,161,89,66,367,136.05,4.424121131e+11,2.69299032e+11,5.215308095e+13,2.278373579e+13,949
2021-08-26,337,490,129,77,260,137,4.446473787e+11,2.71668828e+11,5.221266397e+13,2.281790949e+13,948
2021-08-27,573,278,105,79,161,138.15,4.394618968e+11,2.69534976e+11,5.264884943e+13,2.279547481e+13,950
2021-08-30,583,257,116,94,157,139.5,4.419642964e+11,2.69995592e+11,5.321661526e+13,2.281828469e+13,950
2021-08-31,480,366,110,114,172,140.35,4.383796502e+11,2.68234002e+11,5.346391932e+13,2.283783719e+13,948
2021-09-01,577,296,83,124,138,141,4.373438668e+11,2.67554611e+11,5.341154698e+13,2.283577226e+13,950
2021-09-02,175,709,71,135,188,139.9,4.305061768e+11,2.67304376e+11,5.291836903e+13,2.282728424e+13,946
2021-09-03,619,232,104,150,237,141.9,4.328816745e+11,2.68328004e+11,5.352584866e+13,2.282564816e+13,948
2021-09-06,147,737,71,152,362,142.55,4.224330759e+11,2.66960555e+11,5.334989005e+13,2.283311749e+13,944
2021-09-07,322,517,116,142,430,141.9,4.209175396e+11,2.65162531e+11,5.306633882e+13,2.281769229e+13,943
2021-09-08,115,777,63,104,574,140.65,4.104802916e+11,2.62952042e+11,5.260727153e+13,2.282701071e+13,946
2021-09-09,588,252,116,87,612,140.3,4.154034861e+11,2.63146821e+11,5.272657595e+13,2.282457793e+13,948
2021-09-10,650,194,112,75,614,141.95,4.242686738e+11,2.64265779e+11,5.323324969e+13,2.282978075e+13,947
2021-09-13,511,364,82,114,528,141.45,4.236761965e+11,2.64653896e+11,5.317635948e+13,2.284605912e+13,951
2021-09-14,396,433,128,144,437,141.6,4.176482838e+11,2.64274494e+11,5.314786959e+13,2.284854622e+13,948
2021-09-15,320,519,118,152,393,140.75,4.158232707e+11,2.64050373e+11,5.290191706e+13,2.285622924e+13,949
2021-09-16,339,489,129,153,402,140.1,4.149882042e+11,2.64266555e+11,5.266380031e+13,2.285612897e+13,949
2021-09-17,488,353,116,162,383,140.5,4.209420063e+11,2.64378901e+11,5.267356273e+13,2.286334913e+13,952
2021-09-22,100,823,34,146,446,137.2,4.101610773e+11,2.6357938e+11,5.160659168e+13,2.285756448e+13,947
2021-09-23,686,190,81,140,477,138,4.147205973e+11,2.63626185e+11,5.20201161e+13,2.287091607e+13,948
2021-09-24,642,206,109,131,478,139.65,4.237995715e+11,2.6523798e+11,5.260956623e+13,2.287801684e+13,950
2021-09-27,559,318,80,185,378,140,4.258748934e+11,2.66204586e+11,5.277978584e+13,2.28878814e+13,949
2021-09-28,329,523,105,210,319,139,4.203310036e+11,2.66685702e+11,5.236965271e+13,2.288616409e+13,945
2021-09-29,110,794,54,195,357,136,4.094919034e+11,2.65575908e+11,5.139464671e+13,2.288094639e+13,949
2021-09-30,694,168,94,196,384,137.05,4.162462498e+11,2.66014824e+11,5.163157323e+13,2.287411571e+13,942
2021-10-01,35,886,35,137,477,133.95,3.891079338e+11,2.59424153e+11,5.0527813e+13,2.289301804e+13,948
2021-10-04,179,706,71,115,523,133.15,3.712158355e+11,2.53184985e+11,5.005168974e+13,2.291296838e+13,948
2021-10-05,634,245,77,78,578,132.95,3.768900714e+11,2.51601551e+11,5.021335707e+13,2.290810745e+13,948
2021-10-06,248,608,100,80,580,133,3.702652292e+11,2.51252047e+11,5.000876084e+13,2.290357942e+13,948
2021-10-07,877,40,36,123,537,135.35,3.775475333e+11,2.51040817e+11,5.096875247e+13,2.290907633e+13,945
2021-10-08,371,465,118,154,505,134.2,3.766720831e+11,2.51374377e+11,5.07398477e+13,2.290906092e+13,945
2021-10-12,207,672,76,187,424,132.85,3.644723088e+11,2.48810833e+11,5.020243958e+13,2.29075755e+13,948
2021-10-13,222,644,88,157,448,132.4,3.583136771e+11,2.47276575e+11,4.983032604e+13,2.291116271e+13,947
2021-10-14,523,316,115,141,490,132.75,3.609973788e+11,2.46508125e+11,4.996379621e+13,2.291497212e+13,946
2021-10-15,735,138,81,154,419,136.25,3.673003352e+11,2.4638251e+11,5.125570596e+13,2.302459188e+13,944
2021-10-18,496,353,108,170,290,135.85,3.699544367e+11,2.45515713e+11,5.111038868e+13,2.304779179e+13,949
2021-10-19,656,216,85,190,184,136.95,3.754785483e+11,2.45744911e+11,5.171728098e+13,2.303703828e+13,951
2021-10-20,421,424,113,208,142,136.6,3.779033748e+11,2.46685086e+11,5.169302167e+13,2.306102438e+13,952
2021-10-21,461,388,109,233,123,136.1,3.807762006e+11,2.47999714e+11,5.168793059e+13,2.304639039e+13,948
2021-10-22,364,490,104,241,134,136.5,3.815711997e+11,2.48501531e+11,5.168355626e+13,2.305201517e+13,943
2021-10-25,572,295,93,230,136,136.4,3.899052894e+11,2.5001644e+11,5.174862844e+13,2.306592262e+13,954
2021-10-26,567,301,91,258,154,137.55,3.915911362e+11,2.51136823e+11,5.217397202e+13,2.307521631e+13,954
2021-10-27,484,374,101,300,150,137.55,3.98443793e+11,2.52932883e+11,5.226142982e+13,2.305740631e+13,952
2021-10-28,444,400,113,331,141,137.15,4.021992466e+11,2.54117829e+11,5.2197886e+13,2.312982283e+13,943
2021-10-29,354,488,114,338,160,135.8,4.068601616e+11,2.55433428e+11,5.205380404e+13,2.313892561e+13,946
2021-11-01,618,243,95,382,160,136.5,4.187649534e+11,2.59445801e+11,5.22981564e+13,2.313209745e+13,947
2021-11-02,245,619,92,380,159,136.25,4.175601604e+11,2.60817958e+11,5.229914854e+13,2.31485442e+13,947
2021-11-03,612,239,105,392,137,136.6,4.260075342e+11,2.62291856e+11,5.247667898e+13,2.316639507e+13,949
2021-11-04,456,386,115,386,143,136.15,4.246382119e+11,2.63063087e+11,5.234842514e+13,2.317985577e+13,951
2021-11-05,415,416,126,424,132,138.1,4.319215018e+11,2.64349332e+11,5.299503415e+13,2.321090839e+13,946
2021-11-08,478,391,90,437,136,139.2,4.407792972e+11,2.65615302e+11,5.339822804e+13,2.332708912e+13,953
2021-11-09,475,369,115,431,120,140.7,4.424374889e+11,2.65737409e+11,5.378521995e+13,2.336974542e+13,952
2021-11-10,459,403,97,444,90,140.5,4.454614431e+11,2.67944002e+11,5.384159514e+13,2.33979752e+13,953
2021-11-11,381,484,93,452,106,139.25,4.396086268e+11,2.68334044e+11,5.342426051e+13,2.335369825e+13,948
2021-11-12,411,431,116,450,114,139.7,4.425104733e+11,2.68482316e+11,5.370087466e+13,2.355653266e+13,950
2021-11-15,519,362,78,468,122,140.95,4.494895397e+11,2.70407102e+11,5.407447835e+13,2.363633508e+13,953
2021-11-16,429,418,112,473,129,141.2,4.520834527e+11,2.70660146e+11,5.424970549e+13,2.362274071e+13,953
2021-11-17,491,379,89,500,134,141.65,4.608866858e+11,2.74050553e+11,5.447283105e+13,2.360002407e+13,954
2021-11-18,447,412,97,495,138,142.45,4.621799112e+11,2.74482717e+11,5.472485422e+13,2.363261241e+13,950
2021-11-19,291,565,100,488,137,142.8,4.623858064e+11,2.75671826e+11,5.465340264e+13,2.361872734e+13,949
2021-11-22,527,326,104,466,145,142.45,4.649016385e+11,2.7535106e+11,5.462385284e+13,2.359482241e+13,950
2021-11-23,189,688,80,414,153,141.1,4.5544843e+11,2.73648274e+11,5.41967088e+13,2.357538476e+13,947
2021-11-24,605,252,100,414,148,140.5,4.625808024e+11,2.75764603e+11,5.412912834e+13,2.359242278e+13,949
2021-11-25,347,486,122,338,133,140.45,4.656135584e+11,2.77809171e+11,5.411170063e+13,2.354907347e+13,948
2021-11-26,102,810,43,281,147,138.15,4.459707422e+11,2.73211949e+11,5.323908582e+13,2.347613044e+13,946
2021-11-29,251,630,76,179,196,138.15,4.439816736e+11,2.71492289e+11,5.312047642e+13,2.345795791e+13,948
2021-11-30,596,277,85,153,235,138,4.537476462e+11,2.73108202e+11,5.342229564e+13,2.345439229e+13,949
2021-12-01,617,264,77,189,241,140.3,4.620096942e+11,2.75384843e+11,5.391949106e+13,2.346141445e+13,952
2021-12-02,224,654,80,247,253,141.8,4.634445974e+11,2.76872544e+11,5.433742473e+13,2.346203629e+13,949
2021-12-03,629,205,124,285,250,141.75,4.704220843e+11,2.78462123e+11,5.425497176e+13,2.346264469e+13,951
2021-12-06,436,424,101,292,246,141.35,4.769548207e+11,2.79727169e+11,5.454120215e+13,2.354778728e+13,953
2021-12-07,475,373,113,355,221,141.8,4.793035578e+11,2.79918579e+11,5.485620965e+13,2.354388986e+13,951
2021-12-08,547,286,129,374,200,142.35,4.787767428e+11,2.78908956e+11,5.497760267e+13,2.355471958e+13,954
2021-12-09,443,405,113,393,150,142,4.800522713e+11,2.79547192e+11,5.520371528e+13,2.352951243e+13,952
2021-12-10,317,537,107,385,136,141.95,4.745939433e+11,2.79481062e+11,5.495245441e+13,2.353549411e+13,953
2021-12-13,463,404,94,371,158,141.5,4.734090738e+11,2.79030569e+11,5.477072411e+13,2.353761651e+13,953
2021-12-14,102,797,62,286,228,140.1,4.543280511e+11,2.74846778e+11,5.423113173e+13,2.352534458e+13,951
2021-12-15,528,314,119,258,274,140.3,4.640913387e+11,2.76140551e+11,5.44346317e+13,2.354450056e+13,954
2021-12-16,554,275,130,239,305,142.05,4.73790094e+11,2.79146029e+11,5.481499314e+13,2.353584957e+13,951
2021-12-17,344,519,96,260,295,141.9,4.710340695e+11,2.78993538e+11,5.490072819e+13,2.353876688e+13,954
2021-12-20,357,495,107,267,287,140.65,4.696406353e+11,2.79528026e+11,5.429605698e+13,2.336441112e+13,950
2021-12-21,611,227,121,233,292,141.85,4.761254607e+11,2.80371186e+11,5.469237596e+13,2.338200928e+13,952
2021-12-22,431,378,151,258,247,141.85,4.773835895e+11,2.80962193e+11,5.483116719e+13,2.339008368e+13,953
2021-12-23,555,276,129,325,177,142.65,4.80077505e+11,2.81376657e+11,5.519044131e+13,2.33854306e+13,951
2021-12-24,374,438,148,341,136,143.05,4.79487687e+11,2.81583023e+11,5.523748337e+13,2.338209689e+13,949
2021-12-27,594,253,115,394,97,144.15,4.832265398e+11,2.8233091e+11,5.552741616e+13,2.339538017e+13,955
2021-12-28,426,418,118,395,99,145.3,4.836870888e+11,2.81689753e+11,5.6017371e+13,2.342870222e+13,954
2021-12-29,606,232,121,419,80,145.95,4.844376925e+11,2.81982192e+11,5.61528534e+13,2.340681209e+13,952
2021-12-30,373,459,127,447,70,145.5,4.842413816e+11,2.82217824e+11,5.605663101e+13,2.341168738e+13,952
2022-01-03,284,578,98,451,78,146.4,4.795752121e+11,2.82449509e+11,5.620817428e+13,2.340409301e+13,950
2022-01-04,384,460,116,445,123,149.6,4.837402922e+11,2.83576842e+11,5.699831614e+13,2.340150386e+13,952
2022-01-05,295,566,99,371,167,149.3,4.822839733e+11,2.84347962e+11,5.694599016e+13,2.340522267e+13,953
2022-01-06,307,542,112,344,203,147.9,4.780143456e+11,2.84101376e+11,5.654197728e+13,2.340761713e+13,953
2022-01-07,203,675,84,257,246,146.6,4.647280536e+11,2.81250557e+11,5.59832037e+13,2.342740197e+13,955
2022-01-10,487,358,118,226,276,147.55,4.643378671e+11,2.81034115e+11,5.618332647e+13,2.341481863e+13,953
2022-01-11,236,641,86,199,292,148.3,4.539877523e+11,2.78684857e+11,5.63530615e+13,2.342470712e+13,958
2022-01-12,422,438,103,210,304,149.55,4.492696773e+11,2.77123972e+11,5.660971191e+13,2.341923715e+13,956
2022-01-13,416,433,115,210,337,150.3,4.460227436e+11,2.76229676e+11,5.686814733e+13,2.343282895e+13,956
2022-01-14,133,777,54,198,367,150.3,4.404060911e+11,2.73761363e+11,5.676636748e+13,2.342889796e+13,959
2022-01-17,566,296,102,194,401,152,4.439068932e+11,2.73724245e+11,5.714306018e+13,2.34250581e+13,956
2022-01-18,426,406,132,165,413,150.3,4.421337633e+11,2.7295021e+11,5.669971585e+13,2.342223734e+13,955
2022-01-19,241,607,118,189,413,148.5,4.331727067e+11,2.70452751e+11,5.624736288e+13,2.343150584e+13,958
2022-01-20,525,300,141,205,389,149.1,4.360112713e+11,2.70323618e+11,5.622854123e+13,2.343355189e+13,959
2022-01-21,60,858,48,127,443,142.65,4.176120662e+11,2.66694022e+11,5.523874836e+13,2.343327148e+13,956
2022-01-24,280,587,99,89,498,144,4.117329975e+11,2.63350547e+11,5.551544437e+13,2.343035673e+13,959
2022-01-25,91,823,52,50,573,141.65,3.979567459e+11,2.60593413e+11,5.462010184e+13,2.343569561e+13,958
2022-01-26,521,326,119,44,602,141.55,3.925903365e+11,2.56445014e+11,5.45376585e+13,2.344193808e+13,960
2022-02-07,838,88,40,69,601,142.3,4.083209965e+11,2.59031744e+11,5.523232961e+13,2.343487916e+13,958
2022-02-08,756,143,67,147,446,142.9,4.185513766e+11,2.6118282e+11,5.544116751e+13,2.342568715e+13,958
2022-02-09,722,147,97,213,170,143.4,4.263276513e+11,2.6188338e+11,5.600419758e+13,2.342796205e+13,958
2022-02-10,386,452,128,234,75,145.05,4.296418504e+11,2.63291737e+11,5.658087033e+13,2.342643089e+13,958
2022-02-11,303,551,112,238,75,144.95,4.289245054e+11,2.6350955e+11,5.649353995e+13,2.34469637e+13,959
2022-02-14,118,795,53,221,134,142.7,4.18896821e+11,2.63152721e+11,5.552054762e+13,2.345331899e+13,960
2022-02-15,393,456,117,211,265,142.05,4.202415854e+11,2.63551169e+11,5.538753636e+13,2.346100117e+13,960
2022-02-16,779,112,75,203,340,144.4,4.280998507e+11,2.64034602e+11,5.625050594e+13,2.345437423e+13,959
2022-02-17,444,405,117,224,314,144.5,4.296368929e+11,2.64774256e+11,5.635614274e+13,2.343961965e+13,959
2022-02-18,533,305,128,286,287,144.1,4.376763279e+11,2.67034642e+11,5.62521778e+13,2.34406231e+13,957
2022-02-21,454,392,120,300,274,143.8,4.428708184e+11,2.698547e+11,5.621734004e+13,2.345023607e+13,959
2022-02-22,65,849,52,270,332,141.85,4.2171071e+11,2.6750703e+11,5.508229084e+13,2.340902249e+13,958
2022-02-23,693,159,114,247,358,142.25,4.379748115e+11,2.69379678e+11,5.570652224e+13,2.347724081e+13,958
2022-02-24,57,884,24,171,468,138.8,4.149044439e+11,2.64032727e+11,5.427815511e+13,2.350296786e+13,959
2022-02-25,602,260,103,161,498,138.5,4.231699069e+11,2.66167981e+11,5.444718216e+13,2.371816913e+13,957
2022-03-01,800,108,57,156,496,140.45,4.342252236e+11,2.66890791e+11,5.521732094e+13,2.379245647e+13,958
2022-03-02,474,381,110,227,433,139.65,4.37696503e+11,2.69009962e+11,5.512300375e+13,2.378890765e+13,957
2022-03-03,466,346,153,294,321,139.95,4.460053637e+11,2.71652022e+11,5.532766674e+13,2.378807972e+13,958
2022-03-04,179,707,78,286,327,138.45,4.45297874e+11,2.73849123e+11,5.472417738e+13,2.379484086e+13,960
2022-03-07,52,902,10,200,456,134,4.202319844e+11,2.6903328e+11,5.299894369e+13,2.379053136e+13,959
2022-03-08,78,847,40,94,561,131.15,3.995763185e+11,2.62299095e+11,5.193270914e+13,2.382353774e+13,959
2022-03-09,774,118,73,61,587,132.5,4.113738165e+11,2.64064412e+11,5.251863654e+13,2.383315036e+13,959
2022-03-10,835,80,50,79,588,136.35,4.19641687e+11,2.63939892e+11,5.380335905e+13,2.387515529e+13,957
2022-03-11,246,618,102,130,534,134.4,4.215885798e+11,2.65609675e+11,5.328890914e+13,2.39034878e+13,957
2022-03-14,480,362,124,167,475,134.4,4.289417758e+11,2.68267912e+11,5.32849439e+13,2.391894777e+13,959
2022-03-15,98,811,57,154,503,131.65,4.131063011e+11,2.66035433e+11,5.224783486e+13,2.411222599e+13,959
2022-03-16,499,337,130,145,491,132.2,4.068574784e+11,2.64097007e+11,5.229392035e+13,2.419306386e+13,960
2022-03-17,884,55,26,158,426,136.4,4.223197622e+11,2.64605301e+11,5.384884922e+13,2.424408412e+13,959
2022-03-18,518,332,115,195,224,136.1,4.199488005e+11,2.6410863e+11,5.386633856e+13,2.424999696e+13,956
2022-03-21,594,253,118,245,103,137,4.230966381e+11,2.64625633e+11,5.418710753e+13,2.426798292e+13,954
2022-03-22,539,300,126,281,105,136.8,4.234721019e+11,2.64490426e+11,5.419463898e+13,2.428938865e+13,957
2022-03-23,532,300,133,302,91,138.1,4.274422699e+11,2.64802038e+11,5.473513052e+13,2.433104468e+13,959
2022-03-24,375,473,116,309,82,138,4.283363613e+11,2.66473625e+11,5.463032266e+13,2.439796955e+13,959
2022-03-25,268,598,98,322,105,138.2,4.210852862e+11,2.65405589e+11,5.455784074e+13,2.441390621e+13,958
2022-03-28,332,544,89,314,160,136.7,4.204378728e+11,2.65578378e+11,5.407988293e+13,2.448511628e+13,959
2022-03-29,423,427,115,296,245,136.85,4.221146971e+11,2.66075724e+11,5.416996852e+13,2.449651036e+13,959
2022-03-30,654,214,97,311,253,138.55,4.246862971e+11,2.65892074e+11,5.476001341e+13,2.452497947e+13,959
2022-03-31,259,601,105,299,264,138.1,4.21681289e+11,2.65833142e+11,5.461251093e+13,2.457312571e+13,958
2022-04-01,322,539,104,292,266,136.95,4.224811554e+11,2.65675623e+11,5.440550495e+13,2.45652329e+13,957
2022-04-06,427,462,77,243,316,136.25,4.225853147e+11,2.67859193e+11,5.408823395e+13,2.457087123e+13,958
2022-04-07,115,789,61,210,374,133.8,4.065473269e+11,2.65467802e+11,5.302871911e+13,2.455381109e+13,958
2022-04-08,652,218,95,197,378,134.55,4.141451667e+11,2.66191618e+11,5.335377196e+13,2.455611023e+13,957
2022-04-11,171,745,49,162,422,132.45,4.027462354e+11,2.64163019e+11,5.263494635e+13,2.455918289e+13,958
2022-04-12,305,543,117,174,438,132.55,4.005435103e+11,2.63375783e+11,5.244742754e+13,2.455262786e+13,958
2022-04-13,770,139,56,167,445,135.05,4.095854263e+11,2.64230977e+11,5.334384182e+13,2.449997092e+13,957
2022-04-14,386,465,113,190,416,134.55,4.105710186e+11,2.64837707e+11,5.321898893e+13,2.455968573e+13,958
2022-04-15,187,698,79,206,389,132.25,4.047252462e+11,2.64314252e+11,5.247559506e+13,2.455750968e+13,960
2022-04-18,247,639,78,183,430,131.55,3.993184485e+11,2.63433781e+11,5.215081732e+13,2.455213309e+13,959
2022-04-19,650,219,95,181,447,132,4.037521967e+11,2.63384134e+11,5.243746434e+13,2.454790652e+13,958
2022-04-20,544,306,114,200,420,132.65,4.085695759e+11,2.64434627e+11,5.292111252e+13,2.45467821e+13,959
2022-04-21,473,378,113,229,340,132.75,4.102421708e+11,2.64441722e+11,5.284167683e+13,2.454015497e+13,956
2022-04-22,290,584,90,245,299,131.6,4.082001359e+11,2.64899731e+11,5.25363286e+13,2.454828114e+13,957
2022-04-25,41,894,30,189,440,129.25,3.86110557e+11,2.59689943e+11,5.130717097e+13,2.457383066e+13,958
2022-04-26,435,419,111,130,530,129.25,3.815091095e+11,2.57398956e+11,5.138005509e+13,2.457921463e+13,956
2022-04-27,110,816,38,67,591,126.55,3.720834126e+11,2.52837739e+11,5.033213383e+13,2.460135493e+13,958
2022-04-28,606,271,87,67,599,127.1,3.743618083e+11,2.52966966e+11,5.067959677e+13,2.461791877e+13,957
2022-04-29,593,276,95,64,616,128.75,3.777643349e+11,2.51787563e+11,5.12245706e+13,2.463540854e+13,959
2022-05-03,379,498,87,79,582,127.8,3.78934251e+11,2.51848012e+11,5.09352556e+13,2.463605881e+13,957
2022-05-04,459,385,120,94,541,127.8,3.834480209e+11,2.52497809e+11,5.112654603e+13,2.464858832e+13,957
2022-05-05,658,197,109,107,460,129.25,3.886531393e+11,2.5314345e+11,5.153552459e+13,2.466035237e+13,955
2022-05-06,131,780,53,101,415,126.65,3.830496556e+11,2.53016723e+11,5.065638975e+13,2.483751113e+13,957
2022-05-09,59,874,32,82,499,124.55,3.671966538e+11,2.50126279e+11,4.956566235e+13,2.484296083e+13,960
2022-05-10,522,348,95,58,625,124,3.698646512e+11,2.48696514e+11,4.960749683e+13,2.487741134e+13,958
2022-05-11,236,647,82,49,679,124.2,3.657210117e+11,2.48382067e+11,4.943076148e+13,2.493597863e+13,956
2022-05-12,69,852,45,37,710,121.25,3.516798934e+11,2.44115519e+11,4.824258588e+13,2.499485717e+13,960
2022-05-13,784,121,61,33,721,122.35,3.590166137e+11,2.43816019e+11,4.891507091e+13,2.531865438e+13,961
2022-05-16,533,340,93,41,718,123,3.554817909e+11,2.4227978e+11,4.914351939e+13,2.522167893e+13,956
2022-05-17,715,169,82,60,597,124.35,3.579505353e+11,2.41600907e+11,4.963541559e+13,2.523840852e+13,957
2022-05-18,696,193,77,73,449,125.7,3.609282344e+11,2.40843578e+11,5.039132448e+13,2.525017555e+13,962
2022-05-19,198,696,72,86,325,123.3,3.583856064e+11,2.41325531e+11,4.953524122e+13,2.523241781e+13,959
2022-05-20,610,257,100,93,219,124.65,3.605352747e+11,2.41803166e+11,4.99273261e+13,2.525155414e+13,961
2022-05-23,512,346,109,96,233,124.9,3.659343812e+11,2.42488788e+11,4.990319694e+13,2.515566918e+13,958
2022-05-24,154,720,93,101,209,123.5,3.59227705e+11,2.42277778e+11,4.933650959e+13,2.504922145e+13,955
2022-05-25,721,148,98,112,211,124.45,3.651768243e+11,2.42997709e+11,4.980204804e+13,2.50561067e+13,961
2022-05-26,317,520,130,119,304,122.9,3.621157725e+11,2.43362307e+11,4.937843275e+13,2.506952018e+13,960
2022-05-27,707,152,108,148,239,125.5,3.663499036e+11,2.42664227e+11,5.030322209e+13,2.497126513e+13,961
2022-05-30,789,127,51,188,177,128.55,3.708092331e+11,2.41249354e+11,5.13785202e+13,2.498419239e+13,962
2022-05-31,475,378,114,233,98,129.8,3.708551789e+11,2.40591083e+11,5.197641719e+13,2.498240597e+13,959
2022-06-01,498,370,100,270,56,129.15,3.744346688e+11,2.41873188e+11,5.157440758e+13,2.49803097e+13,959
2022-06-02,329,514,125,285,92,127.8,3.74020514e+11,2.42845808e+11,5.118891152e+13,2.49911118e+13,959
2022-06-06,469,381,119,306,120,128.7,3.745821168e+11,2.42964895e+11,5.143670628e+13,2.49894638e+13,962
2022-06-07,341,515,113,323,145,127.4,3.749912661e+11,2.43261143e+11,5.115023255e+13,2.498514411e+13,964
2022-06-08,521,309,139,340,168,128.8,3.753313717e+11,2.42754599e+11,5.163236528e+13,2.500338841e+13,962
2022-06-09,448,391,130,350,189,128.4,3.736673333e+11,2.42714824e+11,5.148407694e+13,2.498706161e+13,963
2022-06-10,316,544,109,347,202,127.1,3.702557242e+11,2.42197902e+11,5.09943902e+13,2.500343282e+13,963
2022-06-13,63,873,33,259,284,123.55,3.583170948e+11,2.41556677e+11,4.979037823e+13,2.49919565e+13,963
2022-06-14,304,561,104,170,344,123.35,3.583645422e+11,2.41574083e+11,4.971922908e+13,2.500592327e+13,965
2022-06-15,620,287,62,131,359,122.75,3.546183835e+11,2.40486013e+11,4.957990334e+13,2.500981199e+13,964
2022-06-16,109,788,72,120,376,122.5,3.38154076e+11,2.3554008e+11,4.908379167e+13,2.49974514e+13,961
2022-06-17,227,668,74,118,388,120.85,3.307692428e+11,2.31698791e+11,4.847552662e+13,2.49929519e+13,959
2022-06-20,64,870,35,72,475,119.75,3.08188309e+11,2.2270233e+11,4.763118732e+13,2.499514946e+13,963
2022-06-21,909,31,29,74,486,122.2,3.137296423e+11,2.19229066e+11,4.875076745e+13,2.500145054e+13,963
2022-06-22,72,843,54,66,519,119.5,2.966848968e+11,2.14114018e+11,4.754658849e+13,2.499426368e+13,959
2022-06-23,475,353,141,100,544,117.9,2.900087989e+11,2.10404758e+11,4.703279326e+13,2.500528683e+13,964
2022-06-24,750,152,67,107,562,118.15,2.938067765e+11,2.09523532e+11,4.742600528e+13,2.50101351e+13,963
2022-06-27,823,86,59,167,488,120.95,3.022930028e+11,2.09629086e+11,4.818010317e+13,2.501627036e+13,963
2022-06-28,196,685,87,213,382,119.8,2.989477779e+11,2.09327189e+11,4.78381133e+13,2.499924052e+13,960
2022-06-29,264,588,116,215,306,118.8,2.946975196e+11,2.09726316e+11,4.722503275e+13,2.500110361e+13,962
2022-06-30,59,865,45,184,475,115.8,2.828993163e+11,2.06725105e+11,4.602788806e+13,2.501095034e+13,964
2022-07-01,58,877,34,93,613,111.55,2.594702752e+11,1.96445574e+11,4.452646255e+13,2.500201145e+13,964
2022-07-04,545,324,100,48,662,110.45,2.581154421e+11,1.93412424e+11,4.413356539e+13,2.500968827e+13,963
2022-07-05,777,131,61,55,691,111,2.641687927e+11,1.93180359e+11,4.455468274e+13,2.50050727e+13,963
2022-07-06,69,852,47,59,697,108.85,2.543579642e+11,1.91054887e+11,4.318267746e+13,2.496834779e+13,963
2022-07-07,745,140,83,61,710,112.1,2.609768673e+11,1.89771527e+11,4.425796603e+13,2.497252283e+13,962
2022-07-08,593,280,95,61,720,113.25,2.654245263e+11,1.89954736e+11,4.466107377e+13,2.498740662e+13,962
2022-07-11,330,538,100,70,599,112.25,2.643653038e+11,1.90305569e+11,4.429832848e+13,2.498665327e+13,961
2022-07-12,68,854,46,56,585,109.55,2.522034144e+11,1.88217854e+11,4.308685678e+13,2.49899824e+13,963
2022-07-13,828,85,56,55,569,113.45,2.597224588e+11,1.88486826e+11,4.446332057e+13,2.501305338e+13,962
2022-07-14,604,235,130,58,539,114,2.654554987e+11,1.89160534e+11,4.483432844e+13,2.501585109e+13,961
2022-07-15,401,472,96,65,421,115.5,2.689732645e+11,1.90602949e+11,4.518683146e+13,2.501835928e+13,964
2022-07-18,711,162,96,75,355,114.2,2.736410986e+11,1.90943686e+11,4.572150292e+13,2.502350847e+13,963
2022-07-19,596,261,112,89,295,114.3,2.756258641e+11,1.91618764e+11,4.563744658e+13,2.50204197e+13,964
2022-07-20,408,456,105,102,249,115.05,2.751583473e+11,1.91024002e+11,4.572169768e+13,2.502082875e+13,965
2022-07-21,678,177,114,109,201,116.35,2.80322173e+11,1.90847336e+11,4.632694005e+13,2.50097e+13,963
2022-07-22,419,441,109,107,186,116.8,2.803282468e+11,1.91145679e+11,4.637120588e+13,2.501565659e+13,964
2022-07-25,526,319,124,120,146,116.7,2.799058931e+11,1.91585486e+11,4.632959158e+13,2.502069149e+13,962
2022-07-26,285,598,86,123,175,115.65,2.748655145e+11,1.91179256e+11,4.591923768e+13,2.502162733e+13,962
2022-07-27,572,283,114,149,228,116.7,2.77482509e+11,1.91169234e+11,4.626769681e+13,2.501838081e+13,962
2022-07-28,293,556,120,150,294,116.9,2.760787185e+11,1.92038817e+11,4.615408965e+13,2.500078475e+13,963
2022-07-29,672,189,108,190,308,118,2.772117547e+11,1.90881495e+11,4.64922139e+13,2.501935628e+13,964
2022-08-01,543,332,94,212,283,117.65,2.781666503e+11,1.91030394e+11,4.641943983e+13,2.500216997e+13,962
2022-08-02,120,776,73,203,311,115.55,2.72526383e+11,1.91188634e+11,4.573168725e+13,2.502024633e+13,964
2022-08-03,189,703,77,183,388,116.25,2.694634216e+11,1.9066276e+11,4.584589567e+13,2.501901448e+13,965
2022-08-04,264,590,114,149,487,116.55,2.670902892e+11,1.90023702e+11,4.560279519e+13,2.497489496e+13,960
2022-08-05,845,73,50,152,464,119.5,2.743725647e+11,1.8997804e+11,4.665160159e+13,2.489678525e+13,964
2022-08-08,444,418,106,199,407,119.25,2.749368269e+11,1.9007696e+11,4.663753863e+13,2.491624424e+13,961
2022-08-09,579,269,120,262,303,119.15,2.762899795e+11,1.90402068e+11,4.672278169e+13,2.488412563e+13,958
2022-08-10,458,400,110,281,274,117.9,2.775602049e+11,1.92314868e+11,4.637682768e+13,2.481379841e+13,963
2022-08-11,651,227,88,334,234,120.05,2.789500583e+11,1.91062639e+11,4.714913433e+13,2.469840797e+13,958
2022-08-12,643,240,83,363,155,120.8,2.816141537e+11,1.90697137e+11,4.740939206e+13,2.46248696e+13,958
2022-08-15,621,253,92,399,87,121.9,2.845545064e+11,1.90603369e+11,4.782479341e+13,2.442122183e+13,960
2022-08-16,396,446,124,442,66,122.1,2.830883888e+11,1.90229176e+11,4.783773935e+13,2.441309098e+13,960
2022-08-17,464,391,111,481,68,122.15,2.850123067e+11,1.90980581e+11,4.797792149e+13,2.443869966e+13,962
2022-08-18,529,321,115,499,83,121.35,2.870698823e+11,1.91769761e+11,4.776198949e+13,2.440201569e+13,958
2022-08-19,509,340,116,540,89,121.55,2.901866836e+11,1.92885043e+11,4.781407499e+13,2.436879651e+13,960
2022-08-22,295,570,102,557,86,119.8,2.869023004e+11,1.93054091e+11,4.731662305e+13,2.431356571e+13,962
2022-08-23,269,605,93,508,98,118.2,2.85830366e+11,1.93774141e+11,4.689025413e+13,2.428942679e+13,962
2022-08-24,465,377,125,427,129,117.9,2.855032803e+11,1.93820303e+11,4.680818632e+13,2.427475183e+13,963
2022-08-25,663,182,123,423,120,119,2.898556909e+11,1.94090529e+11,4.722535762e+13,2.419290723e+13,961
2022-08-26,569,288,111,480,99,119.6,2.91221095e+11,1.93725901e+11,4.747977393e+13,2.418362264e+13,960
2022-08-29,78,847,43,435,119,116.55,2.821504804e+11,1.92898342e+11,4.64103532e+13,2.407307907e+13,963
2022-08-30,719,167,82,371,132,116.75,2.865165697e+11,1.94135619e+11,4.648720387e+13,2.3588141e+13,960
2022-08-31,623,242,104,318,146,117.6,2.891095765e+11,1.93955614e+11,4.693037557e+13,2.35557e+13,961
2022-09-01,117,791,61,352,156,115.15,2.849917424e+11,1.95124063e+11,4.602119535e+13,2.356283715e+13,964
2022-09-02,330,525,114,335,190,113.9,2.83307184e+11,1.95241476e+11,4.563311014e+13,2.356607953e+13,961
2022-09-05,213,669,87,231,231,114.15,2.776490962e+11,1.93991758e+11,4.561491506e+13,2.356473742e+13,964
2022-09-06,215,658,96,172,273,114.9,2.729375339e+11,1.92604634e+11,4.564805298e+13,2.357598216e+13,962
2022-09-07,192,708,66,123,316,112.2,2.595421753e+11,1.92284618e+11,4.435310298e+13,2.310169838e+13,961
2022-09-08,811,96,59,115,348,113,2.638784911e+11,1.92296272e+11,4.488663598e+13,2.310320272e+13,959
2022-09-12,680,205,82,182,333,115.4,2.67686347e+11,1.91781992e+11,4.560549065e+13,2.312763208e+13,959
2022-09-13,487,353,128,284,268,116,2.679629612e+11,1.91402802e+11,4.588607812e+13,2.312228126e+13,962
2022-09-14,238,654,76,312,246,113.65,2.679974033e+11,1.9266807e+11,4.515394839e+13,2.31188518e+13,962
2022-09-15,491,363,113,313,242,113.85,2.692848184e+11,1.93431438e+11,4.518416354e+13,2.311714225e+13,961
2022-09-16,203,668,96,297,297,112.55,2.676705342e+11,1.93925843e+11,4.485304847e+13,2.311818235e+13,961
2022-09-19,151,739,80,278,325,112.05,2.724906668e+11,1.92813997e+11,4.537204004e+13,2.356495618e+13,961
2022-09-20,551,277,142,212,381,113.05,2.743780922e+11,1.92516612e+11,4.522744008e+13,2.330012354e+13,959
2022-09-21,133,764,74,147,440,112.1,2.720696239e+11,1.92445009e+11,4.470859158e+13,2.3297618e+13,963
2022-09-22,393,496,81,128,453,110.75,2.717058033e+11,1.92613079e+11,4.439854368e+13,2.331849781e+13,964
2022-09-23,203,683,84,90,503,109.7,2.664998779e+11,1.91583846e+11,4.388319281e+13,2.331484988e+13,964
2022-09-26,31,911,27,52,562,107.65,2.477423068e+11,1.84889118e+11,4.280879276e+13,2.330840489e+13,960
2022-09-27,630,252,87,34,615,107.5,2.513777798e+11,1.84541425e+11,4.296206205e+13,2.332462387e+13,961
2022-09-28,36,914,19,22,686,105.25,2.347829428e+11,1.79729983e+11,4.184667286e+13,2.333646051e+13,963
2022-09-29,792,120,50,26,719,104.9,2.328702211e+11,1.79024025e+11,4.174859766e+13,2.276833828e+13,957
2022-09-30,520,358,84,28,741,103.45,2.336031795e+11,1.77794031e+11,4.141132641e+13,2.275430106e+13,950
2022-10-03,303,570,90,37,731,102.2,2.335140321e+11,1.78045703e+11,4.103625775e+13,2.276510823e+13,958
2022-10-04,815,96,52,47,680,104.8,2.402000074e+11,1.77739064e+11,4.185882813e+13,2.27165168e+13,956
2022-10-05,430,433,100,57,569,107.25,2.418367397e+11,1.76873002e+11,4.260121639e+13,2.277799478e+13,957
2022-10-06,511,341,111,74,336,108,2.440559825e+11,1.76853569e+11,4.28844754e+13,2.278995965e+13,954
2022-10-07,278,562,123,71,259,106.2,2.422988616e+11,1.77495761e+11,4.222596055e+13,2.273452019e+13,951
2022-10-11,44,890,36,57,423,100.7,2.344192975e+11,1.76101935e+11,4.073762647e+13,2.326461278e+13,963
2022-10-12,449,433,88,36,604,100.2,2.334957637e+11,1.75702561e+11,4.064476826e+13,2.326427326e+13,961
2022-10-13,33,908,28,27,774,99,2.187389271e+11,1.70337688e+11,3.981134745e+13,2.327377663e+13,964
2022-10-14,872,71,25,33,782,101.85,2.269009146e+11,1.69501621e+11,4.078921458e+13,2.32385887e+13,962
2022-10-17,268,601,99,24,785,99.95,2.258259271e+11,1.69222006e+11,4.027372827e+13,2.32452688e+13,957
2022-10-18,636,239,93,41,717,101.1,2.288887032e+11,1.69517149e+11,4.0781598e+13,2.325514812e+13,960
2022-10-19,303,560,105,41,681,99.75,2.281202257e+11,1.6966484e+11,4.028103615e+13,2.319023717e+13,958
2022-10-20,223,690,53,39,647,99.2,2.246185841e+11,1.69779618e+11,4.01149379e+13,2.31754389e+13,960
2022-10-21,248,638,81,35,666,98.9,2.20499206e+11,1.69136477e+11,3.96905875e+13,2.313129932e+13,961
2022-10-24,663,231,74,34,615,98.6,2.224182702e+11,1.68938958e+11,3.98062749e+13,2.312973911e+13,959
2022-10-25,238,642,88,30,605,96.7,2.189880073e+11,1.67883694e+11,3.925234587e+13,2.320502137e+13,961
2022-10-26,371,487,110,26,563,97.6,2.169754681e+11,1.66897241e+11,3.94506085e+13,2.31939577e+13,963
2022-10-27,827,88,52,28,555,99,2.217920409e+11,1.66357481e+11,4.002023995e+13,2.319923156e+13,960
2022-10-28,116,785,66,39,525,97.75,2.17282537e+11,1.65925766e+11,3.957129765e+13,2.323279866e+13,958
2022-10-31,667,204,98,50,421,99.05,2.225595298e+11,1.65317881e+11,4.019562275e+13,2.329943138e+13,960
2022-11-01,760,145,64,56,361,99.6,2.250150353e+11,1.65337843e+11,4.046279331e+13,2.33026361e+13,959
2022-11-02,632,251,86,69,190,100,2.270033537e+11,1.65071224e+11,4.065575294e+13,2.33477709e+13,960
2022-11-03,423,415,131,87,140,98.7,2.287567744e+11,1.6590863e+11,4.030905295e+13,2.333634568e+13,961
2022-11-04,635,239,96,107,141,98.85,2.324141398e+11,1.66888609e+11,4.047848695e+13,2.349511364e+13,965
2022-11-07,708,174,89,124,103,100.55,2.345473525e+11,1.66176469e+11,4.106195128e+13,2.383663028e+13,964
2022-11-08,452,384,135,164,72,101.6,2.346472259e+11,1.65607194e+11,4.14254744e+13,2.382562867e+13,962
2022-11-09,691,189,91,214,59,104.5,2.37144008e+11,1.64523129e+11,4.236653017e+13,2.392166531e+13,963
2022-11-10,259,623,89,255,59,103.5,2.361833287e+11,1.65142511e+11,4.192018296e+13,2.393482428e+13,958
2022-11-11,572,295,104,305,87,109,2.380231331e+11,1.63366822e+11,4.352584425e+13,2.408989116e+13,966
2022-11-14,730,160,81,386,99,110,2.399262232e+11,1.62495854e+11,4.404283934e+13,2.458683676e+13,965
2022-11-15,547,316,108,450,83,114.7,2.429737329e+11,1.63015639e+11,4.518760338e+13,2.457382567e+13,963
2022-11-16,222,696,53,499,97,114.5,2.430338132e+11,1.63257826e+11,4.521440359e+13,2.459522215e+13,964
2022-11-17,717,176,76,533,106,114.55,2.453976787e+11,1.63979296e+11,4.519159217e+13,2.458756389e+13,961
2022-11-18,245,598,126,501,105,114.25,2.428160024e+11,1.63816097e+11,4.511746287e+13,2.459531247e+13,962
2022-11-21,438,421,111,521,98,113.85,2.41838041e+11,1.63892375e+11,4.49269736e+13,2.456700879e+13,961
2022-11-22,355,491,124,431,117,114.8,2.420674065e+11,1.64157179e+11,4.523963245e+13,2.445924738e+13,965
2022-11-23,617,227,126,433,108,115.6,2.436601892e+11,1.64344922e+11,4.543367527e+13,2.442192154e+13,963
2022-11-24,699,189,81,470,83,116.7,2.473117618e+11,1.64282017e+11,4.599217643e+13,2.43990244e+13,965
2022-11-25,267,592,110,514,65,116.7,2.449782758e+11,1.63925314e+11,4.596265524e+13,2.437735096e+13,963
2022-11-28,450,395,126,530,59,114.35,2.463378558e+11,1.6511944e+11,4.528441668e+13,2.427878526e+13,962
2022-11-29,613,243,115,546,49,115.4,2.486947459e+11,1.65330932e+11,4.576837174e+13,2.426642741e+13,966
2022-11-30,761,134,76,637,35,116.35,2.520578697e+11,1.65400997e+11,4.630389357e+13,2.427823732e+13,966
2022-12-01,648,237,84,735,10,118.35,2.550979106e+11,1.66071709e+11,4.668224384e+13,2.424031349e+13,964
2022-12-02,495,360,114,785,7,117.3,2.588704172e+11,1.67705189e+11,4.655575065e+13,2.426072161e+13,965
2022-12-05,579,294,97,791,6,117.45,2.620059749e+11,1.68577934e+11,4.657830117e+13,2.425469473e+13,965
2022-12-06,132,804,34,730,13,115.3,2.560318065e+11,1.68402389e+11,4.579993531e+13,2.42391688e+13,965
2022-12-07,212,687,71,575,32,114.6,2.503046724e+11,1.67806192e+11,4.547758727e+13,2.424928241e+13,964
2022-12-08,455,409,105,383,48,113.25,2.526168195e+11,1.68780126e+11,4.524707875e+13,2.426037657e+13,962
2022-12-09,486,380,103,317,50,115,2.536057841e+11,1.68681849e+11,4.571737957e+13,2.423700062e+13,963
2022-12-12,336,529,106,313,48,113.9,2.5365942e+11,1.69199616e+11,4.546225393e+13,2.42659106e+13,963
2022-12-13,388,473,110,311,47,113.4,2.524408671e+11,1.69205573e+11,4.519555542e+13,2.426752986e+13,966
2022-12-14,716,165,90,341,52,114.8,2.55049335e+11,1.68473804e+11,4.587248235e+13,2.427969711e+13,967
2022-12-15,427,423,121,388,56,114.9,2.568023571e+11,1.69138256e+11,4.587353019e+13,2.429124611e+13,966
2022-12-16,142,795,34,417,79,113,2.534466163e+11,1.69145664e+11,4.523831642e+13,2.430227965e+13,966
2022-12-19,290,579,103,344,114,112.35,2.518014209e+11,1.6956267e+11,4.491521937e+13,2.428646156e+13,963
2022-12-20,68,854,50,201,188,110.3,2.404299511e+11,1.66715453e+11,4.412436868e+13,2.429918118e+13,968
2022-12-21,548,302,122,164,224,110.75,2.429283565e+11,1.67486421e+11,4.430434293e+13,2.427324758e+13,964
2022-12-22,712,160,100,149,255,112.6,2.465520099e+11,1.67608692e+11,4.495324185e+13,2.427734835e+13,965
2022-12-23,301,546,125,195,273,110.7,2.45959079e+11,1.67846786e+11,4.441492643e+13,2.427350626e+13,961
2022-12-26,455,399,118,241,282,111.1,2.457137719e+11,1.68213827e+11,4.446301378e+13,2.429439431e+13,961
2022-12-27,545,305,122,250,294,111.6,2.468737147e+11,1.68205983e+11,4.460169064e+13,2.428780054e+13,965
2022-12-28,135,765,72,248,329,110,2.411550655e+11,1.67367886e+11,4.419510092e+13,2.434017917e+13,966
2022-12-29,327,534,111,225,359,109.5,2.411590551e+11,1.67182755e+11,4.390902946e+13,2.433129186e+13,961
2022-12-30,518,310,144,191,396,110.2,2.406466245e+11,1.66532123e+11,4.408602455e+13,2.432886109e+13,967
2023-01-03,479,380,113,193,374,110.75,2.424813864e+11,1.65795086e+11,4.434483188e+13,2.432621645e+13,963
2023-01-04,530,315,127,201,334,110.5,2.431581649e+11,1.6607919e+11,4.426680986e+13,2.432600854e+13,962
2023-01-05,441,392,139,207,271,111.3,2.424787216e+11,1.6540688e+11,4.458450965e+13,2.432505457e+13,963
2023-01-06,509,322,141,229,213,111.8,2.430802761e+11,1.64378023e+11,4.481586944e+13,2.433868238e+13,964
2023-01-09,707,180,85,268,144,115.8,2.441961118e+11,1.62599873e+11,4.599273916e+13,2.432671894e+13,965
2023-01-10,372,470,130,290,102,116.25,2.415569354e+11,1.61019649e+11,4.613140773e+13,2.432973837e+13,963
2023-01-11,367,475,130,323,101,116.35,2.404602281e+11,1.60324125e+11,4.597575735e+13,2.431432393e+13,965
2023-01-12,270,585,117,291,145,115.85,2.377222495e+11,1.59222919e+11,4.592577853e+13,2.433611863e+13,965
2023-01-13,266,566,140,265,221,117.2,2.329755725e+11,1.56923871e+11,4.617455026e+13,2.433019108e+13,961
2023-01-16,457,369,146,258,298,118.1,2.311070363e+11,1.54233707e+11,4.653503781e+13,2.433353152e+13,962
2023-01-17,535,296,141,259,315,118.1,2.284494676e+11,1.5198506e+11,4.655077786e+13,2.432848436e+13,965
2023-01-30,767,133,72,348,253,120.7,2.337877635e+11,1.5114402e+11,4.83021347e+13,2.433450506e+13,967
2023-01-31,700,179,93,425,129,118.3,2.370537596e+11,1.52452742e+11,4.759393657e+13,2.433041625e+13,967
2023-02-01,673,216,83,483,63,119,2.412355375e+11,1.53394532e+11,4.80774563e+13,2.432441155e+13,967
2023-02-02,676,196,100,531,34,121,2.44642818e+11,1.53903696e+11,4.862004486e+13,2.433698233e+13,967
2023-02-03,418,453,101,567,26,121,2.430351338e+11,1.54012577e+11,4.863355044e+13,2.433600595e+13,965
2023-02-06,377,485,110,593,21,119.25,2.433097832e+11,1.55401329e+11,4.800132246e+13,2.435279129e+13,968
2023-02-07,527,321,124,618,26,119,2.448609602e+11,1.55973586e+11,4.801290739e+13,2.434599597e+13,967
2023-02-08,466,377,129,647,42,120.85,2.480633437e+11,1.5636923e+11,4.869074568e+13,2.434158092e+13,967
2023-02-09,321,508,142,650,51,120.9,2.484195238e+11,1.57015335e+11,4.863326654e+13,2.433043209e+13,965
2023-02-10,183,694,94,545,72,121,2.44891228e+11,1.56892061e+11,4.857910068e+13,2.432752344e+13,963
2023-02-13,368,487,116,402,87,120.75,2.441470718e+11,1.57068974e+11,4.845903575e+13,2.433110199e+13,965
2023-02-14,623,252,96,342,89,121.65,2.468678788e+11,1.57740368e+11,4.879229945e+13,2.432943552e+13,963
2023-02-15,358,511,102,339,93,118.85,2.460195118e+11,1.57289591e+11,4.812249393e+13,2.434072336e+13,967
2023-02-16,725,151,95,431,92,120.3,2.504027664e+11,1.57707773e+11,4.847946204e+13,2.433033855e+13,965
2023-02-17,503,343,126,502,86,118.75,2.524854911e+11,1.59233826e+11,4.825483354e+13,2.433456259e+13,964
2023-02-20,711,189,72,621,65,119,2.573138246e+11,1.60585339e+11,4.849560859e+13,2.43331182e+13,968
2023-02-21,462,389,121,674,44,118.95,2.603093358e+11,1.61425942e+11,4.853083494e+13,2.437932564e+13,967
2023-02-22,277,590,105,694,41,117.65,2.573486495e+11,1.6189009e+11,4.808234859e+13,2.440411518e+13,968
2023-02-23,718,177,77,695,34,119.4,2.617489377e+11,1.62189609e+11,4.86937539e+13,2.441309774e+13,968
2023-02-24,321,553,98,658,41,118.8,2.591087366e+11,1.62343219e+11,4.834670397e+13,2.465611016e+13,967
2023-03-01,373,523,76,612,45,119.35,2.599995606e+11,1.62501274e+11,4.863982425e+13,2.471248076e+13,967
2023-03-02,538,326,106,551,58,119.25,2.625637356e+11,1.63582615e+11,4.861814766e+13,2.471957653e+13,964
2023-03-03,581,274,115,534,61,119.35,2.637748697e+11,1.64044928e+11,4.864945926e+13,2.471919116e+13,965
2023-03-06,725,168,78,602,43,120.5,2.691584957e+11,1.65129131e+11,4.914740856e+13,2.47067145e+13,966
2023-03-07,608,262,101,713,33,121.3,2.703369862e+11,1.65701829e+11,4.944946853e+13,2.473436055e+13,967
2023-03-08,508,374,89,747,33,120.3,2.721975127e+11,1.66976131e+11,4.93245316e+13,2.471191815e+13,966
2023-03-09,254,629,88,727,31,120.2,2.737641966e+11,1.68703974e+11,4.918084507e+13,2.471290035e+13,967
2023-03-10,100,835,37,570,63,118.3,2.648583278e+11,1.67185992e+11,4.842692671e+13,2.472104862e+13,967
2023-03-13,292,616,66,374,85,118.8,2.66504745e+11,1.68040186e+11,4.85462185e+13,2.473584105e+13,969
2023-03-14,203,693,80,219,120,117.5,2.639275188e+11,1.68588779e+11,4.7958528e+13,2.479249341e+13,970
2023-03-15,464,404,108,185,144,117.6,2.646294946e+11,1.68604706e+11,4.80529522e+13,2.500150125e+13,972
2023-03-16,105,830,41,143,175,117.05,2.587370001e+11,1.67477116e+11,4.753943181e+13,2.524106698e+13,971
2023-03-17,780,129,67,149,209,118.95,2.63973427e+11,1.68024695e+11,4.826386256e+13,2.528184978e+13,971
2023-03-20,580,299,98,178,247,118.1,2.664943848e+11,1.68686535e+11,4.816769619e+13,2.528873499e+13,972
2023-03-21,659,220,99,294,258,118.65,2.693482496e+11,1.69924888e+11,4.844831897e+13,2.528899473e+13,970
2023-03-22,642,225,111,402,232,120.9,2.71493578e+11,1.7003529e+11,4.922718306e+13,2.529604549e+13,972
2023-03-23,482,371,125,462,148,121.85,2.730276124e+11,1.70477406e+11,4.956726444e+13,2.529932947e+13,974
2023-03-24,511,362,106,487,105,122.2,2.741114152e+11,1.7088997e+11,4.973110385e+13,2.530524966e+13,975
2023-03-27,429,448,103,482,100,121.45,2.742019302e+11,1.71615852e+11,4.947791529e+13,2.532081172e+13,976
2023-03-28,187,705,88,429,121,120.4,2.680249255e+11,1.70553917e+11,4.906555377e+13,2.531825634e+13,975
2023-03-29,503,378,99,390,157,120.6,2.67364179e+11,1.70017261e+11,4.929074646e+13,2.531214574e+13,975
2023-03-30,530,316,134,342,218,121.2,2.694887247e+11,1.70232677e+11,4.954227668e+13,2.531996923e+13,976
2023-03-31,538,306,136,369,201,121.6,2.695400258e+11,1.69254916e+11,4.959833387e+13,2.533404897e+13,975
2023-04-06,487,390,103,386,192,121,2.709617683e+11,1.7012356e+11,4.942800459e+13,2.53281108e+13,976
2023-04-07,455,397,128,414,190,121,2.735920909e+11,1.7086843e+11,4.949542998e+13,2.533616517e+13,975
2023-04-10,539,326,114,435,188,121,2.773499741e+11,1.71833782e+11,4.962625909e+13,2.533770166e+13,974
2023-04-11,546,320,113,456,142,120.85,2.782866298e+11,1.72043043e+11,4.974329883e+13,2.533899385e+13,975
2023-04-12,577,279,122,485,106,120.55,2.813915235e+11,1.73033671e+11,4.980536074e+13,2.532533564e+13,972
2023-04-13,339,544,94,501,89,119.5,2.794836739e+11,1.73733126e+11,4.9408691e+13,2.533440987e+13,972
2023-04-14,573,270,133,487,84,120.65,2.830478119e+11,1.74432026e+11,4.978579665e+13,2.532206868e+13,971
2023-04-17,552,322,102,474,84,120.35,2.868123767e+11,1.75517433e+11,4.990135448e+13,2.532416118e+13,971
2023-04-18,319,563,94,497,89,119.95,2.84456025e+11,1.75939894e+11,4.96162994e+13,2.532263373e+13,972
2023-04-19,328,563,85,477,115,119.05,2.848158832e+11,1.77058053e+11,4.93075444e+13,2.533183333e+13,972
2023-04-20,134,783,59,370,173,118.9,2.80662496e+11,1.77045206e+11,4.910749811e+13,2.532602514e+13,972
2023-04-21,136,777,63,240,252,118.6,2.709520981e+11,1.74626865e+11,4.877076195e+13,2.532805005e+13,971
2023-04-24,616,249,113,154,303,118.15,2.737290761e+11,1.74861224e+11,4.886370212e+13,2.534161904e+13,972
2023-04-25,91,839,48,114,346,116.6,2.630242818e+11,1.72743051e+11,4.805680705e+13,2.534559838e+13,973
2023-04-26,636,242,100,128,373,116.1,2.643528072e+11,1.72945235e+11,4.804867429e+13,2.532463246e+13,971
2023-04-27,512,335,131,125,389,116,2.679932762e+11,1.74212219e+11,4.816985824e+13,2.535682893e+13,969
2023-04-28,744,137,97,205,370,117.4,2.720694114e+11,1.74268398e+11,4.874023182e+13,2.537839541e+13,974
2023-05-02,594,291,93,309,332,117.7,2.774463315e+11,1.7540974e+11,4.891180701e+13,2.537008e+13,973
2023-05-03,284,592,102,368,268,117.2,2.763733223e+11,1.76572633e+11,4.86318941e+13,2.534294626e+13,969
2023-05-04,522,341,115,377,233,117.5,2.787188674e+11,1.77498527e+11,4.882998742e+13,2.534775647e+13,974
2023-05-05,412,436,130,376,219,117.8,2.790570815e+11,1.77553011e+11,4.886938944e+13,2.533831167e+13,970
2023-05-08,456,414,108,386,200,118.55,2.802948476e+11,1.77956514e+11,4.910246157e+13,2.532587174e+13,971
2023-05-09,171,732,75,346,233,118.9,2.743640575e+11,1.76106512e+11,4.918873511e+13,2.526308974e+13,970
2023-05-10,488,384,106,310,295,117.8,2.751694327e+11,1.76363252e+11,4.893243269e+13,2.529070982e+13,972
2023-05-11,114,813,51,210,361,117.55,2.667315034e+11,1.7469554e+11,4.85220938e+13,2.52856371e+13,973
2023-05-12,599,291,88,173,391,117.2,2.70367023e+11,1.74637696e+11,4.846813097e+13,2.528376512e+13,971
2023-05-15,341,552,85,142,407,117.2,2.692744871e+11,1.7542686e+11,4.841959213e+13,2.534766334e+13,974
2023-05-16,760,145,73,197,391,118.6,2.721783457e+11,1.75530331e+11,4.904598202e+13,2.527932512e+13,974
2023-05-17,788,113,77,253,336,120.55,2.759325934e+11,1.75803861e+11,4.983712201e+13,2.529507894e+13,974
2023-05-18,537,324,117,323,237,122.15,2.799742012e+11,1.76435429e+11,5.038698187e+13,2.528102439e+13,974
2023-05-19,380,500,98,357,172,122.5,2.806015556e+11,1.76252821e+11,5.061484279e+13,2.530434344e+13,974
2023-05-22,654,228,96,380,124,122.3,2.853276892e+11,1.78221222e+11,5.063722083e+13,2.531875613e+13,973
2023-05-23,561,299,118,404,91,122.2,2.872652695e+11,1.78941035e+11,5.066326054e+13,2.534218717e+13,974
2023-05-24,520,354,104,420,57,121.6,2.88369132e+11,1.79734883e+11,5.057216004e+13,2.538210962e+13,973
2023-05-25,260,651,67,437,72,123.05,2.885018968e+11,1.79583774e+11,5.097711243e+13,2.539393368e+13,972
2023-05-26,217,671,90,399,129,125.95,2.862237506e+11,1.78776776e+11,5.164822111e+13,2.562224275e+13,974
2023-05-29,653,226,99,322,216,126.75,2.941598791e+11,1.80325169e+11,5.205716585e+13,2.563748942e+13,974
2023-05-30,327,530,121,296,241,126.75,2.940749104e+11,1.814518e+11,5.201505842e+13,2.563613648e+13,972
2023-05-31,580,283,116,327,211,126.15,2.966548052e+11,1.82543864e+11,5.185083052e+13,2.564420323e+13,972
2023-06-01,492,365,122,346,210,125.15,3.006576785e+11,1.8410679e+11,5.164626671e+13,2.561727431e+13,972
2023-06-02,578,292,109,395,175,126.75,3.023176539e+11,1.8427447e+11,5.228667004e+13,2.564600717e+13,974
2023-06-05,655,237,87,464,125,126.35,3.056378061e+11,1.85294084e+11,5.230360846e+13,2.564508494e+13,974
2023-06-06,378,497,104,512,91,126.7,3.034492807e+11,1.84977626e+11,5.246462078e+13,2.565195786e+13,974
2023-06-07,585,283,111,552,65,128.1,3.070755616e+11,1.86045144e+11,5.296709433e+13,2.564355587e+13,974
2023-06-08,244,634,101,536,87,126.85,3.029456489e+11,1.86118893e+11,5.237710469e+13,2.565146312e+13,974
2023-06-09,613,266,100,530,100,127.8,3.079031548e+11,1.87183967e+11,5.285552439e+13,2.564789379e+13,975
2023-06-12,298,606,76,484,121,129,3.065886229e+11,1.86973589e+11,5.307426955e+13,2.564915057e+13,976
2023-06-13,509,354,117,461,136,131.55,3.105698926e+11,1.87261344e+11,5.387747154e+13,2.564584789e+13,974
2023-06-14,450,425,105,438,153,131.5,3.146489395e+11,1.88745268e+11,5.39530736e+13,2.56522907e+13,975
2023-06-15,512,349,119,463,142,131.9,3.206638346e+11,1.90378512e+11,5.425469996e+13,2.564842763e+13,976
2023-06-16,381,489,110,471,137,131.55,3.208136489e+11,1.90319897e+11,5.411155014e+13,2.565680997e+13,976
2023-06-19,410,482,88,445,138,131.25,3.224566778e+11,1.91504227e+11,5.405178322e+13,2.564450022e+13,975
2023-06-20,335,527,118,413,149,130.55,3.218628218e+11,1.92097126e+11,5.376149984e+13,2.564070823e+13,974
2023-06-21,627,265,88,418,150,130.55,3.267457749e+11,1.93903234e+11,5.383623159e+13,2.564417331e+13,975
2023-06-26,273,599,109,405,161,129.75,3.243487381e+11,1.94209498e+11,5.339042512e+13,2.564728704e+13,977
2023-06-27,178,721,82,365,185,128.9,3.134632968e+11,1.91585955e+11,5.286158978e+13,2.56357511e+13,976
2023-06-28,501,343,137,291,219,129.1,3.159907631e+11,1.92361945e+11,5.298841446e+13,2.563019064e+13,973
2023-06-29,536,293,152,260,223,129.05,3.202529281e+11,1.9281587e+11,5.302023254e+13,2.563517688e+13,974
2023-06-30,482,368,132,312,227,129.1,3.241939828e+11,1.94355483e+11,5.294096303e+13,2.563848172e+13,977
2023-07-03,631,242,109,363,215,130.7,3.33868879e+11,1.96599121e+11,5.345980368e+13,2.563520526e+13,976
2023-07-04,392,467,123,427,210,131,3.400659851e+11,1.99156773e+11,5.362789089e+13,2.566001e+13,977
2023-07-05,346,508,128,435,194,130.8,3.402847116e+11,2.00919501e+11,5.3368533e+13,2.565704964e+13,977
2023-07-06,242,625,115,371,227,127.9,3.386097492e+11,2.01519796e+11,5.244822229e+13,2.565411127e+13,978
2023-07-07,183,721,78,304,285,127.7,3.363559902e+11,2.02133095e+11,5.213085194e+13,2.566969408e+13,975
2023-07-10,342,535,105,255,342,127.45,3.363583986e+11,2.0269003e+11,5.210544037e+13,2.566244705e+13,976
2023-07-11,523,342,117,239,382,129.2,3.412211438e+11,2.0322577e+11,5.290586669e+13,2.565063906e+13,978
2023-07-12,268,620,94,225,397,129.45,3.456029055e+11,2.04662496e+11,5.310051145e+13,2.567046995e+13,978
2023-07-13,351,499,133,222,409,130.9,3.44611042e+11,2.03681473e+11,5.340501673e+13,2.56576917e+13,978
2023-07-14,614,264,105,220,425,132.25,3.590917733e+11,2.08523323e+11,5.409914954e+13,2.566221174e+13,978
2023-07-17,548,338,97,241,396,132,3.639471526e+11,2.11193373e+11,5.426005721e+13,2.566182172e+13,979
2023-07-18,213,694,76,243,394,129.85,3.621694044e+11,2.12775435e+11,5.391167627e+13,2.564901767e+13,978
2023-07-19,261,616,106,212,409,128.75,3.598558196e+11,2.13320841e+11,5.358470404e+13,2.569601021e+13,979
2023-07-20,629,248,106,189,423,129.35,3.681925119e+11,2.15705207e+11,5.373565687e+13,2.566443697e+13,978
2023-07-21,307,578,98,181,413,127.2,3.76549272e+11,2.17757631e+11,5.331435872e+13,2.567818045e+13,979
2023-07-24,223,702,58,172,421,127.25,3.82917249e+11,2.21087046e+11,5.33324014e+13,2.567623581e+13,979
2023-07-25,599,277,107,189,459,128.85,3.837389364e+11,2.20933834e+11,5.383763569e+13,2.567432251e+13,978
2023-07-26,383,500,100,190,484,128.5,3.807314082e+11,2.21230366e+11,5.370261907e+13,2.56665897e+13,978
2023-07-27,691,194,98,209,422,129.5,3.842360177e+11,2.22308527e+11,5.392544608e+13,2.564178491e+13,978
2023-07-28,424,451,108,199,346,129.5,3.906293273e+11,2.24192229e+11,5.405828381e+13,2.561638827e+13,975
2023-07-31,350,541,93,222,279,128.8,3.780145091e+11,2.23227529e+11,5.361785712e+13,2.559988283e+13,978
2023-08-01,440,426,118,198,276,129.45,3.755890461e+11,2.24265854e+11,5.380805239e+13,2.560770883e+13,978
2023-08-02,145,772,67,174,358,127.85,3.580947068e+11,2.20305572e+11,5.282959409e+13,2.559776553e+13,980
2023-08-04,594,279,111,145,374,127.25,3.629593071e+11,2.22303822e+11,5.263461505e+13,2.556950436e+13,976
2023-08-07,512,370,102,131,399,128.5,3.7739599e+11,2.25559048e+11,5.31247846e+13,2.557547195e+13,980
2023-08-08,212,683,89,143,401,127,3.755928337e+11,2.2586074e+11,5.276445719e+13,2.557474512e+13,980
2023-08-09,314,565,105,146,432,127.2,3.705225365e+11,2.2545296e+11,5.271073565e+13,2.555482031e+13,979
2023-08-10,115,802,67,119,522,126.4,3.471999682e+11,2.19889088e+11,5.194938525e+13,2.549864366e+13,978
2023-08-11,393,477,114,98,553,126.3,3.464098346e+11,2.18428193e+11,5.183545935e+13,2.544212956e+13,977
2023-08-14,105,847,32,61,604,124.5,3.354635836e+11,2.14694153e+11,5.120755482e+13,2.541971362e+13,980
2023-08-15,601,285,99,70,618,124.7,3.425958376e+11,2.14891264e+11,5.141495417e+13,2.542138857e+13,979
2023-08-16,325,575,85,82,646,124.05,3.504925942e+11,2.16706091e+11,5.138707949e+13,2.541343484e+13,980
2023-08-17,641,240,101,113,626,124.6,3.565057898e+11,2.18356038e+11,5.145611399e+13,2.517452666e+13,976
2023-08-18,302,588,92,119,622,123.85,3.450646483e+11,2.16306181e+11,5.105294806e+13,2.519034231e+13,976
2023-08-21,449,414,119,128,581,123,3.463301134e+11,2.16417602e+11,5.10451843e+13,2.516592516e+13,975
2023-08-22,262,620,99,119,575,124,3.463819205e+11,2.15728781e+11,5.123835722e+13,2.519337125e+13,975
2023-08-23,552,300,129,129,516,124.85,3.494913466e+11,2.15978895e+11,5.168416511e+13,2.519701104e+13,974
2023-08-24,415,414,151,133,479,127,3.480085983e+11,2.15117332e+11,5.231808152e+13,2.520979978e+13,976
2023-08-25,406,458,116,144,411,124.55,3.44216061e+11,2.16403915e+11,5.141892744e+13,2.522966013e+13,974
2023-08-28,304,556,123,124,438,125.35,3.430501366e+11,2.16013073e+11,5.163400788e+13,2.547384527e+13,974
2023-08-29,641,235,108,123,391,126.05,3.487601304e+11,2.16477468e+11,5.200518942e+13,2.546570071e+13,975
2023-08-30,679,191,114,139,337,126.6,3.534842e+11,2.17629337e+11,5.23206534e+13,2.551190217e+13,976
2023-08-31,555,315,115,169,243,125.7,3.583346256e+11,2.19385248e+11,5.207051543e+13,2.552870531e+13,980
2023-09-01,595,293,97,202,175,125.9,3.55400363e+11,2.19345067e+11,5.211229917e+13,2.552864077e+13,980
2023-09-04,553,340,92,216,152,126.75,3.583537444e+11,2.19908906e+11,5.251329381e+13,2.553989373e+13,978
2023-09-05,493,377,115,240,140,126.45,3.645649457e+11,2.2192729e+11,5.254106684e+13,2.554877312e+13,980
2023-09-06,290,594,101,263,149,126,3.653492856e+11,2.22705616e+11,5.23687587e+13,2.553205027e+13,979
2023-09-07,274,602,107,270,202,124.85,3.638633809e+11,2.23658285e+11,5.197344401e+13,2.550707053e+13,979
2023-09-08,356,496,131,254,297,124.3,3.608748279e+11,2.23708098e+11,5.183369625e+13,2.550908541e+13,977
2023-09-11,253,649,81,208,408,123.8,3.486576883e+11,2.20826336e+11,5.139487419e+13,2.549826365e+13,978
2023-09-12,550,299,134,198,418,125.05,3.473787366e+11,2.19799886e+11,5.182810023e+13,2.55269419e+13,976
2023-09-13,569,290,124,214,410,125.2,3.520373747e+11,2.21265131e+11,5.183129092e+13,2.550695871e+13,976
2023-09-14,703,163,115,244,333,126.95,3.592824493e+11,2.22173129e+11,5.238997575e+13,2.538724623e+13,974
2023-09-15,390,474,117,284,255,127.35,3.628687592e+11,2.23415131e+11,5.280440458e+13,2.540228921e+13,974
2023-09-18,424,435,124,299,216,126,3.634884368e+11,2.25804055e+11,5.215529467e+13,2.545232848e+13,975
2023-09-19,264,600,120,297,228,125.45,3.603140746e+11,2.2619888e+11,5.201847055e+13,2.546118034e+13,980
2023-09-20,245,624,115,279,278,124.75,3.5710823e+11,2.26604409e+11,5.169004592e+13,2.545868485e+13,979
2023-09-21,108,817,59,207,367,122.75,3.527124812e+11,2.26342362e+11,5.100079773e+13,2.545291112e+13,977
2023-09-22,507,339,138,157,426,122.65,3.59203261e+11,2.27096497e+11,5.108843041e+13,2.545671399e+13,976
2023-09-25,606,240,140,139,433,123.55,3.650604757e+11,2.28199811e+11,5.153055004e+13,2.553081978e+13,979
2023-09-26,137,759,90,149,413,122.1,3.612464137e+11,2.28126347e+11,5.100475521e+13,2.556528857e+13,981
2023-09-27,349,465,167,148,397,122.15,3.632741193e+11,2.28273095e+11,5.10649282e+13,2.552824474e+13,969
2023-09-28,531,290,160,129,406,122.65,3.669329442e+11,2.29445392e+11,5.122089442e+13,2.553861182e+13,972
2023-10-02,597,258,126,176,375,124.25,3.742684818e+11,2.30009773e+11,5.187168765e+13,2.55610038e+13,975
2023-10-03,260,616,106,200,315,123.5,3.716402918e+11,2.3130448e+11,5.15231343e+13,2.552146221e+13,976
2023-10-04,205,709,68,216,335,121.9,3.68884602e+11,2.30869278e+11,5.095747721e+13,2.553129164e+13,974
2023-10-05,673,180,129,201,359,123.65,3.75172576e+11,2.32127773e+11,5.155888931e+13,2.55779856e+13,974
2023-10-06,452,382,148,221,357,124.1,3.751654675e+11,2.3191457e+11,5.176598832e+13,2.557338548e+13,974
2023-10-11,358,556,73,238,307,126.25,3.641517573e+11,2.285941e+11,5.227378778e+13,2.55942619e+13,982
2023-10-12,726,185,75,262,283,127.3,3.712669728e+11,2.28764111e+11,5.27504469e+13,2.560781542e+13,981
2023-10-13,274,609,103,257,287,126.95,3.675268765e+11,2.29015871e+11,5.260940185e+13,2.558830247e+13,980
2023-10-16,258,643,84,269,293,126.25,3.629588859e+11,2.28926505e+11,5.217583305e+13,2.557377899e+13,977
2023-10-17,249,627,109,243,358,126.55,3.591391725e+11,2.2819607e+11,5.216380666e+13,2.559390789e+13,979
2023-10-18,225,686,74,209,418,124.8,3.48175728e+11,2.25736952e+11,5.154026606e+13,2.559700267e+13,980
2023-10-19,387,492,106,170,467,124.85,3.508912687e+11,2.26653107e+11,5.164676378e+13,2.55930113e+13,979
2023-10-20,206,691,89,134,522,125.4,3.473128741e+11,2.26011951e+11,5.161770716e+13,2.560215571e+13,978
2023-10-23,380,488,120,118,540,123.85,3.439368258e+11,2.25259791e+11,5.101821516e+13,2.559295279e+13,981
2023-10-24,621,260,107,114,540,123.95,3.500757652e+11,2.2587989e+11,5.120987612e+13,2.559483774e+13,983
2023-10-25,660,222,106,136,510,124.2,3.535131655e+11,2.26921736e+11,5.138922755e+13,2.56203753e+13,983
2023-10-26,110,799,79,143,473,121.75,3.454272529e+11,2.26932201e+11,5.04830542e+13,2.564882065e+13,981
2023-10-27,482,367,139,134,445,122.3,3.452162926e+11,2.26270558e+11,5.066993806e+13,2.56424739e+13,978
2023-10-30,463,400,126,131,448,122,3.473764642e+11,2.2625623e+11,5.073006695e+13,2.565598848e+13,981
2023-10-31,140,766,84,130,458,121.15,3.331872864e+11,2.23458771e+11,5.026801454e+13,2.568202563e+13,981
2023-11-01,528,321,141,122,491,121.75,3.376685622e+11,2.23981592e+11,5.039619407e+13,2.571196438e+13,982
2023-11-02,770,124,97,137,468,124.5,3.47691351e+11,2.24758204e+11,5.152047429e+13,2.571524482e+13,985
2023-11-03,592,275,124,165,322,125.45,3.470554516e+11,2.23981913e+11,5.184593349e+13,2.576276421e+13,983
2023-11-06,779,133,79,214,138,126.55,3.540426015e+11,2.24438999e+11,5.232227541e+13,2.57731651e+13,986
2023-11-07,393,483,115,235,103,126.5,3.543516362e+11,2.24720088e+11,5.240576367e+13,2.578865866e+13,982
2023-11-08,480,388,124,252,73,127.2,3.587833138e+11,2.26134896e+11,5.259975104e+13,2.582095294e+13,984
2023-11-09,305,581,107,261,115,127.25,3.588179691e+11,2.26645577e+11,5.265979476e+13,2.591312612e+13,989
2023-11-10,284,597,112,253,163,126.75,3.569024164e+11,2.27151379e+11,5.245584267e+13,2.60113594e+13,986
2023-11-13,459,436,98,265,231,128.7,3.587042544e+11,2.27016674e+11,5.295543089e+13,2.615535021e+13,987
2023-11-14,570,304,119,274,277,129,3.640023836e+11,2.28486671e+11,5.318364745e+13,2.642547927e+13,985
2023-11-15,731,177,85,334,237,130.55,3.652215213e+11,2.2827551e+11,5.387281435e+13,2.652930111e+13,989
2023-11-16,569,294,129,381,177,130.6,3.669951813e+11,2.28868828e+11,5.399210664e+13,2.651966205e+13,986
2023-11-17,577,294,121,447,125,131,3.735087867e+11,2.30640189e+11,5.412837097e+13,2.652972549e+13,988
2023-11-20,597,292,104,490,100,130.95,3.760353031e+11,2.3176886e+11,5.413704699e+13,2.6533961e+13,988
2023-11-21,606,275,113,536,64,132.55,3.784283649e+11,2.3202015e+11,5.478673796e+13,2.652181209e+13,989
2023-11-22,494,390,110,574,47,131.35,3.787205808e+11,2.32811622e+11,5.452686062e+13,2.653936069e+13,988
2023-11-23,455,398,141,600,45,131.3,3.767780084e+11,2.33245776e+11,5.449612693e+13,2.654875484e+13,989
2023-11-24,379,483,132,602,46,131.2,3.782172561e+11,2.34146276e+11,5.445389488e+13,2.649043417e+13,987
2023-11-27,266,645,84,556,73,130.35,3.705276595e+11,2.33050086e+11,5.398778639e+13,2.646576363e+13,988
2023-11-28,806,126,63,539,84,131.25,3.802396152e+11,2.34706986e+11,5.46656877e+13,2.648428493e+13,991
2023-11-29,442,438,115,528,80,131.15,3.846812231e+11,2.36307562e+11,5.473561542e+13,2.647215546e+13,989
2023-11-30,494,387,112,591,57,131.35,3.858866355e+11,2.36653747e+11,5.495092792e+13,2.647899964e+13,989
2023-12-01,526,348,118,594,51,131.8,3.875893804e+11,2.37394556e+11,5.493754381e+13,2.646513418e+13,984
2023-12-04,522,369,101,629,51,131.3,3.863708015e+11,2.37793287e+11,5.490829424e+13,2.647878568e+13,987
2023-12-05,297,584,112,609,53,130.35,3.839981815e+11,2.37752917e+11,5.458565442e+13,2.646193284e+13,987
2023-12-06,459,419,115,571,64,130.8,3.863129395e+11,2.38487591e+11,5.470054965e+13,2.646951692e+13,988
2023-12-07,276,604,113,524,73,130,3.848865451e+11,2.38114292e+11,5.444538578e+13,2.646885432e+13,988
2023-12-08,513,374,106,500,69,131.05,3.884017262e+11,2.38811456e+11,5.478637612e+13,2.647446388e+13,989
2023-12-11,371,522,103,424,69,131.2,3.908485296e+11,2.4046309e+11,5.465457751e+13,2.642225187e+13,989
2023-12-12,392,500,105,418,76,131.5,3.900802777e+11,2.40712461e+11,5.504338558e+13,2.648614112e+13,993
2023-12-13,393,500,104,386,85,131.55,3.921316537e+11,2.41477519e+11,5.508970961e+13,2.648577978e+13,990
2023-12-14,623,293,81,385,91,133.15,3.952289795e+11,2.42326205e+11,5.567843802e+13,2.648942647e+13,993
2023-12-15,489,408,100,441,95,133.7,3.90597122e+11,2.41487642e+11,5.574175216e+13,2.64756563e+13,992
2023-12-18,320,576,101,466,90,133.9,3.897101693e+11,2.41898339e+11,5.565981258e+13,2.648622154e+13,990
2023-12-19,201,724,73,425,112,133.4,3.897845726e+11,2.43619807e+11,5.548400099e+13,2.647986704e+13,992
2023-12-20,635,253,110,384,126,133.75,3.965260526e+11,2.45705863e+11,5.56840437e+13,2.648552538e+13,992
2023-12-21,258,641,101,337,151,132.6,3.950891734e+11,2.44895604e+11,5.541214345e+13,2.648665389e+13,996
2023-12-22,344,529,128,338,163,132.95,3.97220531e+11,2.45369148e+11,5.556714443e+13,2.648527596e+13,994
2023-12-25,366,526,109,277,193,133.5,3.974615931e+11,2.45845023e+11,5.561527495e+13,2.650767547e+13,996
2023-12-26,777,146,78,287,193,134.25,4.020748065e+11,2.46630728e+11,5.608597018e+13,2.650977929e+13,997
2023-12-27,498,369,134,329,166,135.75,4.0463388e+11,2.47325167e+11,5.651538643e+13,2.650196545e+13,995
2023-12-28,466,414,121,422,120,135.75,4.04098795e+11,2.47699426e+11,5.658430208e+13,2.651229065e+13,997
2023-12-29,421,453,127,433,99,135.45,4.059989946e+11,2.48014237e+11,5.664758564e+13,2.651484932e+13,997
2024-01-02,405,472,124,430,115,134.9,4.036019257e+11,2.48424271e+11,5.640482006e+13,2.650547479e+13,997
2024-01-03,194,730,77,375,161,132.55,4.009391306e+11,2.49224908e+11,5.546904188e+13,2.649877044e+13,996
2024-01-04,302,565,134,322,219,132.5,4.000229707e+11,2.49729179e+11,5.543343908e+13,2.650448715e+13,995
2024-01-05,479,369,153,267,270,132.15,4.002604359e+11,2.48996724e+11,5.533151099e+13,2.650874907e+13,995
2024-01-08,372,504,125,262,282,132.75,3.986109321e+11,2.48150571e+11,5.550031807e+13,2.64928646e+13,994
2024-01-09,186,738,77,217,312,133,3.928285759e+11,2.45574757e+11,5.541275975e+13,2.65239073e+13,993
2024-01-10,231,670,100,185,362,132.3,3.905813735e+11,2.44563783e+11,5.518924367e+13,2.653202958e+13,995
2024-01-11,599,302,99,156,408,132.85,3.9465497e+11,2.44054875e+11,5.54505107e+13,2.651335584e+13,996
2024-01-12,283,611,106,162,425,132.65,3.927798655e+11,2.43706399e+11,5.531649517e+13,2.651720922e+13,992
2024-01-15,536,341,124,180,425,133,3.987762602e+11,2.45868197e+11,5.546261611e+13,2.652260318e+13,997
2024-01-16,133,815,53,158,475,131.65,3.938430306e+11,2.47524515e+11,5.476106605e+13,2.652005525e+13,996
2024-01-17,137,822,42,142,527,127.45,3.923795678e+11,2.47860934e+11,5.42461038e+13,2.652749453e+13,997
2024-01-18,412,449,140,111,586,128.3,3.907816345e+11,2.4703839e+11,5.442319243e+13,2.652853559e+13,991
2024-01-19,608,267,126,109,607,132.9,3.959463373e+11,2.46672432e+11,5.588468324e+13,2.65085077e+13,997
2024-01-22,655,247,100,137,578,133.8,4.023756199e+11,2.46311316e+11,5.627880986e+13,2.651626143e+13,991
2024-01-23,600,274,128,173,482,134.05,4.050009594e+11,2.47186801e+11,5.648310973e+13,2.653290174e+13,995
2024-01-24,550,329,124,193,378,134,4.055423987e+11,2.48790648e+11,5.650080227e+13,2.650333701e+13,996
2024-01-25,299,571,134,203,298,135.65,4.017138632e+11,2.48578208e+11,5.699781195e+13,2.654055181e+13,996
2024-01-26,405,468,131,197,237,135.65,3.982253123e+11,2.47462895e+11,5.698599092e+13,2.654544523e+13,994
2024-01-29,617,268,120,195,196,136.5,4.029460191e+11,2.47456105e+11,5.739739707e+13,2.655151799e+13,998
2024-01-30,256,663,86,200,204,136.15,4.044085328e+11,2.47968595e+11,5.714276623e+13,2.657068997e+13,999
2024-01-31,312,569,124,216,297,134.35,4.017725634e+11,2.47990488e+11,5.668033245e+13,2.656366728e+13,998
2024-02-01,631,278,96,200,359,134.35,4.016308647e+11,2.46789368e+11,5.694730663e+13,2.657274083e+13,1001
2024-02-02,375,508,122,203,380,135.1,4.038380793e+11,2.46644704e+11,5.723522982e+13,2.656829097e+13,1000
2024-02-05,287,638,80,212,386,135.95,3.983826108e+11,2.44814252e+11,5.735058808e+13,2.655710459e+13,1001
2024-02-15,583,330,92,235,394,142.35,4.073435477e+11,2.45573792e+11,5.908161532e+13,2.656538562e+13,1001
2024-02-16,727,191,87,269,319,141.3,4.131821361e+11,2.47787773e+11,5.896533326e+13,2.656258048e+13,1001
2024-02-19,714,234,57,345,199,141.1,4.175400909e+11,2.50961873e+11,5.905691849e+13,2.657042426e+13,1001
2024-02-20,349,569,87,374,131,141.65,4.20063045e+11,2.52605441e+11,5.942187147e+13,2.655233567e+13,1000
2024-02-21,504,384,117,405,107,141.2,4.213603263e+11,2.54128306e+11,5.918637163e+13,2.657397895e+13,1001
2024-02-22,454,451,100,439,123,142.8,4.253205438e+11,2.55220537e+11,5.974244289e+13,2.656403204e+13,1001
2024-02-23,253,676,76,458,147,143.75,4.203961892e+11,2.53636821e+11,5.985683649e+13,2.656598348e+13,1000
2024-02-26,556,353,96,467,166,143.95,4.282217319e+11,2.56076413e+11,6.00447604e+13,2.656335536e+13,1001
2024-02-27,234,698,73,432,235,143.35,4.209841885e+11,2.5471119e+11,5.974376339e+13,2.657975112e+13,1000
2024-02-29,630,288,86,429,239,143.3,4.326285489e+11,2.57050729e+11,6.009765381e+13,2.671061009e+13,998
2024-03-01,384,540,80,407,254,142.8,4.35033232e+11,2.57180305e+11,6.000665574e+13,2.674834514e+13,1000
2024-03-04,420,473,111,434,231,146.95,4.379504783e+11,2.58584531e+11,6.116296304e+13,2.675060647e+13,998
2024-03-05,420,477,107,437,240,148.15,4.415245778e+11,2.5942737e+11,6.142406764e+13,2.676776695e+13,999
2024-03-06,490,401,113,445,234,148.85,4.421592841e+11,2.60731246e+11,6.177896587e+13,2.677187582e+13,997
2024-03-07,229,705,71,429,254,152.3,4.346303241e+11,2.60291774e+11,6.240969965e+13,2.678115196e+13,1000
2024-03-08,175,797,34,356,281,154.45,4.171266564e+11,2.5548599e+11,6.269761176e+13,2.678050013e+13,1001
2024-03-11,602,327,78,296,279,152.9,4.272517131e+11,2.5920402e+11,6.251284173e+13,2.680978377e+13,1002
2024-03-12,725,208,74,304,263,154.5,4.416772842e+11,2.65284534e+11,6.311942797e+13,2.685244734e+13,1003
2024-03-13,235,716,56,325,251,155.25,4.294894294e+11,2.63637637e+11,6.31626458e+13,2.688256344e+13,1003
2024-03-14,406,510,91,332,250,155.1,4.266075251e+11,2.63153321e+11,6.317970884e+13,2.698936587e+13,1001
2024-03-15,286,648,73,287,285,153,4.302639524e+11,2.66198701e+11,6.238474402e+13,2.716145552e+13,1002
2024-03-18,587,334,87,290,301,154.4,4.430895593e+11,2.69745664e+11,6.301349616e+13,2.719853682e+13,1002
2024-03-19,430,492,86,316,322,154.05,4.448936236e+11,2.72006801e+11,6.295417099e+13,2.721406987e+13,1004
2024-03-20,333,593,82,333,332,153.2,4.438562458e+11,2.73262861e+11,6.272505388e+13,2.72041192e+13,1003
2024-03-21,669,252,86,355,330,157.4,4.565953814e+11,2.77077501e+11,6.402079242e+13,2.720334955e+13,1001
2024-03-22,467,433,107,369,311,157.2,4.607708152e+11,2.77985694e+11,6.413036756e+13,2.720059556e+13,1003
2024-03-25,556,349,102,387,240,157.5,4.649085973e+11,2.79508015e+11,6.400963783e+13,2.720468064e+13,1002
2024-03-26,224,712,73,360,230,157.6,4.519760249e+11,2.76395122e+11,6.379863763e+13,2.720411742e+13,1002
2024-03-27,661,257,91,365,206,157.65,4.592408763e+11,2.79423806e+11,6.402293234e+13,2.719839681e+13,1001
2024-03-28,416,460,133,355,232,156.9,4.624884636e+11,2.80891238e+11,6.387509241e+13,2.720790759e+13,1004
2024-03-29,373,522,114,373,222,157.9,4.569179397e+11,2.76822302e+11,6.434783727e+13,2.720430031e+13,1002
2024-04-01,670,257,83,381,196,157.4,4.636382327e+11,2.79105823e+11,6.413243934e+13,2.719739293e+13,1005
2024-04-02,391,508,111,378,182,159.65,4.702462853e+11,2.81265696e+11,6.490009367e+13,2.720165079e+13,1005
2024-04-03,322,606,82,379,191,158.55,4.729631938e+11,2.82880501e+11,6.447028246e+13,2.719759607e+13,1003
2024-04-08,561,362,85,370,224,159.45,4.743663836e+11,2.8366472e+11,6.475608318e+13,2.72086283e+13,1004
2024-04-09,597,337,74,385,208,163.25,4.75858248e+11,2.84596762e+11,6.594400434e+13,2.720683369e+13,1003
2024-04-10,532,382,94,424,154,163,4.742590461e+11,2.84238447e+11,6.583695051e+13,2.720949862e+13,1002
2024-04-11,270,664,74,407,156,162.5,4.715096032e+11,2.84108496e+11,6.580690905e+13,2.720917781e+13,1001
2024-04-12,459,461,88,383,181,162.1,4.782851837e+11,2.86582653e+11,6.576684359e+13,2.721255309e+13,1004
2024-04-15,249,696,63,339,242,160,4.669394301e+11,2.85703671e+11,6.485988446e+13,2.72072818e+13,1002
2024-04-16,45,933,30,239,322,155.65,4.439010526e+11,2.79599862e+11,6.31240336e+13,2.72139616e+13,1002
2024-04-17,822,133,53,202,373,157.4,4.603172744e+11,2.83729847e+11,6.41141695e+13,2.722145065e+13,1002
2024-04-18,561,360,87,196,395,158.95,4.66272372e+11,2.85642609e+11,6.43980539e+13,2.722590253e+13,1002
2024-04-19,99,884,25,224,413,150.9,4.469663288e+11,2.82037111e+11,6.195110163e+13,2.722176971e+13,1002
2024-04-22,436,507,65,216,437,150.45,4.292161341e+11,2.77592877e+11,6.157878063e+13,2.720716855e+13,1003
2024-04-23,735,212,61,220,444,151.9,4.343353845e+11,2.77097621e+11,6.218464403e+13,2.722094177e+13,1003
2024-04-24,713,214,81,266,420,156.35,4.529296738e+11,2.79213827e+11,6.386357357e+13,2.723346073e+13,1003
2024-04-25,336,560,112,293,362,153.5,4.507680374e+11,2.80494004e+11,6.299439151e+13,2.724570186e+13,1003
2024-04-26,548,336,124,311,261,156,4.593139652e+11,2.81954935e+11,6.371484271e+13,2.721881543e+13,1002
2024-04-29,806,147,55,341,172,158.8,4.675007289e+11,2.82639311e+11,6.502318305e+13,2.726632434e+13,1002
2024-04-30,399,527,82,373,115,158.25,4.690250232e+11,2.83890973e+11,6.469784204e+13,2.72502867e+13,1001
2024-05-02,549,353,106,410,78,156.15,4.728485301e+11,2.870912e+11,6.415518154e+13,2.726679569e+13,1002
2024-05-03,360,532,117,417,85,156.95,4.7201964e+11,2.87756416e+11,6.449417017e+13,2.724225189e+13,1001
2024-05-06,567,349,93,428,117,159.2,4.754355626e+11,2.89184522e+11,6.513458926e+13,2.72582784e+13,1005
2024-05-07,358,571,80,436,150,160.1,4.743770178e+11,2.89186701e+11,6.553589615e+13,2.723563935e+13,1002
2024-05-08,417,492,100,414,154,160.7,4.786886658e+11,2.90416728e+11,6.5681985e+13,2.724250389e+13,1002
2024-05-09,257,675,78,351,185,160.5,4.721459302e+11,2.89983074e+11,6.524648318e+13,2.728678439e+13,1004
2024-05-10,546,387,77,331,214,161.65,4.753385994e+11,2.91968216e+11,6.57283401e+13,2.732716725e+13,1006
2024-05-13,434,501,76,307,233,163.3,4.706702295e+11,2.89574837e+11,6.619904836e+13,2.736988169e+13,1004
2024-05-14,451,468,92,325,238,164.4,4.777961328e+11,2.9084646e+11,6.66103301e+13,2.745587041e+13,1005
2024-05-15,521,411,80,327,240,166.65,4.765055189e+11,2.89642159e+11,6.71409613e+13,2.774929727e+13,1008
2024-05-16,709,235,69,370,206,167.45,4.80183361e+11,2.89973804e+11,6.765950547e+13,2.774661457e+13,1009
2024-05-17,495,429,90,426,189,167.25,4.833547913e+11,2.9084796e+11,6.752050398e+13,2.775994528e+13,1010
2024-05-20,513,424,77,489,156,167.2,4.799393122e+11,2.90049785e+11,6.756074331e+13,2.775668423e+13,1010
2024-05-21,366,569,80,465,147,167,4.80979201e+11,2.90441319e+11,6.743761911e+13,2.77769856e+13,1009
2024-05-22,546,380,89,463,130,170,4.864617489e+11,2.91609298e+11,6.84544908e+13,2.780208462e+13,1011
2024-05-23,149,832,34,362,169,171.3,4.824882098e+11,2.91610473e+11,6.862839744e+13,2.77933869e+13,1011
2024-05-24,505,404,106,320,204,170.6,4.906638453e+11,2.93822343e+11,6.848487283e+13,2.782707137e+13,1007
2024-05-27,651,275,89,310,227,172.95,5.062177952e+11,2.98574843e+11,6.925695631e+13,2.791296861e+13,1009
2024-05-28,733,219,63,363,184,173.2,5.09340963e+11,2.98557388e+11,6.943812921e+13,2.800794572e+13,1011
2024-05-29,398,546,71,418,157,170.85,5.058161e+11,2.98691555e+11,6.880631805e+13,2.804676769e+13,1009
2024-05-30,223,721,71,447,166,167.9,4.992618863e+11,2.99032337e+11,6.787327903e+13,2.805056529e+13,1010
2024-05-31,584,362,69,447,181,166,4.958414699e+11,2.99532435e+11,6.727864857e+13,2.805132847e+13,1011
2024-06-03,531,390,94,429,196,169.55,5.055899525e+11,3.01237821e+11,6.842931596e+13,2.806693681e+13,1010
2024-06-04,338,590,87,438,179,166.85,4.996255153e+11,3.00628955e+11,6.785857878e+13,2.805650114e+13,1008
2024-06-05,333,582,100,409,174,168.45,5.010603388e+11,3.02355018e+11,6.812655299e+13,2.789096342e+13,1009
2024-06-06,298,622,95,349,207,174.2,5.042678278e+11,3.03619654e+11,6.958387485e+13,2.804616059e+13,1009
2024-06-07,720,215,80,333,192,172.85,5.104932976e+11,3.04633093e+11,6.94263696e+13,2.804337576e+13,1006
2024-06-11,246,697,72,315,196,173.3,5.021421222e+11,3.03408228e+11,6.925243164e+13,2.806001067e+13,1011
2024-06-12,387,551,78,325,195,176.4,5.053672319e+11,3.03614391e+11,7.011881143e+13,2.809796242e+13,1012
2024-06-13,513,384,120,312,234,178.95,5.14253816e+11,3.04361363e+11,7.096344328e+13,2.809023838e+13,1013
2024-06-14,601,323,93,336,247,180,5.237819644e+11,3.06531783e+11,7.157974424e+13,2.807733308e+13,1012
2024-06-17,521,404,92,361,219,180,5.25548595e+11,3.07628696e+11,7.154043619e+13,2.807108096e+13,1010
2024-06-18,451,446,121,415,197,183,5.264171008e+11,3.08114023e+11,7.238627716e+13,2.807488194e+13,1014
2024-06-19,342,586,90,416,195,187.95,5.275616095e+11,3.09452784e+11,7.381354923e+13,2.808526699e+13,1013
2024-06-20,711,199,108,436,190,189.75,5.393159724e+11,3.11708725e+11,7.443858056e+13,2.808774378e+13,1012
2024-06-21,449,465,104,438,171,188.6,5.421798318e+11,3.15207621e+11,7.395314216e+13,2.809035975e+13,1013
2024-06-24,292,651,75,443,153,184,5.320318921e+11,3.15220677e+11,7.257856848e+13,2.809499009e+13,1013
2024-06-25,494,413,112,404,175,183.9,5.370074747e+11,3.17177342e+11,7.278041482e+13,2.80860409e+13,1013
2024-06-26,429,501,89,357,221,185.35,5.410320308e+11,3.17565136e+11,7.31359254e+13,2.808712393e+13,1014
2024-06-27,242,675,103,341,244,185.3,5.37312328e+11,3.17982947e+11,7.288452167e+13,2.80789501e+13,1014
2024-06-28,659,261,100,332,262,186.45,5.404174595e+11,3.17993692e+11,7.330123047e+13,2.808803997e+13,1016
2024-07-01,449,474,97,338,279,186.6,5.423932145e+11,3.20183294e+11,7.337160411e+13,2.808702367e+13,1013
2024-07-02,326,577,117,367,271,185.35,5.417980752e+11,3.21957358e+11,7.278581076e+13,2.808321936e+13,1013
2024-07-03,641,288,91,362,272,187.6,5.526290711e+11,3.25382912e+11,7.373726166e+13,2.808672551e+13,1016
2024-07-04,625,272,123,403,239,192.5,5.609919455e+11,3.26590178e+11,7.485172085e+13,2.808842579e+13,1016
2024-07-05,610,316,94,460,181,191.8,5.665856268e+11,3.28575653e+11,7.494663805e+13,2.808594735e+13,1014
2024-07-08,315,629,76,479,173,197.85,5.654650313e+11,3.30689243e+11,7.598094693e+13,2.808988023e+13,1015
2024-07-09,213,729,78,451,218,197.65,5.601489596e+11,3.28711597e+11,7.604904258e+13,2.808181017e+13,1016
2024-07-10,577,330,113,400,263,198.35,5.702851377e+11,3.31985335e+11,7.638434916e+13,2.808885078e+13,1015
2024-07-11,457,442,121,371,285,202.75,5.759233515e+11,3.3454212e+11,7.757741731e+13,2.808760631e+13,1013
2024-07-12,462,453,105,372,270,196.35,5.671988079e+11,3.33684925e+11,7.609519018e+13,2.809080915e+13,1016
2024-07-15,366,557,97,338,263,196.7,5.680352251e+11,3.35092411e+11,7.594255354e+13,2.809341446e+13,1011
2024-07-16,450,440,130,335,261,196.85,5.70742912e+11,3.35880055e+11,7.633140462e+13,2.809106308e+13,1013
2024-07-17,541,357,122,325,264,194.1,5.766182042e+11,3.40495549e+11,7.562327293e+13,2.808863867e+13,1015
2024-07-18,329,581,110,309,256,190.6,5.65967208e+11,3.40041155e+11,7.447354079e+13,2.809170012e+13,1015
2024-07-19,94,879,46,252,299,186.25,5.461908548e+11,3.36866469e+11,7.275492684e+13,2.807050048e+13,1015
2024-07-22,133,827,59,165,399,180.7,5.212826462e+11,3.31601598e+11,7.08126896e+13,2.80676445e+13,1015
2024-07-23,740,192,87,120,443,186.3,5.279640105e+11,3.28897658e+11,7.275846498e+13,2.808196832e+13,1015
2024-07-26,204,748,67,108,466,179,5.196058729e+11,3.31849533e+11,7.031860537e+13,2.806870666e+13,1013
2024-07-29,279,663,78,120,493,180.6,5.010596434e+11,3.25475169e+11,7.050447119e+13,2.809014256e+13,1016
2024-07-30,671,266,83,120,530,180.6,5.110273283e+11,3.25946717e+11,7.068269115e+13,2.808212305e+13,1016
2024-07-31,442,467,111,129,555,180.85,5.151445418e+11,3.28853507e+11,7.059583461e+13,2.808028375e+13,1013
2024-08-01,876,89,55,180,481,184,5.275454921e+11,3.29197935e+11,7.201284917e+13,2.804608902e+13,1016
2024-08-02,41,961,18,175,475,174.7,4.979793154e+11,3.25855472e+11,6.882212809e+13,2.804807868e+13,1016
2024-08-05,9,1001,10,72,674,158.75,4.339502365e+11,3.07568708e+11,6.307547342e+13,2.806175099e+13,1016
2024-08-06,396,580,44,20,768,167.5,4.135488617e+11,2.91262041e+11,6.516206836e+13,2.804718276e+13,1015
2024-08-07,969,30,21,15,802,174.15,4.412150667e+11,2.91654137e+11,6.774742703e+13,2.810273762e+13,1016
2024-08-08,201,760,59,20,814,170.55,4.374366606e+11,2.93751576e+11,6.63466114e+13,2.811154554e+13,1014
2024-08-09,848,126,46,38,752,175.85,4.498297174e+11,2.94958954e+11,6.825270318e+13,2.812957108e+13,1014
2024-08-12,734,215,71,50,679,178.05,4.556671392e+11,2.93030367e+11,6.921741568e+13,2.813093734e+13,1015
2024-08-13,477,438,106,68,500,178.5,4.595028104e+11,2.93914933e+11,6.930373385e+13,2.819371441e+13,1016
2024-08-14,609,324,88,81,354,180.75,4.607111506e+11,2.92831503e+11,7.00266485e+13,2.840868415e+13,1016
2024-08-15,436,477,107,79,222,179.35,4.58660559e+11,2.9347678e+11,6.943067158e+13,2.823204658e+13,1015
2024-08-16,724,195,101,85,110,183.4,4.66972623e+11,2.93361035e+11,7.087745084e+13,2.822991087e+13,1016
2024-08-19,494,415,111,114,143,183.65,4.725751135e+11,2.95418617e+11,7.105362851e+13,2.822650199e+13,1014
2024-08-20,466,440,115,147,181,183.75,4.737381111e+11,2.95625821e+11,7.114423817e+13,2.825974936e+13,1017
2024-08-21,462,455,103,162,177,181.8,4.726717105e+11,2.97064799e+11,7.053889514e+13,2.823632215e+13,1016
2024-08-22,393,512,114,162,211,180.85,4.670864055e+11,2.97607949e+11,6.978139412e+13,2.773105829e+13,1010
2024-08-23,504,390,125,168,252,180.95,4.801313938e+11,3.0068254e+11,7.02776377e+13,2.821885811e+13,1013
2024-08-26,540,398,82,181,253,181.25,4.843224777e+11,3.02464712e+11,7.06722576e+13,2.843457906e+13,1016
2024-08-27,492,401,127,198,243,180.45,4.894268307e+11,3.05042854e+11,7.040277955e+13,2.842411811e+13,1012
2024-08-28,362,523,135,199,245,183,4.978314006e+11,3.07733658e+11,7.108162428e+13,2.843471607e+13,1013
2024-08-29,421,490,108,222,288,180.5,5.034407935e+11,3.11020596e+11,7.053954345e+13,2.84062976e+13,1013
2024-08-30,624,303,92,235,269,181.35,5.062714819e+11,3.12261557e+11,7.078305212e+13,2.847852401e+13,1014
2024-09-02,289,657,74,251,290,180.85,5.034274289e+11,3.13253489e+11,7.067176137e+13,2.846503681e+13,1013
2024-09-03,214,716,90,255,324,180.05,4.999309197e+11,3.13696428e+11,7.027952912e+13,2.849961644e+13,1011
2024-09-04,22,981,17,143,513,171.25,4.695600883e+11,3.09735143e+11,6.712186611e+13,2.850323682e+13,1015
2024-09-05,508,427,85,99,577,172.3,4.700825689e+11,3.10139829e+11,6.744484366e+13,2.853445726e+13,1014
2024-09-06,554,350,116,71,607,174.75,4.733336372e+11,3.09619895e+11,6.82431337e+13,2.85446577e+13,1012
2024-09-09,326,620,76,88,615,172.05,4.747308551e+11,3.10998167e+11,6.727811055e+13,2.856005797e+13,1015
2024-09-10,218,736,68,90,625,172.35,4.629738125e+11,3.09023332e+11,6.701347941e+13,2.855078014e+13,1013
2024-09-11,425,504,93,88,658,171.85,4.648860714e+11,3.09173005e+11,6.692565928e+13,2.85575289e+13,1016
2024-09-12,830,122,70,104,643,178.3,4.7848751e+11,3.09706609e+11,6.886317027e+13,2.855685956e+13,1016
2024-09-13,683,242,97,148,548,178.4,4.833746239e+11,3.1114046e+11,6.92005315e+13,2.854573235e+13,1015
2024-09-16,704,222,96,205,287,178.75,4.879205497e+11,3.12272835e+11,6.94990115e+13,2.855943984e+13,1014
2024-09-18,321,613,88,222,181,177.85,4.832129285e+11,3.13122707e+11,6.896728117e+13,2.855879239e+13,1014
2024-09-19,801,141,79,247,135,180.15,4.94867176e+11,3.13550801e+11,7.011269385e+13,2.855186058e+13,1015
2024-09-20,497,438,86,270,144,182.45,4.915403608e+11,3.12311731e+11,7.049082316e+13,2.853809419e+13,1015
2024-09-23,477,447,97,308,116,183.25,4.955583472e+11,3.12767216e+11,7.088928553e+13,2.856619052e+13,1013
2024-09-24,357,568,96,313,151,185,4.971604696e+11,3.13757764e+11,7.135186745e+13,2.854581237e+13,1012
2024-09-25,742,185,95,336,155,187.75,5.051923431e+11,3.14113921e+11,7.242952552e+13,2.856674824e+13,1016
2024-09-26,303,598,121,357,179,189.3,5.019032948e+11,3.13195882e+11,7.270531335e+13,2.857109746e+13,1016
2024-09-27,671,268,83,406,143,188.9,5.029765649e+11,3.13272604e+11,7.259192458e+13,2.85636345e+13,1017
2024-09-30,298,637,88,412,157,183.95,4.985128552e+11,3.16576056e+11,7.0707812e+13,2.857060633e+13,1017
2024-10-01,413,525,85,408,173,183.6,5.009184537e+11,3.17042572e+11,7.124366002e+13,2.858181013e+13,1016
2024-10-04,224,742,58,340,256,183.6,4.953725458e+11,3.17287821e+11,7.102994469e+13,2.858142374e+13,1016
2024-10-07,700,250,74,340,254,188.15,5.04238539e+11,3.18935873e+11,7.232119264e+13,2.860165057e+13,1019
2024-10-08,182,795,47,309,297,187.25,5.021720273e+11,3.20397965e+11,7.204505281e+13,2.858721002e+13,1015
2024-10-09,216,739,67,266,313,189,4.960053553e+11,3.19321854e+11,7.215054587e+13,2.85565391e+13,1013
2024-10-11,328,597,97,197,367,192.15,4.967393399e+11,3.19102025e+11,7.299203951e+13,2.859023134e+13,1016
2024-10-14,575,349,98,177,383,192.3,5.025069129e+11,3.19539948e+11,7.3220402e+13,2.859145853e+13,1014
2024-10-15,411,505,106,193,375,196.4,5.034371253e+11,3.20019575e+11,7.425645487e+13,2.862513945e+13,1013
2024-10-16,450,502,70,216,362,193,5.07202776e+11,3.22938236e+11,7.33707663e+13,2.861594516e+13,1016
2024-10-17,644,285,92,231,345,193.3,5.145044516e+11,3.24936607e+11,7.35113895e+13,2.861969707e+13,1015
2024-10-18,313,617,91,241,352,198.1,5.073482418e+11,3.22282075e+11,7.489414316e+13,2.862475134e+13,1015
2024-10-21,607,312,104,280,322,198.05,5.156327446e+11,3.23009176e+11,7.510980436e+13,2.865338138e+13,1017
2024-10-22,416,523,84,304,306,197.3,5.218717305e+11,3.25455228e+11,7.507630702e+13,2.865747839e+13,1017
2024-10-23,399,527,99,335,278,196,5.248901766e+11,3.27082648e+11,7.44378815e+13,2.864483624e+13,1015
2024-10-24,209,735,81,304,315,194.8,5.124269699e+11,3.26043754e+11,7.400012482e+13,2.86641221e+13,1019
2024-10-25,489,417,120,273,354,196.4,5.167017495e+11,3.26961558e+11,7.456601325e+13,2.866970144e+13,1015
2024-10-28,326,601,100,225,392,196.05,5.083456771e+11,3.25668918e+11,7.409128815e+13,2.868914586e+13,1018
2024-10-29,135,833,59,180,432,191.5,4.998279045e+11,3.24572308e+11,7.323806644e+13,2.869591778e+13,1021
2024-10-30,348,590,89,132,464,191.8,5.017013848e+11,3.25848781e+11,7.288601511e+13,2.87176761e+13,1018
2024-11-01,673,264,86,130,463,190.5,5.050985764e+11,3.2583312e+11,7.272721962e+13,2.870619402e+13,1013
2024-11-04,262,693,68,141,439,192.95,5.078751853e+11,3.26831753e+11,7.332797586e+13,2.872017151e+13,1016
2024-11-05,501,403,119,175,399,193.65,5.107209306e+11,3.26564786e+11,7.378912567e+13,2.871411414e+13,1016
2024-11-06,466,454,103,179,429,195.2,5.1493358e+11,3.27205349e+11,7.413330927e+13,2.874085681e+13,1014
2024-11-07,730,206,87,228,364,197.45,5.253544656e+11,3.29914462e+11,7.474925215e+13,2.872620033e+13,1017
2024-11-08,252,707,64,243,326,199,5.202954913e+11,3.286775e+11,7.520796946e+13,2.87189539e+13,1017
2024-11-11,454,492,81,243,315,199.1,5.219375804e+11,3.28850933e+11,7.515378375e+13,2.877253154e+13,1021
2024-11-12,133,848,46,205,427,194,5.063494782e+11,3.26533679e+11,7.341279478e+13,2.881508314e+13,1021
2024-11-13,342,592,93,174,481,192.75,5.083475186e+11,3.27772341e+11,7.303033266e+13,2.888926335e+13,1022
2024-11-14,157,827,42,130,573,191,5.005364187e+11,3.2604561e+11,7.256819257e+13,2.91177177e+13,1021
2024-11-15,675,263,88,117,589,192.35,5.016142372e+11,3.26051673e+11,7.264106121e+13,2.930821689e+13,1018
2024-11-18,288,663,75,112,620,189.65,4.855121614e+11,3.21930102e+11,7.204070613e+13,2.93215268e+13,1022
2024-11-19,783,172,72,131,584,192.25,4.975343462e+11,3.22822398e+11,7.30027894e+13,2.933435644e+13,1023
2024-11-20,276,656,95,142,560,191.45,4.944189077e+11,3.22708274e+11,7.24970005e+13,2.933402706e+13,1023
2024-11-21,546,371,110,158,499,189.35,4.99130287e+11,3.2438763e+11,7.205358253e+13,2.934053753e+13,1018
2024-11-22,672,263,92,171,436,193.05,5.057203861e+11,3.25025883e+11,7.317866328e+13,2.93658789e+13,1022
2024-11-25,792,168,68,206,254,192.35,5.14045613e+11,3.2673765e+11,7.333611635e+13,2.938262997e+13,1024
2024-11-26,305,630,95,237,157,189.85,5.088998731e+11,3.27107468e+11,7.24809208e+13,2.938353781e+13,1025
2024-11-27,95,890,45,220,194,187.1,4.930539722e+11,3.24783934e+11,7.140375058e+13,2.936718312e+13,1023
2024-11-28,221,724,85,174,413,186.8,4.81182743e+11,3.20172537e+11,7.128664968e+13,2.940330838e+13,1022
2024-11-29,619,291,120,144,529,187.25,4.910286253e+11,3.22530203e+11,7.117639546e+13,2.939339788e+13,1023
2024-12-02,459,480,91,149,534,191.7,4.977209154e+11,3.23601502e+11,7.266465312e+13,2.939580521e+13,1023
2024-12-03,678,256,97,183,478,194.3,5.040846819e+11,3.24153588e+11,7.362165301e+13,2.939445415e+13,1025
2024-12-04,563,358,110,211,407,195.45,5.131260488e+11,3.25445363e+11,7.428638964e+13,2.937316907e+13,1021
2024-12-05,318,615,99,226,353,196.5,5.179870841e+11,3.28095552e+11,7.440367159e+13,2.940973172e+13,1024
2024-12-06,477,428,128,232,324,195.75,5.174752284e+11,3.28557734e+11,7.417421271e+13,2.940343241e+13,1025
2024-12-09,284,657,92,226,335,196,5.189471027e+11,3.30172749e+11,7.440653212e+13,2.940763382e+13,1023
2024-12-10,325,616,92,208,349,194.6,5.104293439e+11,3.28048331e+11,7.396844615e+13,2.941215153e+13,1027
2024-12-11,307,625,102,181,415,192.9,5.086564577e+11,3.27759848e+11,7.326394323e+13,2.940739935e+13,1024
2024-12-12,340,569,125,165,452,195.15,5.088214446e+11,3.27707322e+11,7.373021801e+13,2.939921992e+13,1028
2024-12-13,152,821,61,143,521,195.3,4.990063691e+11,3.24164354e+11,7.361636502e+13,2.938279267e+13,1023
2024-12-16,180,788,67,116,574,196.1,4.847564266e+11,3.20204766e+11,7.369941546e+13,2.941303039e+13,1029
2024-12-17,571,373,91,101,606,197.1,4.92935752e+11,3.20885324e+11,7.360179785e+13,2.939498108e+13,1024
2024-12-18,561,357,117,109,618,197.1,4.986797187e+11,3.22704819e+11,7.411378049e+13,2.941126326e+13,1027
2024-12-19,216,750,68,113,616,194.4,4.97504812e+11,3.23617443e+11,7.336916487e+13,2.941583236e+13,1030
2024-12-20,243,706,85,111,625,192.6,4.943264048e+11,3.24670318e+11,7.202075077e+13,2.941385278e+13,1030
2024-12-23,831,151,52,121,607,197.25,5.003079283e+11,3.23358374e+11,7.391987957e+13,2.941713775e+13,1030
2024-12-24,465,461,108,133,553,197.8,4.999131297e+11,3.23230685e+11,7.39655154e+13,2.940584455e+13,1029
2024-12-25,626,290,118,171,408,198.4,5.079840345e+11,3.24809147e+11,7.42916019e+13,2.941335946e+13,1030
2024-12-26,481,415,138,178,279,198.25,5.110578338e+11,3.2632853e+11,7.433595918e+13,2.937826708e+13,1025
2024-12-27,309,605,120,195,251,198.9,5.086378416e+11,3.25477253e+11,7.446135569e+13,2.941270854e+13,1027
2024-12-30,305,642,88,191,301,197.8,5.069080837e+11,3.26441023e+11,7.419359791e+13,2.941471276e+13,1029
2024-12-31,373,586,76,196,399,195.75,5.106267774e+11,3.27558296e+11,7.370850856e+13,2.942330183e+13,1031
2025-01-02,319,621,95,168,455,194.05,5.075454777e+11,3.29543807e+11,7.306028209e+13,2.942723784e+13,1031
2025-01-03,279,655,101,155,519,196,5.039739123e+11,3.27869937e+11,7.329965621e+13,2.940921747e+13,1029
2025-01-06,741,206,88,157,532,202.15,5.163354251e+11,3.29747315e+11,7.535242505e+13,2.941781437e+13,1031
2025-01-07,275,697,63,176,525,204.4,5.172011829e+11,3.2917349e+11,7.568887613e+13,2.941896101e+13,1031
2025-01-08,469,450,116,188,487,201.35,5.176340175e+11,3.30129522e+11,7.489317784e+13,2.940709742e+13,1026
2025-01-09,133,853,49,146,543,199.05,4.970463088e+11,3.25643838e+11,7.385956071e+13,2.941022961e+13,1030
2025-01-10,324,612,99,113,583,199,4.898026866e+11,3.23066309e+11,7.364682763e+13,2.940977121e+13,1029
2025-01-13,140,850,45,68,659,194.4,4.644717169e+11,3.15535016e+11,7.197510498e+13,2.941677056e+13,1031
2025-01-14,794,160,82,60,679,195.6,4.709900018e+11,3.14958672e+11,7.296444741e+13,2.941142886e+13,1030
2025-01-15,412,522,104,59,677,194.1,4.666666337e+11,3.14732916e+11,7.207539841e+13,2.942479259e+13,1033
2025-01-16,755,180,103,78,613,198.05,4.727262825e+11,3.12466298e+11,7.370439195e+13,2.940772898e+13,1032
2025-01-17,452,473,113,93,544,196.3,4.67002101e+11,3.09772573e+11,7.409472977e+13,2.942344696e+13,1032
2025-01-20,650,301,87,127,409,198.3,4.739645752e+11,3.0901864e+11,7.447219437e+13,2.941642443e+13,1031
2025-01-21,453,429,156,131,332,198.7,4.721278025e+11,3.07774487e+11,7.456214401e+13,2.940490164e+13,1026
2025-01-22,702,227,109,155,223,201.3,4.724288677e+11,3.05287551e+11,7.530443093e+13,2.941259163e+13,1029
2025-02-03,311,661,66,168,229,192.7,4.570908274e+11,3.05187136e+11,7.266262198e+13,2.942403457e+13,1032
2025-02-04,371,577,90,161,260,193.85,4.571334473e+11,3.05710074e+11,7.296989538e+13,2.943143595e+13,1032
2025-02-05,848,111,78,174,319,196.8,4.676201719e+11,3.05601281e+11,7.415578079e+13,2.942391143e+13,1033
2025-02-06,748,206,83,208,234,197.65,4.726826176e+11,3.05934753e+11,7.461686203e+13,2.941017757e+13,1026
2025-02-07,507,416,114,265,140,198.55,4.789082421e+11,3.06034473e+11,7.515812593e+13,2.94151426e+13,1028
2025-02-10,410,533,94,307,128,196.3,4.797915905e+11,3.0872192e+11,7.444611999e+13,2.942350081e+13,1032
2025-02-11,435,493,109,330,147,197.5,4.845052156e+11,3.09154193e+11,7.485578213e+13,2.942692274e+13,1028
2025-02-12,436,485,117,332,181,197.2,4.880473583e+11,3.11523857e+11,7.457135049e+13,2.941863468e+13,1033
2025-02-13,800,166,72,379,136,196.35,4.959483737e+11,3.13023678e+11,7.492257823e+13,2.941486742e+13,1033
2025-02-14,521,414,103,427,104,194,4.957452885e+11,3.13574044e+11,7.411382354e+13,2.940941099e+13,1030
2025-02-17,634,304,100,496,79,196.95,5.028435044e+11,3.14922889e+11,7.525774857e+13,2.944033406e+13,1031
2025-02-18,472,440,126,558,79,197.65,5.081159857e+11,3.16399005e+11,7.576003386e+13,2.9427873e+13,1028
2025-02-19,626,305,107,598,59,197.3,5.133101333e+11,3.19292844e+11,7.557759526e+13,2.94161397e+13,1033
2025-02-20,436,496,106,623,55,196.55,5.145086703e+11,3.21311666e+11,7.519128511e+13,2.942162124e+13,1031
2025-02-21,673,268,97,661,47,197.95,5.197922171e+11,3.21783865e+11,7.597159783e+13,2.94153847e+13,1031
2025-02-24,440,499,99,689,42,196.2,5.219134085e+11,3.2343457e+11,7.545727259e+13,2.943373167e+13,1033
2025-02-25,260,676,102,673,61,193.65,5.156234076e+11,3.24483022e+11,7.455857092e+13,2.943550903e+13,1031
2025-02-26,428,491,119,588,84,194.7,5.187813008e+11,3.25413294e+11,7.490864807e+13,2.946290184e+13,1029
2025-02-27,288,669,81,474,102,192.5,5.07819188e+11,3.24284623e+11,7.380097309e+13,2.980655908e+13,1030
2025-03-03,249,714,75,366,121,188.05,4.969981086e+11,3.24050396e+11,7.284972705e+13,2.982361114e+13,1029
2025-03-04,548,400,90,317,132,186.8,5.04058902e+11,3.26111501e+11,7.234752284e+13,2.985154157e+13,1030
2025-03-05,647,292,99,313,142,189.25,5.127810201e+11,3.28033352e+11,7.32321088e+13,2.985599175e+13,1031
2025-03-06,304,619,115,336,151,188.1,5.108321373e+11,3.28609499e+11,7.272403858e+13,2.986893831e+13,1029
2025-03-07,221,716,102,316,168,186.35,5.032815221e+11,3.27851463e+11,7.22770162e+13,2.985498655e+13,1030
2025-03-10,383,555,102,290,206,185.25,5.000686376e+11,3.27246302e+11,7.192189203e+13,2.984756712e+13,1030
2025-03-11,196,779,65,250,256,182,4.90858709e+11,3.25806691e+11,7.064483061e+13,2.984512967e+13,1031
2025-03-12,542,397,101,231,286,182.8,4.97476741e+11,3.27694493e+11,7.138485306e+13,2.991481228e+13,1035
2025-03-13,197,783,62,189,335,181.1,4.89712453e+11,3.26414588e+11,7.03705607e+13,2.996180027e+13,1035
2025-03-14,695,261,86,209,348,180.5,4.908289106e+11,3.25694534e+11,7.039676026e+13,3.006039757e+13,1038
2025-03-17,528,406,108,212,369,182.05,4.912642399e+11,3.25360733e+11,7.086272081e+13,3.011203235e+13,1035
2025-03-18,626,293,124,290,354,182.8,4.950845449e+11,3.24691148e+11,7.137424119e+13,3.016910494e+13,1037
2025-03-19,262,686,95,304,334,180.55,4.876306819e+11,3.242901e+11,7.03820816e+13,3.017230477e+13,1038
2025-03-20,795,161,87,337,284,184.45,4.936891763e+11,3.24238426e+11,7.170521305e+13,3.016659212e+13,1038
2025-03-21,315,652,76,320,282,182.95,4.92104046e+11,3.24119474e+11,7.117640995e+13,3.016726413e+13,1039
2025-03-24,290,673,80,312,268,182.75,4.854663613e+11,3.23759132e+11,7.083988739e+13,3.015483304e+13,1037
2025-03-25,295,638,110,248,362,184.65,4.850206966e+11,3.22275801e+11,7.137483141e+13,3.016371518e+13,1038
2025-03-26,617,307,119,229,382,184.5,4.86548504e+11,3.21865442e+11,7.134302999e+13,3.017842146e+13,1036
2025-03-27,195,748,100,192,428,181,4.78833279e+11,3.21121581e+11,7.034044461e+13,3.016753727e+13,1035
2025-03-28,66,956,21,140,519,179.2,4.595543206e+11,3.16022604e+11,6.924172603e+13,3.016986101e+13,1038
2025-03-31,30,1004,9,61,635,172.75,4.150702774e+11,3.00314124e+11,6.633601931e+13,3.018719527e+13,1038
2025-04-01,902,98,43,41,685,176.3,4.243480366e+11,2.98958157e+11,6.819645489e+13,3.01833841e+13,1037
2025-04-02,638,299,106,42,729,176,4.278477839e+11,2.98816651e+11,6.826669624e+13,3.018099595e+13,1039
2025-04-07,4,1036,2,11,817,158.4,3.761126878e+11,2.85252992e+11,6.163880304e+13,3.017880357e+13,1037
2025-04-08,157,864,21,5,878,153.25,3.257106475e+11,2.5678902e+11,5.917045436e+13,3.018175236e+13,1038
2025-04-09,25,1012,5,2,921,146.2,2.713101075e+11,2.23785029e+11,5.574773073e+13,3.018908142e+13,1038
2025-04-10,1027,6,9,5,945,160.8,2.99005796e+11,2.22431725e+11,6.09010311e+13,3.018288582e+13,1038
2025-04-11,565,425,52,9,953,164.55,2.957056924e+11,2.13955822e+11,6.258133371e+13,3.017873001e+13,1035
2025-04-14,725,268,49,18,893,163.7,3.000001547e+11,2.12803927e+11,6.253853218e+13,3.019134678e+13,1037
2025-04-15,986,37,19,24,739,165.35,3.123948053e+11,2.13994817e+11,6.36439782e+13,3.018082226e+13,1037
2025-04-16,143,866,33,22,506,162.35,3.046969224e+11,2.1454978e+11,6.239576206e+13,3.019154e+13,1038
2025-04-17,387,528,127,24,227,160.55,3.074554605e+11,2.16020028e+11,6.198061146e+13,3.017424133e+13,1035
2025-04-18,474,463,105,20,147,160.9,3.078617599e+11,2.15979291e+11,6.214952798e+13,3.019111556e+13,1035
2025-04-21,110,895,37,25,183,158.6,2.942896928e+11,2.12486669e+11,6.121838401e+13,3.0174775e+13,1034
2025-04-22,238,719,85,23,367,155.95,2.880892622e+11,2.10932049e+11,6.021864184e+13,3.017835338e+13,1035
2025-04-23,953,55,34,23,654,162.85,2.994218898e+11,2.10393071e+11,6.29032023e+13,3.0168461e+13,1033
2025-04-24,452,473,117,27,606,161.9,2.98366899e+11,2.10093888e+11,6.240074669e+13,3.016927315e+13,1033
2025-04-25,818,148,76,37,311,165.75,3.02679406e+11,2.08844606e+11,6.369243769e+13,3.018975298e+13,1038
2025-04-28,763,196,84,40,207,167.15,3.049548576e+11,2.08154193e+11,6.419332905e+13,3.01980286e+13,1031
2025-04-29,871,120,52,54,91,167.8,3.110220745e+11,2.09008974e+11,6.485071898e+13,3.019280716e+13,1039
2025-04-30,258,712,73,58,66,168.6,3.083893664e+11,2.09669672e+11,6.485278757e+13,3.021203074e+13,1038
2025-05-02,843,141,59,60,45,173.5,3.15088208e+11,2.09351182e+11,6.662505897e+13,3.020579495e+13,1038
2025-05-05,255,740,48,74,63,171.95,3.077125195e+11,2.08867379e+11,6.58080954e+13,3.022182623e+13,1036
2025-05-06,727,251,65,100,108,171,3.111827564e+11,2.09482846e+11,6.577199406e+13,3.020124353e+13,1036
2025-05-07,408,537,98,114,315,170.35,3.091420619e+11,2.09439756e+11,6.584999034e+13,3.020064165e+13,1037
2025-05-08,731,223,89,147,284,172.6,3.131869069e+11,2.09567416e+11,6.581165696e+13,3.017873313e+13,1033
2025-05-09,632,319,92,184,262,174.75,3.166164762e+11,2.09817781e+11,6.703413597e+13,3.020101128e+13,1036
2025-05-12,724,240,79,248,168,176.7,3.228124552e+11,2.10111994e+11,6.77203901e+13,3.023669786e+13,1039
2025-05-13,511,431,101,295,129,178.85,3.260806212e+11,2.10508471e+11,6.832288261e+13,3.0164204e+13,1032
2025-05-14,733,233,77,327,99,182.9,3.349175666e+11,2.1201175e+11,6.981295982e+13,3.024130021e+13,1038
2025-05-15,326,632,85,355,111,182.5,3.357111786e+11,2.13312394e+11,6.962860172e+13,3.052307042e+13,1034
2025-05-16,528,416,99,403,106,183,3.41224185e+11,2.16410527e+11,7.001309308e+13,3.049433039e+13,1037
2025-05-19,220,761,62,447,159,180.45,3.347640247e+11,2.16535926e+11,6.899945276e+13,3.051174908e+13,1036
2025-05-20,537,393,113,469,183,180.8,3.37974805e+11,2.17435458e+11,6.902563461e+13,3.050146768e+13,1037
2025-05-21,756,195,93,481,192,183.6,3.431894023e+11,2.17856446e+11,6.992543247e+13,3.052496477e+13,1039
2025-05-22,220,744,80,472,178,181.6,3.446655551e+11,2.20045068e+11,6.948428826e+13,3.052499878e+13,1034
2025-05-23,435,480,129,477,161,180.85,3.428665244e+11,2.19546355e+11,6.94245878e+13,3.054829579e+13,1035
2025-05-26,436,499,109,414,154,180.65,3.428912024e+11,2.2065775e+11,6.907666623e+13,3.053709208e+13,1039
2025-05-27,186,792,66,361,146,179.05,3.398662492e+11,2.20599614e+11,6.84363304e+13,3.054526226e+13,1040
2025-05-28,308,628,109,310,154,179.35,3.387303656e+11,2.20246367e+11,6.851081942e+13,3.054990624e+13,1035
2025-05-29,471,464,110,257,170,179.75,3.411650838e+11,2.21181413e+11,6.849328926e+13,3.052171391e+13,1037
2025-06-02,126,874,45,194,198,175.9,3.353985777e+11,2.21528741e+11,6.738721532e+13,3.051277085e+13,1036
2025-06-03,416,505,124,162,205,177.15,3.37967127e+11,2.21857705e+11,6.779720855e+13,3.053130292e+13,1040
2025-06-04,808,161,76,149,227,181.3,3.466446902e+11,2.22950998e+11,6.937188037e+13,3.052774509e+13,1039
2025-06-05,425,496,124,230,248,181.65,3.45893896e+11,2.22431847e+11,6.954817902e+13,3.052662339e+13,1036
2025-06-06,471,460,114,292,261,181.95,3.44264349e+11,2.22353111e+11,6.948710645e+13,3.051978355e+13,1034
2025-06-09,313,606,126,286,280,183.7,3.446564022e+11,2.22414142e+11,6.98915188e+13,3.050332263e+13,1030
2025-06-10,680,263,103,314,260,188.65,3.458617942e+11,2.20627683e+11,7.13833624e+13,3.053632169e+13,1041
2025-06-11,498,437,111,332,271,,3.506891519e+11,2.22185864e+11,7.211742306e+13,3.053268463e+13,1042
2025-06-12,421,485,139,349,247,,3.496457718e+11,2.23680596e+11,7.142970156e+13,3.04640158e+13,1036
2025-06-13,147,837,62,306,292,,3.437846329e+11,2.23309479e+11,7.079751897e+13,3.049470853e+13,1039
2025-06-16,568,366,113,259,366,,3.46455741e+11,2.24418003e+11,7.07423362e+13,3.049257434e+13,1042
2025-06-17,463,437,147,220,412,,3.474902351e+11,2.24287636e+11,7.126162545e+13,3.049868777e+13,1042
2025-06-18,546,372,129,238,420,47.57,3.4891487e+11,2.24753502e+11,7.172738901e+13,3.04873902e+13,1043
2025-06-19,93,894,59,206,455,47.1,3.402017235e+11,2.25036136e+11,7.051005669e+13,3.047053413e+13,1042
2025-06-20,220,756,70,162,522,47.03,3.351294385e+11,2.24123342e+11,7.064669708e+13,3.047357621e+13,1042
2025-06-23,244,726,78,106,603,46.64,3.375701692e+11,2.24437558e+11,6.973433246e+13,3.053392764e+13,1043
2025-06-24,919,87,42,109,606,47.49,3.449147835e+11,2.24318492e+11,7.120855359e+13,3.051920416e+13,1044
2025-06-25,484,432,132,150,569,48.18,3.466599853e+11,2.24189539e+11,7.19545074e+13,3.053496949e+13,1037
2025-06-26,690,251,107,213,382,48.24,3.474121856e+11,2.24719022e+11,7.218880103e+13,3.054133515e+13,1044
2025-06-27,564,379,105,234,286,48.29,3.485476955e+11,2.25228402e+11,7.246685938e+13,3.055069024e+13,1044
2025-06-30,186,786,77,222,265,48.36,3.513619891e+11,2.26292649e+11,7.151371521e+13,3.058135916e+13,1045
2025-07-01,683,247,119,198,273,48.64,3.512747146e+11,2.25161417e+11,7.247125309e+13,3.056474725e+13,1045
2025-07-02,509,410,130,196,293,48.65,3.525401437e+11,2.25315996e+11,7.250345218e+13,3.054207378e+13,1034
2025-07-03,719,207,122,216,191,49.32,3.555660202e+11,2.25841159e+11,7.296432423e+13,3.053722574e+13,1039
2025-07-04,130,857,61,212,253,48.86,3.467962644e+11,2.23751212e+11,7.244387252e+13,3.055573123e+13,1044
2025-07-07,249,719,80,173,353,48.57,3.398281946e+11,2.21554232e+11,7.201605802e+13,3.052101282e+13,1031
2025-07-08,233,707,108,132,512,48.35,3.398694218e+11,2.22090108e+11,7.183770057e+13,3.053245301e+13,1040
2025-07-09,549,356,143,122,572,48.85,3.449619454e+11,2.22618366e+11,7.23314242e+13,3.054041965e+13,1033
2025-07-10,376,538,134,117,603,49.41,3.484514218e+11,2.24196382e+11,7.286576967e+13,3.050876802e+13,1034
2025-07-11,691,239,118,160,553,49.62,3.497113078e+11,2.24058848e+11,7.307738085e+13,3.054215272e+13,1038
2025-07-14,270,676,101,159,539,49.33,3.433014523e+11,2.24437905e+11,7.222397914e+13,3.027824139e+13,1033
2025-07-15,558,350,139,180,503,50,3.506657954e+11,2.26722755e+11,7.279304764e+13,3.019476116e+13,1039
2025-07-16,546,364,137,184,476,50.4,3.527515401e+11,2.26872563e+11,7.358427972e+13,3.02708575e+13,1033
2025-07-17,724,210,113,218,343,50.7,3.581041419e+11,2.27981188e+11,7.383912605e+13,3.028468394e+13,1038
2025-07-18,447,477,123,247,266,51.45,3.611938006e+11,2.28111365e+11,7.470338676e+13,3.029254316e+13,1040
2025-07-21,434,476,139,271,227,50.9,3.621823178e+11,2.29477188e+11,7.496471603e+13,3.047704418e+13,1037
2025-07-22,104,892,53,240,310,50.55,3.458325518e+11,2.24554075e+11,7.383484587e+13,3.049563951e+13,1041
2025-07-23,883,104,62,232,337,50.7,3.581512376e+11,2.27983846e+11,7.48942259e+13,3.050174969e+13,1041
2025-07-24,450,443,156,219,356,51,3.65911011e+11,2.29227323e+11,7.506898221e+13,3.050247692e+13,1042
2025-07-25,373,529,147,263,272,50.9,3.651385606e+11,2.29580905e+11,7.500497294e+13,3.047846608e+13,1038
2025-07-28,485,420,144,268,281,51.05,3.681486765e+11,2.30048512e+11,7.515973106e+13,3.048859533e+13,1041
2025-07-29,197,755,98,253,340,50.45,3.642318684e+11,2.2952093e+11,7.44910498e+13,3.047273987e+13,1044
2025-07-30,643,263,144,262,349,51,3.565157584e+11,2.2978202e+11,7.280325028e+13,2.870514441e+13,1034
2025-07-31,245,682,123,250,399,51.55,3.698914486e+11,2.31315484e+11,7.556388984e+13,3.035890502e+13,1041
2025-08-01,611,326,113,275,375,51.1,3.741189731e+11,2.32588286e+11,7.52165766e+13,3.035028754e+13,1045
2025-08-04,591,345,114,274,334,50.8,3.725960889e+11,2.33410481e+11,7.501735476e+13,3.035494997e+13,1039
2025-08-05,645,283,121,302,260,51.45,3.792303604e+11,2.35386924e+11,7.5914052e+13,3.032340225e+13,1043
2025-08-06,465,454,131,337,206,51,3.788602844e+11,2.36036183e+11,7.523355562e+13,3.028714897e+13,1046
2025-08-07,409,513,128,355,207,52.45,3.846022531e+11,2.37514928e+11,7.700378864e+13,3.018933511e+13,1046
2025-08-08,414,521,115,351,220,52.45,3.890364833e+11,2.38613969e+11,7.705880758e+13,3.006260476e+13,1045
2025-08-11,399,572,79,334,270,52.85,3.978908684e+11,2.42509549e+11,7.741329325e+13,2.993130872e+13,1041
2025-08-12,567,368,115,335,285,52.9,3.999717096e+11,2.43266443e+11,7.744377988e+13,2.974249159e+13,1039
2025-08-13,452,469,129,354,297,53.35,3.976826215e+11,2.4238393e+11,7.793606467e+13,2.932333617e+13,1042
2025-08-14,615,322,112,369,279,53.15,4.011765127e+11,2.45037336e+11,7.743860751e+13,2.879806068e+13,1043
2025-08-15,490,455,105,400,269,53.15,4.093531415e+11,2.48323607e+11,7.776349744e+13,2.879118893e+13,1042
2025-08-18,562,388,100,409,266,53.3,4.171215411e+11,2.49893217e+11,7.825389557e+13,2.877552692e+13,1044
2025-08-19,290,675,85,417,273,53.2,4.101196198e+11,2.50196431e+11,7.78410494e+13,2.877751822e+13,1044
2025-08-20,139,840,71,363,311,51.7,3.942582316e+11,2.48938691e+11,7.551152681e+13,2.8772955e+13,1044
2025-08-21,763,179,108,319,327,52,4.060473156e+11,2.51706436e+11,7.657791194e+13,2.87754692e+13,1045
2025-08-22,282,672,96,276,325,51.75,4.028435402e+11,2.51544566e+11,7.594078278e+13,2.858046472e+13,1041
2025-08-25,657,292,102,310,310,52.7,4.206576141e+11,2.53933965e+11,7.787753339e+13,2.861386125e+13,1044
2025-08-26,416,522,113,317,303,52.75,4.245020108e+11,2.55260819e+11,7.797821319e+13,2.860747934e+13,1044
2025-08-27,621,313,117,349,254,53,4.343778788e+11,2.58305814e+11,7.86715328e+13,2.854346366e+13,1046
2025-08-28,444,472,135,356,239,52.5,4.357253008e+11,2.60232173e+11,7.771900512e+13,2.852200477e+13,1043
2025-08-29,393,536,122,385,236,52.5,4.417403922e+11,2.62327206e+11,7.771601937e+13,2.847601888e+13,1043
2025-09-01,209,768,74,356,264,52,4.240220276e+11,2.59146921e+11,7.72269236e+13,2.848950013e+13,1041
2025-09-02,345,588,118,295,317,52,4.195664213e+11,2.59012511e+11,7.704801252e+13,2.84953849e+13,1043
2025-09-03,615,309,127,232,351,51.95,4.281515664e+11,2.61032905e+11,7.734025613e+13,2.850109753e+13,1045
2025-09-04,638,320,92,244,287,52.3,4.25827099e+11,2.6154166e+11,7.755930892e+13,2.848933649e+13,1042
2025-09-05,510,432,108,295,235,52.85,4.361332938e+11,2.64481986e+11,7.856075068e+13,2.848442813e+13,1042
2025-09-08,503,426,121,327,195,53.35,4.415659054e+11,2.66510445e+11,7.876019468e+13,2.850070034e+13,1043
2025-09-09,403,544,106,330,203,53.9,4.438931693e+11,2.67537039e+11,7.980576855e+13,2.851999414e+13,1048
2025-09-10,396,559,98,330,223,54.95,4.515697561e+11,2.6996307e+11,8.090080236e+13,2.852848282e+13,1047
2025-09-11,149,844,60,281,290,55.45,4.3813274e+11,2.65854797e+11,8.096228185e+13,2.853872795e+13,1047
2025-09-12,614,325,114,264,333,56,4.369803863e+11,2.65614897e+11,8.180074159e+13,2.852974522e+13,1048
2025-09-15,313,636,107,220,365,56,4.311786648e+11,2.64210665e+11,8.157054769e+13,2.855219069e+13,1048
2025-09-16,521,424,111,224,363,56.75,4.377483596e+11,2.6585669e+11,8.248595422e+13,2.85544298e+13,1050
2025-09-17,397,545,115,223,394,56.35,4.337380206e+11,2.6486923e+11,8.193838852e+13,2.856984997e+13,1051
2025-09-18,656,291,108,261,368,56.95,4.415598912e+11,2.66808583e+11,8.291954776e+13,2.850287457e+13,1049
2025-09-19,450,515,90,262,331,57,4.452027481e+11,2.68834779e+11,8.230625219e+13,2.849459234e+13,1050
2025-09-22,482,473,100,272,283,57.4,4.5422883e+11,2.72458389e+11,8.325615586e+13,2.850262157e+13,1043
2025-09-23,304,640,111,284,303,58.45,4.532342586e+11,2.72801313e+11,8.444515463e+13,2.849856583e+13,1049
2025-09-24,420,510,125,276,306,58.4,4.524466066e+11,2.74650726e+11,8.431271626e+13,2.850403321e+13,1049
2025-09-25,455,452,143,259,318,58.2,4.498316024e+11,2.75265205e+11,8.360241001e+13,2.842427549e+13,1040
2025-09-26,116,873,62,206,387,57.25,4.326673677e+11,2.71547451e+11,8.226653745e+13,2.844663412e+13,1045
2025-09-30,755,206,91,191,396,57.8,4.491532617e+11,2.75429759e+11,8.302827285e+13,2.845787557e+13,1041
2025-10-01,329,600,123,178,426,58.1,4.508925865e+11,2.7623729e+11,8.35518564e+13,2.847027322e+13,1044
2025-10-02,322,606,124,196,414,59.2,4.571079924e+11,2.78985046e+11,8.479835323e+13,2.844948117e+13,1042
2025-10-03,381,543,128,185,436,60.05,4.658536767e+11,2.81879929e+11,8.603209204e+13,2.845997404e+13,1045
2025-10-07,583,354,120,193,443,61.7,4.749965672e+11,2.8322648e+11,8.758691739e+13,2.851870886e+13,1051
2025-10-08,450,492,114,215,424,61.15,4.73930097e+11,2.83589136e+11,8.710825145e+13,2.851790751e+13,1048
2025-10-09,416,532,108,235,403,61.6,4.778380766e+11,2.85612707e+11,8.786830801e+13,2.851051303e+13,1049
2025-10-13,236,771,49,215,431,61,4.648848758e+11,2.83166811e+11,8.666115302e+13,2.852469628e+13,1051
2025-10-14,242,740,74,185,466,60.7,4.383642169e+11,2.75345144e+11,8.624002359e+13,2.851634793e+13,1050
2025-10-15,508,461,87,160,509,61.8,4.534700201e+11,2.8025149e+11,8.78377624e+13,2.853627973e+13,1051
2025-10-16,721,247,89,164,514,63,4.694588144e+11,2.85280494e+11,8.905212506e+13,2.855068769e+13,1052
2025-10-17,353,603,101,192,501,62.05,4.649316562e+11,2.85198688e+11,8.794260978e+13,2.856440202e+13,1049
2025-10-20,449,494,115,217,473,63.1,4.782171893e+11,2.89524473e+11,8.919705501e+13,2.855196536e+13,1050
2025-10-21,542,384,132,225,439,63.2,4.839616987e+11,2.90984087e+11,8.940317579e+13,2.855825816e+13,1051
2025-10-22,685,271,101,242,364,62.7,4.863474524e+11,2.92885334e+11,8.907416455e+13,2.854915404e+13,1050
2025-10-23,300,646,111,251,299,62.35,4.825764993e+11,2.92588808e+11,8.870126388e+13,2.855782627e+13,1051
2025-10-27,517,451,89,260,262,63.8,4.978856739e+11,2.95984232e+11,9.017583402e+13,2.855780355e+13,1051
2025-10-28,230,749,79,251,346,63.35,4.987088452e+11,2.96373285e+11,9.002723728e+13,2.855310182e+13,1051
2025-10-29,409,521,128,247,405,64.4,5.089886258e+11,3.00589167e+11,9.116675276e+13,2.858041971e+13,1050
2025-10-30,301,671,86,215,476,64.4,5.033666303e+11,2.98392447e+11,9.112836073e+13,2.865206564e+13,1053
2025-10-31,377,576,105,190,493,64.75,5.105661111e+11,3.01750958e+11,9.095880169e+13,2.864909002e+13,1052
2025-11-03,424,539,96,189,513,64.15,5.172631702e+11,3.04336086e+11,9.129134571e+13,2.868207958e+13,1051
2025-11-04,222,759,79,158,524,63.95,4.985519015e+11,3.00318118e+11,9.057824815e+13,2.869740553e+13,1047
2025-11-05,350,613,97,149,542,63.15,4.998909296e+11,3.02885861e+11,8.879047364e+13,2.846292659e+13,1051
2025-11-06,758,221,80,144,533,63.3,5.178627331e+11,3.07908099e+11,8.989179922e+13,2.879096984e+13,1049
2025-11-07,281,696,82,147,516,62.55,5.086686963e+11,3.0776069e+11,8.90882822e+13,2.889255136e+13,1049
2025-11-10,361,596,102,156,477,63.35,5.184873658e+11,3.10128798e+11,8.978190847e+13,2.894265395e+13,1046
2025-11-11,414,543,102,147,509,62.9,5.171746578e+11,3.09815189e+11,8.953167752e+13,2.909072171e+13,1051
2025-11-12,727,246,86,160,480,63.2,5.251899075e+11,3.12952699e+11,9.005420759e+13,2.922620062e+13,1051
2025-11-13,496,464,97,189,414,62.9,5.280014574e+11,3.13950396e+11,8.983246456e+13,2.993965912e+13,1048
2025-11-14,266,700,91,184,385,61.7,5.112253875e+11,3.11008013e+11,8.824709339e+13,3.06888417e+13,1051
2025-11-17,280,698,80,186,448,61.9,5.119650226e+11,3.11090494e+11,8.843877426e+13,3.020103526e+13,1053
2025-11-18,98,915,46,147,545,60.45,4.87555154e+11,3.06328571e+11,8.623092865e+13,3.02162893e+13,1050
2025-11-19,270,694,96,117,628,60.05,4.837919809e+11,3.06204612e+11,8.569309154e+13,3.022330677e+13,1055
2025-11-20,844,148,68,104,646,61.9,5.010759095e+11,3.09665154e+11,8.83923973e+13,3.022988971e+13,1050
2025-11-21,150,832,78,89,654,59.85,4.714047938e+11,3.03707617e+11,8.522798138e+13,3.029933298e+13,1052
2025-11-24,705,265,92,107,612,59.55,4.806016339e+11,3.06380271e+11,8.549864309e+13,3.037277815e+13,1055
2025-11-25,670,287,107,109,583,60.35,4.983922876e+11,3.11368884e+11,8.682299782e+13,3.037506425e+13,1055
2025-11-26,861,141,62,144,423,61.35,5.052179905e+11,3.11060645e+11,8.84321617e+13,3.03837309e+13,1057
2025-11-27,531,415,118,175,212,61.9,5.166097277e+11,3.14005988e+11,8.940080198e+13,3.052703616e+13,1052
2025-11-28,567,376,121,212,99,62.35,5.263064976e+11,3.17182219e+11,8.966272486e+13,3.059889569e+13,1055
2025-12-01,311,663,90,219,93,61.5,5.252413152e+11,3.19360271e+11,8.871972884e+13,3.071025829e+13,1054
2025-12-02,552,393,119,245,110,61.7,5.257881474e+11,3.19737013e+11,8.944894529e+13,3.072546933e+13,1058
2025-12-03,601,349,114,257,164,62.3,5.293455815e+11,3.21425021e+11,9.020847302e+13,3.070933456e+13,1057
2025-12-04,531,395,138,276,145,62.2,5.311177754e+11,3.22826443e+11,9.021008102e+13,3.071049643e+13,1056
2025-12-05,339,619,106,287,169,62.75,5.347872514e+11,3.22916644e+11,9.079048504e+13,3.071202104e+13,1055
2025-12-08,442,506,117,299,243,63.7,5.42398304e+11,3.24739391e+11,9.184572129e+13,3.071149626e+13,1058
2025-12-09,418,531,116,269,314,63.6,5.461514262e+11,3.26884262e+11,9.144636119e+13,3.070986419e+13,1054
2025-12-10,346,608,111,257,332,64.05,5.477596026e+11,3.27694562e+11,9.216836279e+13,3.070963126e+13,1053
2025-12-11,422,515,127,243,354,63.35,5.430270163e+11,3.26671838e+11,9.095944775e+13,3.069846634e+13,1056
2025-12-12,558,370,136,247,355,63.45,5.513948997e+11,3.29349582e+11,9.153169323e+13,3.070870818e+13,1055
2025-12-15,514,449,101,268,340,62.8,5.501817011e+11,3.31859338e+11,9.048015154e+13,3.072107925e+13,1057
2025-12-16,224,771,69,261,362,62.25,5.331145137e+11,3.28789479e+11,8.942070138e+13,3.072645017e+13,1060
2025-12-17,415,531,118,233,391,61.9,5.393746467e+11,3.32174898e+11,8.939411648e+13,3.07230396e+13,1056
2025-12-18,351,583,130,218,417,61.9,5.359022774e+11,3.32380151e+11,8.888569057e+13,3.065469827e+13,1054
2025-12-19,735,222,107,230,386,62.5,5.454198998e+11,3.33308741e+11,8.994394373e+13,3.072387172e+13,1054
2025-12-22,684,264,118,269,311,63.4,5.567368578e+11,3.35196079e+11,9.141641845e+13,3.07292199e+13,1056
2025-12-23,349,576,142,331,238,63.7,5.605414321e+11,3.37588452e+11,9.192420654e+13,3.07198835e+13,1056
2025-12-24,329,613,125,331,226,63.85,5.657920591e+11,3.38902814e+11,9.211464445e+13,3.07053859e+13,1056
2025-12-26,464,480,123,323,277,64.4,5.708347259e+11,3.40337126e+11,9.273454359e+13,3.072732402e+13,1058
2025-12-29,540,409,118,335,266,65.25,5.715185506e+11,3.39886882e+11,9.355701989e+13,3.07217764e+13,1059
2025-12-30,324,629,114,347,274,65.15,5.757655746e+11,3.41367756e+11,9.32356935e+13,3.072781681e+13,1058
2025-12-31,380,576,110,322,289,65.6,5.807261665e+11,3.43409624e+11,9.406928845e+13,3.071541576e+13,1060
2026-01-02,505,469,92,291,308,66.95,5.924917167e+11,3.46634298e+11,9.532706677e+13,3.07248421e+13,1062
2026-01-05,252,752,62,257,340,69.5,6.010180442e+11,3.50948272e+11,9.777468506e+13,3.073102329e+13,1062
2026-01-06,567,389,110,251,348,70.4,6.180184312e+11,3.54549156e+11,9.929818489e+13,3.072433752e+13,1059
2026-01-07,625,353,88,278,347,69.85,6.23061022e+11,3.57058834e+11,9.884002763e+13,3.071502331e+13,1058
2026-01-08,375,592,99,306,287,70.1,6.071739273e+11,3.52387558e+11,9.860654977e+13,3.072522758e+13,1060
2026-01-09,509,449,107,324,260,69.85,6.007667656e+11,3.51492667e+11,9.835733791e+13,3.071958734e+13,1058
2026-01-12,631,335,100,336,246,70.35,6.202889427e+11,3.56489999e+11,9.926474799e+13,3.072337139e+13,1060
2026-01-13,392,602,72,358,219,70.7,6.160401214e+11,3.55638826e+11,9.971010154e+13,3.072341406e+13,1060
2026-01-14,819,166,81,417,183,70.75,6.272216022e+11,3.58452806e+11,1.004820306e+14,3.07178756e+13,1060
2026-01-15,532,434,100,464,149,70.65,6.264894948e+11,3.59299228e+11,1.000647249e+14,3.071917334e+13,1062
2026-01-16,422,555,91,518,116,72,6.419104839e+11,3.63391797e+11,1.020243186e+14,3.072987103e+13,1062
2026-01-19,565,418,86,538,136,72.6,6.621637964e+11,3.69415656e+11,1.027984033e+14,3.07242203e+13,1064
2026-01-20,347,625,97,534,174,72.6,6.653379623e+11,3.71225738e+11,1.031889251e+14,3.073253267e+13,1062
2026-01-21,251,729,89,502,223,71.85,6.411549713e+11,3.6775015e+11,1.0152557e+14,3.074761097e+13,1065
2026-01-22,585,379,105,455,249,71.8,6.583456045e+11,3.71734427e+11,1.031656501e+14,3.07436999e+13,1064
2026-01-23,450,523,96,409,245,72.25,6.664571852e+11,3.76076978e+11,1.038583284e+14,3.073711813e+13,1062
2026-01-26,577,388,104,454,225,72.25,6.835564432e+11,3.81580658e+11,1.04188069e+14,3.074249628e+13,1063
2026-01-27,393,588,88,423,215,73.05,6.850240544e+11,3.82728015e+11,1.050125909e+14,3.072732146e+13,1064
2026-01-28,472,518,79,413,200,74.2,6.990914897e+11,3.84920473e+11,1.065893965e+14,3.073492865e+13,1064
2026-01-29,275,706,89,369,206,73.75,6.840965141e+11,3.8177807e+11,1.057224331e+14,3.073633734e+13,1062
2026-01-30,178,832,60,288,258,72.6,6.813009988e+11,3.83893252e+11,1.041897272e+14,3.074568262e+13,1062
2026-02-02,157,865,49,187,328,71.5,6.519422928e+11,3.78848321e+11,1.027651052e+14,3.073735972e+13,1065
2026-02-03,624,340,107,138,369,72.95,6.644799259e+11,3.82125198e+11,1.046180811e+14,3.073854356e+13,1065
2026-02-04,812,183,76,123,363,72.9,6.800103209e+11,3.84045976e+11,1.049039404e+14,3.073373013e+13,1062
2026-02-05,331,649,92,177,354,72,6.574897026e+11,3.82917747e+11,1.033242749e+14,3.072764331e+13,1064
2026-02-06,166,849,57,165,361,71.9,6.286443298e+11,3.7399069e+11,1.032744654e+14,3.074887126e+13,1066
2026-02-09,586,389,97,138,405,73.95,6.450365306e+11,3.7547e+11,1.052850969e+14,3.073982361e+13,1063
2026-02-10,561,400,111,159,423,75.5,6.445479036e+11,3.72586424e+11,1.074604993e+14,3.074119449e+13,1068
2026-02-11,593,403,76,208,367,77.2,6.409910852e+11,3.6804678e+11,1.091866571e+14,3.075073088e+13,1068
2026-02-23,842,181,49,277,265,77.4,6.605343785e+11,3.72155937e+11,1.097318021e+14,3.075262278e+13,1068
2026-02-24,567,415,90,329,185,79.4,6.876689202e+11,3.77495245e+11,1.127374652e+14,3.076711424e+13,1067
2026-02-25,512,464,96,394,152,81.1,7.003158228e+11,3.83127012e+11,1.150477951e+14,3.078629974e+13,1068
2026-02-26,586,401,85,439,179,81.15,7.16562298e+11,3.89861168e+11,1.150401509e+14,3.12823769e+13,1067
2026-03-02,341,657,74,448,180,80.35,7.170225622e+11,3.91622964e+11,1.140182638e+14,3.133968474e+13,1068
2026-03-03,195,807,70,425,241,78.75,6.765409178e+11,3.84358166e+11,1.115118361e+14,3.137350466e+13,1068
2026-03-04,60,998,14,286,423,75.6,6.231419309e+11,3.7661638e+11,1.066615379e+14,3.140368071e+13,1068
2026-03-05,893,135,44,196,486,77.4,6.504502347e+11,3.79166593e+11,1.093973346e+14,3.147387352e+13,1067
2026-03-06,575,409,88,160,503,76.85,6.535705557e+11,3.82683605e+11,1.091594046e+14,3.150673932e+13,1068
2026-03-09,67,997,8,146,523,73.6,5.980654946e+11,3.71960474e+11,1.043281767e+14,3.158511655e+13,1068
2026-03-10,770,260,42,124,554,75.2,6.087866873e+11,3.68236339e+11,1.064716808e+14,3.165681931e+13,1068
2026-03-11,887,149,36,124,575,78.2,6.53440289e+11,3.7614801e+11,1.108257657e+14,3.185405486e+13,1067
2026-03-12,356,657,59,171,517,76.6,6.517816687e+11,3.79366977e+11,1.09100624e+14,3.195129463e+13,1068
2026-03-13,400,597,75,215,456,75.95,6.648358829e+11,3.85446747e+11,1.085034882e+14,3.218067366e+13,1067
2026-03-16,534,461,77,224,443,75.6,6.839045713e+11,3.92284076e+11,1.083157659e+14,3.243119812e+13,1066
2026-03-17,739,254,79,254,367,76.65,6.979111513e+11,3.93467031e+11,1.099509608e+14,3.257812951e+13,1068
2026-03-18,577,406,89,295,299,77.8,7.205891778e+11,3.99772079e+11,1.116110637e+14,3.257867748e+13,1068
2026-03-19,229,780,62,310,292,76,7.172964988e+11,4.02095986e+11,1.094573424e+14,3.258469662e+13,1066
2026-03-20,460,538,73,309,302,75.9,7.008454508e+11,3.98591129e+11,1.089841102e+14,3.258263537e+13,1065
2026-03-23,143,888,40,249,450,74.25,6.633370807e+11,3.93333803e+11,1.063201253e+14,3.25986517e+13,1066
2026-03-24,445,536,90,195,502,74.4,6.466728888e+11,3.90102627e+11,1.05957718e+14,3.258531252e+13,1063
2026-03-25,843,163,66,171,519,76.2,6.796898146e+11,3.95499028e+11,1.086454418e+14,3.258632066e+13,1067
2026-03-26,363,612,98,184,475,75.8,6.650986572e+11,3.91136615e+11,1.08339913e+14,3.262587505e+13,1066
2026-03-27,420,518,135,218,426,75,6.704550952e+11,3.93722769e+11,1.076035e+14,3.263167107e+13,1064
2026-03-30,226,776,72,188,470,73.9,6.571529671e+11,3.92708646e+11,1.057641007e+14,3.263349036e+13,1067
2026-03-31,131,893,50,140,526,72.35,6.09077866e+11,3.81724855e+11,1.031742132e+14,3.261777796e+13,1067
2026-04-01,917,100,57,140,528,75.45,6.431601421e+11,3.84907899e+11,1.078890413e+14,3.263412932e+13,1069
2026-04-02,209,790,75,132,529,73.95,6.318175668e+11,3.85200709e+11,1.059342286e+14,3.263653292e+13,1069
2026-04-07,484,470,119,174,477,75.3,6.512269128e+11,3.87735006e+11,1.080705255e+14,3.262558436e+13,1069
2026-04-08,880,147,47,192,457,79.2,6.957901165e+11,3.94820817e+11,1.130199188e+14,3.254039657e+13,1069
2026-04-09,412,568,94,245,367,79.15,6.977779242e+11,3.96518145e+11,1.133653279e+14,3.26240279e+13,1069
2026-04-10,521,455,98,283,267,80.75,7.159517282e+11,4.01240705e+11,1.151669076e+14,3.262643655e+13,1068
2026-04-13,587,407,80,298,270,80.6,7.346046385e+11,4.08651307e+11,1.152905133e+14,3.261962576e+13,1066
2026-04-14,651,332,91,329,233,83.1,7.514192252e+11,4.14955067e+11,1.18017441e+14,3.263051247e+13,1069
2026-04-15,587,389,98,349,195,84.15,7.536748093e+11,4.16253785e+11,1.194060036e+14,3.262688852e+13,1069
2026-04-16,681,315,78,385,160,85,7.741900027e+11,4.22408757e+11,1.207393342e+14,3.262223584e+13,1070
2026-04-17,499,496,79,411,149,84.15,7.848305578e+11,4.27120349e+11,1.19670357e+14,3.263711634e+13,1070
2026-04-20,463,535,77,441,179,84.55,7.963846121e+11,4.29830661e+11,1.201892624e+14,3.263436587e+13,1070
2026-04-21,558,427,90,460,226,86,8.15597188e+11,4.33163894e+11,1.222848043e+14,3.26389795e+13,1070
2026-04-22,482,507,86,458,229,86.35,8.313318684e+11,4.38545241e+11,1.231585203e+14,3.263158806e+13,1069
2026-04-23,132,899,44,414,286,86.35,7.883054711e+11,4.30827021e+11,1.226268103e+14,3.263836391e+13,1071
2026-04-24,312,694,69,329,356,89.95,8.1416504e+11,4.40907083e+11,1.265902931e+14,3.264163603e+13,1070
2026-04-27,275,733,67,238,408,93,8.332472744e+11,4.52044394e+11,1.288393299e+14,3.262963841e+13,1066
2026-04-28,656,330,90,221,404,92,8.529283764e+11,4.57109757e+11,1.285478162e+14,3.263776581e+13,1069
2026-04-29,517,450,108,207,406,90.75,8.574397377e+11,4.60963803e+11,1.278450223e+14,3.265364111e+13,1071
2026-04-30,301,698,77,216,392,90.5,8.571273353e+11,4.60904578e+11,1.266172342e+14,3.271143687e+13,1071
2026-05-04,559,440,77,239,396,94.6,9.010536191e+11,4.70393584e+11,1.323972438e+14,3.27179775e+13,1071
2026-05-05,640,348,88,299,396,94.6,9.182511356e+11,4.75145292e+11,1.32606207e+14,3.272167787e+13,1071
2026-05-06,467,526,83,363,345,95.75,9.157561232e+11,4.75648471e+11,1.338682832e+14,3.276121114e+13,1072
2026-05-07,616,363,98,395,282,97.7,9.391007881e+11,4.8266417e+11,1.364788282e+14,3.280937454e+13,1073
2026-05-08,377,613,87,400,255,97,9.081668976e+11,4.77184758e+11,1.353891517e+14,3.287579189e+13,1072
2026-05-11,543,474,61,403,254,96.9,9.495241865e+11,4.84592746e+11,1.360142206e+14,3.292092344e+13,1074
2026-05-12,312,710,56,375,307,96.85,9.622243986e+11,4.91194951e+11,1.363634486e+14,3.294874271e+13,1073
2026-05-13,331,678,69,346,344,95.5,9.481311636e+11,4.94418035e+11,1.346251899e+14,3.298417729e+13,1071
2026-05-14,336,679,63,308,387,96.05,9.615855227e+11,4.99134844e+11,1.358870327e+14,3.300761517e+13,1073
2026-05-15,245,773,60,264,428,95.4,9.237451918e+11,4.92797137e+11,1.340020971e+14,3.35988074e+13,1072
2026-05-18,453,548,78,248,450,94.9,9.396480355e+11,5.01619604e+11,1.331048877e+14,3.366579828e+13,1074
2026-05-19,418,577,84,206,457,93.1,9.068557724e+11,4.96887083e+11,1.307707615e+14,3.364320087e+13,1072
2026-05-20,453,533,94,204,458,92.5,9.143773601e+11,5.02079185e+11,1.302719202e+14,3.366725032e+13,1072
2026-05-21,852,158,70,233,426,95.85,9.71949506e+11,5.11154475e+11,1.34658294e+14,3.36717106e+13,1073
2026-05-22,628,365,88,317,366,97.3,1.03027396e+12,5.22289307e+11,1.375856605e+14,3.372931165e+13,1076
2026-05-25,542,469,70,419,282,100.8,1.078547884e+12,5.30476074e+11,1.421330586e+14,3.375304773e+13,1076
2026-05-26,434,563,84,445,266,100.1,1.083511666e+12,5.34592623e+11,1.417651507e+14,3.375811613e+13,1077
2026-05-27,337,672,72,432,275,102.55,1.081343858e+12,5.36269185e+11,1.441379392e+14,3.381210841e+13,1076
2026-05-28,409,594,78,434,304,100.5,1.04853835e+12,5.35029538e+11,1.421174569e+14,3.382343028e+13,1077
2026-05-29,807,204,71,402,300,105.4,1.111614983e+12,5.56359646e+11,1.457035173e+14,3.385958178e+13,1077
2026-06-01,770,254,58,413,204,105.5,1.151042247e+12,5.65779103e+11,1.477095408e+14,3.386690867e+13,1078
2026-06-02,499,502,81,428,133,105.7,1.143203038e+12,5.66970793e+11,1.48427004e+14,3.38658778e+13,1078
2026-06-03,755,289,38,450,95,107.6,1.149731145e+12,5.68395323e+11,1.513623664e+14,3.387755378e+13,1078
2026-06-04,461,562,59,457,74,106.1,1.1237166e+12,5.7263594e+11,1.488121441e+14,3.387412664e+13,1075
2026-06-05,343,674,65,451,67,104.15,1.088999981e+12,5.66649267e+11,1.468351727e+14,3.385641211e+13,1076
2026-06-08,83,963,36,370,125,100.95,1.015942181e+12,5.51012201e+11,1.417363133e+14,3.38654813e+13,1076
2026-06-09,761,241,80,321,184,103.5,1.080116344e+12,5.63876896e+11,1.45697249e+14,3.389075832e+13,1077
2026-06-10,259,752,71,273,255,100.25,9.879138668e+11,5.46811625e+11,1.404627758e+14,3.384641857e+13,1076
2026-06-11,443,551,88,269,251,99.85,1.000083519e+12,5.49176982e+11,1.406314669e+14,3.391182319e+13,1077
2026-06-12,811,204,67,252,246,101.95,1.038250294e+12,5.57027949e+11,1.439409721e+14,3.389467399e+13,1075
2026-06-15,723,278,81,312,232,105.25,1.100914709e+12,5.71907094e+11,1.479810608e+14,3.39069497e+13,1075
2026-06-16,324,667,91,373,216,105.9,1.101244517e+12,5.71307649e+11,1.493311665e+14,3.389999209e+13,1078
2026-06-17,633,305,143,409,196,106,1.137008417e+12,5.83911936e+11,1.495481332e+14,3.38925251e+13,1075
2026-06-18,576,396,110,440,183,107.3,1.177821369e+12,5.93046547e+11,1.514638156e+14,3.390618634e+13,1075
2026-06-22,524,462,96,484,140,111.15,1.220288745e+12,6.05041591e+11,1.556086383e+14,3.389384371e+13,1077
2026-06-23,238,758,85,434,165,110.1,1.1584299e+12,5.93929137e+11,1.535299389e+14,3.390752492e+13,1077
2026-06-24,477,498,106,392,194,107.15,1.175016891e+12,6.07456271e+11,1.500852556e+14,3.390196051e+13,1076
2026-06-25,402,563,116,357,258,107.2,1.187655731e+12,6.1100056e+11,1.507407738e+14,3.386575697e+13,1073
2026-06-26,75,972,34,273,354,103.1,1.087136102e+12,5.90925882e+11,1.452944709e+14,3.390714848e+13,1075
2026-06-29,661,323,98,213,383,104.45,1.099496162e+12,5.94229687e+11,1.466882495e+14,3.390720959e+13,1073
2026-06-30,749,238,95,168,392,107.8,1.173678971e+12,6.11652207e+11,1.503565483e+14,3.390068117e+13,1076
2026-07-01,418,563,101,230,347,109.35,1.166441736e+12,6.09502407e+11,1.532664491e+14,3.390092492e+13,1076
2026-07-02,651,325,106,299,303,108.8,1.183392396e+12,6.20837289e+11,1.523694193e+14,3.390026008e+13,1075
2026-07-03,829,195,58,370,216,108.35,1.203893736e+12,6.30812485e+11,1.525116234e+14,3.390602032e+13,1075
2026-07-06,535,434,113,452,162,108.25,1.185075559e+12,6.31344856e+11,1.517768296e+14,3.390708565e+13,1076
2026-07-07,128,896,58,441,158,106.2,1.094741244e+12,6.10945256e+11,1.482715946e+14,3.391532145e+13,1078
2026-07-08,395,602,85,393,221,106.05,1.104187274e+12,6.13815725e+11,1.491042744e+14,3.389943563e+13,1078
2026-07-09,411,555,116,313,316,105.8,1.114248473e+12,6.19648244e+11,1.478654569e+14,3.393099244e+13,1078
2026-07-13,359,654,69,266,351,106,1.095896857e+12,6.1829904e+11,1.479158829e+14,3.391593615e+13,1076
2026-07-14,208,803,71,209,392,104.4,1.048610672e+12,6.04034106e+11,1.458241333e+14,3.393238521e+13,1077
2026-07-15,895,127,60,217,400,106.3,1.106124633e+12,6.15368175e+11,1.487317434e+14,3.392020131e+13,1078
2026-07-16,372,600,111,233,418,106.4,1.082604264e+12,6.15575992e+11,1.487215117e+14,3.392665373e+13,1078
2026-07-17,88,963,32,214,456,100.15,9.614918119e+11,5.87962513e+11,1.39105967e+14,3.393330612e+13,1077
2026-07-20,379,624,80,171,525,99.2,9.11911449e+11,5.69035788e+11,1.38384609e+14,3.392968941e+13,1077
2026-07-21,872,143,68,165,571,102.5,9.682762541e+11,5.76496237e+11,1.441828903e+14,3.392194411e+13,1075
2026-07-22,531,466,86,172,569,103.85,1.013099162e+12,5.82823505e+11,1.461316921e+14,3.392897854e+13,1079
2026-07-23,376,585,122,181,538,103.9,1.004577747e+12,5.82626351e+11,1.461699631e+14,3.393772767e+13,1077
2026-07-24,334,647,103,156,544,101.7,9.559483253e+11,5.77059537e+11,1.422930199e+14,3.393341871e+13,1079
2026-07-27,437,544,103,146,549,101.45,9.431916569e+11,5.68663454e+11,1.422253343e+14,3.394638537e+13,1079
2026-07-28,96,934,55,128,615,97.15,8.484966412e+11,5.45534811e+11,1.356027297e+14,3.395022764e+13,1079
2026-07-29,243,781,61,110,678,93.7,7.61652688e+11,5.07011173e+11,1.305090003e+14,3.395880496e+13,1079
2026-07-30,226,777,82,90,734,93.5,7.343938409e+11,4.93867294e+11,1.301639279e+14,3.39984675e+13,1080
2026-07-31,895,146,44,94,734,102.85,8.117537573e+11,5.07462771e+11,1.405882845e+14,3.405473131e+13,1080
2026-08-03,651,354,81,94,731,102,8.603593705e+11,5.14755393e+11,1.414520348e+14,3.408770901e+13,1080
2026-08-04,601,397,88,110,581,100.65,9.007119465e+11,5.21134665e+11,1.414221708e+14,3.409489215e+13,1081
2026-08-05,687,296,103,112,372,103.8,9.330562721e+11,5.23492321e+11,1.454687606e+14,3.420132192e+13,1077
2026-08-06,530,441,115,121,304,103.3,9.578380956e+11,5.32804981e+11,1.447765196e+14,3.438068174e+13,1080
2026-08-07,498,511,77,131,242,102.85,9.493839049e+11,5.3766451e+11,1.442471561e+14,3.463675095e+13,1077
2026-08-10,748,254,85,150,196,104.25,9.903487266e+11,5.45295561e+11,1.465628178e+14,3.473705673e+13,1081
2026-08-11,386,590,112,159,169,104.6,9.917375394e+11,5.44151977e+11,1.471746948e+14,3.486826034e+13,1081
2026-08-12,617,369,102,173,182,105.2,1.011218107e+12,5.48083912e+11,1.484642959e+14,3.509914062e+13,1082
2026-08-13,443,543,101,187,221,106.7,1.024930376e+12,5.49780654e+11,1.500742144e+14,3.526693455e+13,1082
2026-08-14,305,696,86,213,259,106.4,1.017201981e+12,5.47059318e+11,1.493952737e+14,3.615501237e+13,1081
2026-08-17,544,453,90,219,305,106.45,1.027828274e+12,5.50101672e+11,1.495456381e+14,3.618875025e+13,1083
2026-08-18,220,799,68,219,415,104.9,9.983678829e+11,5.47011379e+11,1.477163666e+14,3.618747675e+13,1081
2026-08-19,373,599,114,182,486,103.1,9.841236981e+11,5.48190238e+11,1.458148685e+14,3.617852446e+13,1079
2026-08-20,780,230,75,191,501,103.8,9.93146806e+11,5.48407625e+11,1.46443933e+14,3.608142941e+13,1079
2026-08-21,592,381,112,220,445,104.65,9.825440836e+11,5.46939322e+11,1.473892231e+14,3.60708127e+13,1076
2026-08-24,320,638,128,254,373,103.8,9.697982602e+11,5.4525943e+11,1.459470783e+14,3.627091845e+13,1080
2026-08-25,416,552,118,257,377,104.4,9.864179441e+11,5.46937698e+11,1.472859653e+14,3.626852051e+13,1079
2026-08-26,819,188,79,283,337,105.9,1.02853952e+12,5.54802585e+11,1.494557574e+14,3.62978472e+13,1081
2026-08-27,500,473,112,309,252,106.05,1.038811012e+12,5.59918784e+11,1.498810028e+14,3.643702235e+13,1080
2026-08-28,361,615,109,319,206,106.95,1.058863181e+12,5.67177536e+11,1.510381269e+14,3.666828124e+13,1079
2026-08-31,335,662,88,298,261,106.25,1.053540471e+12,5.69876911e+11,1.503789103e+14,3.707119528e+13,1080
2026-09-01,587,361,137,290,312,108.45,1.078682349e+12,5.78115458e+11,1.530616668e+14,3.707912734e+13,1077
2026-09-02,399,565,121,280,356,106.8,1.070946483e+12,5.85675285e+11,1.495581362e+14,3.708462712e+13,1080
2026-09-03,210,778,97,260,379,106.2,1.024862064e+12,5.78739307e+11,1.485888515e+14,3.706282828e+13,1075
2026-09-04,765,210,110,256,396,107.9,1.052908005e+12,5.81894588e+11,1.508355281e+14,3.708408453e+13,1079
2026-09-07,407,574,106,232,388,109.9,1.083022962e+12,5.88271579e+11,1.535212212e+14,3.710844606e+13,1083
2026-09-08,282,709,96,245,371,109.65,1.064189101e+12,5.86266976e+11,1.528555075e+14,3.709382934e+13,1080
2026-09-09,608,373,106,243,363,109.65,1.073183806e+12,5.87166811e+11,1.53086904e+14,3.709095149e+13,1083
2026-09-10,259,747,78,238,390,109.15,1.076197054e+12,5.91897687e+11,1.522790255e+14,3.706443752e+13,1078
2026-09-11,229,781,74,222,416,107.7,1.042703426e+12,5.8787118e+11,1.498736681e+14,3.708238788e+13,1078
2026-09-14,333,668,83,161,469,106.9,1.025642952e+12,5.83877609e+11,1.488350932e+14,3.709375862e+13,1074
2026-09-15,209,790,85,129,519,106.25,1.005323639e+12,5.82240465e+11,1.477023517e+14,3.709673317e+13,1077
2026-09-16,735,213,136,133,525,106.9,1.032732749e+12,5.8616666e+11,1.488367846e+14,3.709025697e+13,1072
2026-09-17,758,246,78,175,501,108.05,1.039341264e+12,5.89397267e+11,1.503022659e+14,3.709703548e+13,1077
2026-09-18,751,252,79,265,377,109.85,1.082024794e+12,5.9403948e+11,1.532142211e+14,3.710309729e+13,1077
2026-09-21,486,500,99,367,236,111.35,1.109143052e+12,6.03037778e+11,1.549762235e+14,3.711189167e+13,1081
2026-09-22,330,640,116,374,205,111.85,1.123865749e+12,6.04861415e+11,1.552542632e+14,3.709320119e+13,1080
2026-09-23,390,564,131,332,218,112.45,1.128542095e+12,6.06367833e+11,1.564187934e+14,3.709558374e+13,1078
2026-09-24,387,548,150,300,264,112.4,1.148397947e+12,6.15103402e+11,1.559776186e+14,3.708664965e+13,1075
2026-09-29,376,588,123,273,323,111.3,1.142700127e+12,6.18653344e+11,1.547209294e+14,3.709439523e+13,1080
2026-09-30,831,188,68,297,304,112.05,1.161068205e+12,6.22252453e+11,1.557493606e+14,3.71227435e+13,1083
